-- m_supplier 테이블 데이터 삽입
INSERT INTO SUPPLIER (SUPPLIER_CODE, SUPPLIER_NAME, SUPPLIER_ADDRESS, SUPPLIER_PHONE, SUPPLIER_EMAIL, SUPPLIER_STATUS) VALUES
('HK', '하만카돈', '서울특별시 강남구 테헤란로 87', '02-567-8901', 'sales@harmankardon.co.kr', 'ACTIVE'),
('BO', '뱅엔울룹슨', '서울특별시 서초구 사임당로 34', '02-345-6789', 'support@bangolufsen.co.kr', 'ACTIVE'),
('MS', '마샬', '서울특별시 용산구 한강대로 42', '02-789-4567', 'info@marshallkorea.co.kr', 'ACTIVE'),
('BS', '보스', '서울특별시 종로구 삼봉로 71', '02-890-1234', 'contact@boseaudio.co.kr', 'ACTIVE'),
('GR', '제네렉', '서울특별시 마포구 상암산로 38', '02-456-7890', 'service@genelecsound.co.kr', 'ACTIVE');

-- m_item 테이블 데이터 삽입
INSERT INTO ITEM (ITEM_CODE, ITEM_NAME, UNIT, SPECS, ITEM_STATUS, CREATED_AT, MODIFIED_AT) VALUES
('SPKAURAS4BK', 'AURA STUDIO 4', 'EA', '블루투스 스피커, 360도 사운드, 2.5cm 트위터, 4.5인치 서브우퍼, 듀얼 패시브 라디에이터', 'ON_SALE', CURRENT_TIMESTAMP, CURRENT_TIMESTAMP),
('SPKSTICKS4BK', 'SOUND STICKS 4', 'EA', '2.1채널 블루투스 스피커, 유선/무선 연결 지원, 20Hz-20kHz 주파수 응답, 8인치 서브우퍼', 'ON_SALE', CURRENT_TIMESTAMP, CURRENT_TIMESTAMP),
('HADRADIANCE2400BK', 'RADIANCE 2400', 'SET', '고해상도 홈 오디오 시스템, 24비트/96kHz 해상도, 무선 서브우퍼 포함, 2000W 출력', 'ON_SALE', CURRENT_TIMESTAMP, CURRENT_TIMESTAMP),
('SDBCITAMB110GRAYS', 'CITATION MULTIBEAM 1100', 'EA', '5.1채널 사운드바, 멀티빔 서라운드, 돌비 애트모스, HDMI ARC 지원, 590W 출력', 'ON_SALE', CURRENT_TIMESTAMP, CURRENT_TIMESTAMP),
('SPKBESOUNDA9', 'BEOSOUND A9', 'EA', '프리미엄 무선 스피커, 구글 어시스턴트 내장, 360도 사운드, 480W 출력, Wi-Fi 및 블루투스 지원', 'ON_SALE', CURRENT_TIMESTAMP, CURRENT_TIMESTAMP),
('SPKBESOUNDA5', 'BEOSOUND A5', 'EA', '휴대용 블루투스 스피커, 180도 사운드, 24시간 배터리 수명, 240W 출력', 'ON_SALE', CURRENT_TIMESTAMP, CURRENT_TIMESTAMP),
('SPKBESOUNDBALANCE', 'BEOSOUND BALANCE', 'EA', '스마트 홈 스피커, 구글 어시스턴트 및 애플 에어플레이 2 지원, 880W 출력', 'ON_SALE', CURRENT_TIMESTAMP, CURRENT_TIMESTAMP),
('SPKBESOUNDEMERGE', 'BEOSOUND EMERGE', 'EA', '콤팩트 스마트 스피커, Wi-Fi 및 블루투스 지원, 180W 출력, 구글 어시스턴트 내장', 'ON_SALE', CURRENT_TIMESTAMP, CURRENT_TIMESTAMP),
('HDSBEPLAYEX', 'BEOPLAY EX', 'EA', '무선 이어폰, 액티브 노이즈 캔슬링(ANC), 최대 35시간 재생, IP57 방수/방진', 'ON_SALE', CURRENT_TIMESTAMP, CURRENT_TIMESTAMP),
('HDSBEPLAYHX', 'BEOPLAY HX', 'EA', '무선 헤드폰, 액티브 노이즈 캔슬링(ANC), 최대 35시간 재생, 40mm 드라이버, 가죽 이어패드', 'ON_SALE', CURRENT_TIMESTAMP, CURRENT_TIMESTAMP),
('HDSBEPLAYH95', 'BEOPLAY H95', 'EA', '프리미엄 무선 헤드폰, 액티브 노이즈 캔슬링(ANC), 최대 38시간 재생, 티타늄 드라이버', 'ON_SALE', CURRENT_TIMESTAMP, CURRENT_TIMESTAMP),
('SPKACTON3', 'ACTON 3', 'EA', '블루투스 스피커, 3.5인치 우퍼, 2개의 0.75인치 트위터, 30W 출력, 블루투스 5.0', 'ON_SALE', CURRENT_TIMESTAMP, CURRENT_TIMESTAMP),
('SPKEMBERTON2', 'EMBERTON 2', 'EA', '휴대용 블루투스 스피커, 20시간 배터리, IP67 방수/방진, 블루투스 5.0, 10W 출력', 'ON_SALE', CURRENT_TIMESTAMP, CURRENT_TIMESTAMP),
('SPKWOBURN3', 'WOBURN 3', 'EA', '대형 블루투스 스피커, 50W 출력, 듀얼 우퍼 및 트위터, RCA 입력 및 3.5mm 잭 지원', 'ON_SALE', CURRENT_TIMESTAMP, CURRENT_TIMESTAMP),
('SPKSTANMORE3', 'STANMORE 3', 'EA', '클래식 블루투스 스피커, 2개의 15W 트위터, 50W 서브우퍼, RCA 및 3.5mm 잭 지원', 'ON_SALE', CURRENT_TIMESTAMP, CURRENT_TIMESTAMP),
('HDSMONITOR2ANC', 'MONITOR 2 ANC', 'EA', '무선 헤드폰, 액티브 노이즈 캔슬링(ANC), 최대 45시간 재생, 폴딩 디자인', 'ON_SALE', CURRENT_TIMESTAMP, CURRENT_TIMESTAMP),
('HDSMAJORV', 'MAJOR V', 'EA', '블루투스 헤드폰, 최대 30시간 재생, IPX4 방수 등급, 유선 연결 가능', 'ON_SALE', CURRENT_TIMESTAMP, CURRENT_TIMESTAMP),
('SPKREVOLVEPLUS2', 'REVOLVE+ 2', 'EA', '360도 사운드 포터블 스피커, 17시간 배터리, IP55 방수/방진, 블루투스 5.1', 'ON_SALE', CURRENT_TIMESTAMP, CURRENT_TIMESTAMP),
('SPKMAXPORTABLE', 'MAX PORTABLE', 'EA', '포터블 스피커, 20시간 배터리, IP67 방수/방진, 저음 강조 기능, 블루투스 5.0', 'ON_SALE', CURRENT_TIMESTAMP, CURRENT_TIMESTAMP),
('HDSQCULTRA', 'QC ULTRA', 'EA', '무선 헤드폰, 액티브 노이즈 캔슬링(ANC), 최대 24시간 재생, 블루투스 5.1', 'ON_SALE', CURRENT_TIMESTAMP, CURRENT_TIMESTAMP),
('HDSQC45', 'QC 45', 'EA', '무선 헤드폰, 액티브 노이즈 캔슬링(ANC), 최대 24시간 재생, 블루투스 5.0', 'ON_SALE', CURRENT_TIMESTAMP, CURRENT_TIMESTAMP),
('SPK8361A', '8361AW', 'EA', '스튜디오 모니터 스피커, 트라이앰프 디자인, 10인치 우퍼, 150W 출력, 36Hz-20kHz 응답', 'ON_SALE', CURRENT_TIMESTAMP, CURRENT_TIMESTAMP),
('SPK8050B', '8050B', 'EA', '스튜디오 모니터 스피커, 8인치 우퍼, 150W 출력, 35Hz-20kHz 응답', 'ON_SALE', CURRENT_TIMESTAMP, CURRENT_TIMESTAMP);

-- m_purchase_price 테이블 데이터 삽입
INSERT INTO PURCHASE_PRICE (SUPPLIER_CODE, ITEM_CODE, PURCHASE_AMOUNT, RECEIPT_DATE, STOCK_QUANTITY) VALUES
('HK', 'SPKAURAS4BK', 289000, '2023-09-01 10:00:00', 100),
('HK', 'SPKSTICKS4BK', 399000, '2023-09-05 14:00:00', 80),
('HK', 'HADRADIANCE2400BK', 5700000, '2023-08-20 11:30:00', 20),
('HK', 'SDBCITAMB110GRAYS', 1050000, '2023-07-25 09:45:00', 30),
('BO', 'SPKBESOUNDA9', 4790000, '2023-09-10 13:00:00', 50),
('BO', 'SPKBESOUNDA5', 1690000, '2023-08-15 15:20:00', 70),
('BO', 'SPKBESOUNDBALANCE', 4290000, '2023-07-30 16:00:00', 40),
('BO', 'SPKBESOUNDEMERGE', 1250000, '2023-08-10 12:00:00', 60),
('BO', 'HDSBEPLAYEX', 459000, '2023-09-01 10:00:00', 120),
('BO', 'HDSBEPLAYHX', 759000, '2023-09-15 11:00:00', 90),
('BO', 'HDSBEPLAYH95', 1390000, '2023-08-25 09:00:00', 40),
('MS', 'SPKACTON3', 479000, '2023-08-10 13:30:00', 100),
('MS', 'SPKEMBERTON2', 289000, '2023-09-05 12:45:00', 110),
('MS', 'SPKWOBURN3', 989000, '2023-08-20 14:15:00', 70),
('MS', 'SPKSTANMORE3', 679000, '2023-09-15 15:30:00', 90),
('MS', 'HDSMONITOR2ANC', 409000, '2023-09-01 11:00:00', 100),
('MS', 'HDSMAJORV', 180000, '2023-09-20 10:30:00', 150),
('BS', 'SPKREVOLVEPLUS2', 359000, '2023-08-25 12:00:00', 100),
('BS', 'SPKMAXPORTABLE', 479000, '2023-07-30 14:00:00', 90),
('BS', 'HDSQCULTRA', 459000, '2023-09-05 13:30:00', 120),
('BS', 'HDSQC45', 319000, '2023-09-10 14:30:00', 110),
('GR', 'SPK8361A', 9800000, '2023-08-15 09:45:00', 10),
('GR', 'SPK8050B', 3590000, '2023-09-05 10:00:00', 30);

-- m_customer 테이블 데이터 삽입
INSERT INTO CUSTOMER (CUSTOMER_CODE, CUSTOMER_NAME, MANAGER, CUSTOMER_ADDRESS, CUSTOMER_PHONE, CUSTOMER_EMAIL, CUSTOMER_STATUS, CREATED_AT, MODIFIED_AT) VALUES
('HM', '하이마트', '서준호', '서울특별시 강남구 테헤란로 12', '02-3012-4567', 'sejun.ho@himart.co.kr', 'ACTIVE', CURRENT_TIMESTAMP, CURRENT_TIMESTAMP),
('EM', '일렉트로마트', '이서연', '서울특별시 송파구 올림픽로 25', '02-5112-3421', 'seoyeon.lee@electromart.co.kr', 'ACTIVE', CURRENT_TIMESTAMP, CURRENT_TIMESTAMP),
('BS', '비케이사운드', '김지후', '서울특별시 마포구 상암동 45', '02-6789-1234', 'jihu.kim@bksound.co.kr', 'ACTIVE', CURRENT_TIMESTAMP, CURRENT_TIMESTAMP),
('MS', '몬스터사운드', '정하윤', '서울특별시 서초구 사임당로 23', '02-7812-2345', 'hayun.jung@monstersound.co.kr', 'ACTIVE', CURRENT_TIMESTAMP, CURRENT_TIMESTAMP),
('SS', '소리샵', '최민서', '서울특별시 용산구 한강대로 88', '02-9321-8765', 'minseo.choi@sorishop.co.kr', 'ACTIVE', CURRENT_TIMESTAMP, CURRENT_TIMESTAMP);

-- m_sales_price 테이블 데이터 삽입
INSERT INTO SALES_PRICE (ITEM_CODE, CUSTOMER_CODE, SALES_AMOUNT, START_DATE, END_DATE) VALUES
('SPKAURAS4BK', 'HM', 339000, '2023-09-01', '9999-12-31'),
('SPKAURAS4BK', 'EM', 329000, '2023-09-01', '9999-12-31'),
('SPKSTICKS4BK', 'HM', 459000, '2023-09-01', '9999-12-31'),
('SPKSTICKS4BK', 'BS', 449000, '2023-09-01', '9999-12-31'),
('HADRADIANCE2400BK', 'SS', 6190000, '2023-09-01', '9999-12-31'),
('HADRADIANCE2400BK', 'EM', 6090000, '2023-09-01', '9999-12-31'),
('SDBCITAMB110GRAYS', 'MS', 1150000, '2023-09-01', '9999-12-31'),
('SDBCITAMB110GRAYS', 'HM', 1199000, '2023-09-01', '9999-12-31'),
('SPKBESOUNDA9', 'SS', 5399000, '2023-09-01', '9999-12-31'),
('SPKBESOUNDA9', 'EM', 5299000, '2023-09-01', '9999-12-31'),
('SPKBESOUNDA5', 'BS', 1899000, '2023-09-01', '9999-12-31'),
('SPKBESOUNDA5', 'HM', 1799000, '2023-09-01', '9999-12-31'),
('SPKBESOUNDBALANCE', 'MS', 4799000, '2023-09-01', '9999-12-31'),
('SPKBESOUNDBALANCE', 'SS', 4699000, '2023-09-01', '9999-12-31'),
('SPKBESOUNDEMERGE', 'BS', 1299000, '2023-09-01', '9999-12-31'),
('SPKBESOUNDEMERGE', 'EM', 1279000, '2023-09-01', '9999-12-31'),
('HDSBEPLAYEX', 'HM', 509000, '2023-09-01', '9999-12-31'),
('HDSBEPLAYEX', 'MS', 499000, '2023-09-01', '9999-12-31'),
('HDSBEPLAYHX', 'EM', 819000, '2023-09-01', '9999-12-31'),
('HDSBEPLAYHX', 'SS', 809000, '2023-09-01', '9999-12-31'),
('SPKWOBURN3', 'MS', 1115000, '2023-09-01', '9999-12-31'),
('SPKWOBURN3', 'HM', 1065000, '2023-09-01', '9999-12-31'),
('SPKSTANMORE3', 'BS', 759000, '2023-09-01', '9999-12-31');


-- t_member 테이블 데이터 삽입
INSERT INTO MEMBER (MEMBER_ID, MEMBER_NAME, PASSWORD, POSITION, DEPARTMENT, MEMBER_STATUS) VALUES
('SLS001', '은하늘', '{bcrypt}$2b$12$xj.fPghO59mXgqQHQ91WSOC2VIcNSYlx1C/aJDTbUcXEjDzWkRdJW', '팀장', '영업4팀', 'ACTIVE'),
('SLS002', '박원일', '{bcrypt}$2b$12$FXzdhsipwWq7SH1shJgIXuBLF2x8HrkKAHiVtBExejgwsJBp5TcFW', '사원', '영업4팀', 'ACTIVE'),
('SLS003', '고경범', '{bcrypt}$2b$12$rtb5g6wdJfJ64My3BdwXsecJRTVJIvEPRINgPZb2vEM.s/tN4gkbm', '사원', '영업4팀', 'ACTIVE'),
('SLS004', '황해진', '{bcrypt}$2b$12$r6jVgPJ8nF8PjsCe.cOpIeMI5rDem.dFtboS0elja1Lkph6qASEL2', '사원', '영업4팀', 'ACTIVE'),
('SLS005', '옥성민', '{bcrypt}$2b$12$PHIB4XXYHRFSc/ge05/VVOTZge.mx0yp6XBoYcEuUXopQQrtpEsSS', '사원', '영업4팀', 'ACTIVE');

-- t_member_permissions 테이블 데이터 삽입
INSERT INTO MEMBER_PERMISSIONS (MEMBER_MEMBER_ID, PERMISSIONS) VALUES
('SLS001', 'TL'),
('SLS001', 'TM'),
('SLS002', 'TM'),
('SLS003', 'TM'),
('SLS004', 'TM'),
('SLS005', 'TM');

INSERT INTO ORDER_HEADER (ORDER_HEADER_ID, CUSTOMER_CODE, MEMBER_ID, ORDER_DATE, ACCEPT_DATE, ORDER_HEADER_STATUS) VALUES
('230901444282', 'BS', 'SLS003', '2023-09-02', '2023-09-03', 'ACCEPT'),
('230902895287', 'MS', 'SLS004', '2023-09-02', '2023-09-03', 'ACCEPT'),
('230903911348', 'HM', 'SLS001', '2023-09-01', '2023-09-02', 'ACCEPT'),
('230904817641', 'SS', 'SLS005', '2023-09-03', '2023-09-04', 'ACCEPT'),
('230905370913', 'MS', 'SLS004', '2023-09-02', '2023-09-03', 'ACCEPT'),
('230906226552', 'MS', 'SLS004', '2023-09-02', '2023-09-03', 'ACCEPT'),
('230907517707', 'SS', 'SLS005', '2023-09-03', '2023-09-04', 'ACCEPT'),
('230908559179', 'BS', 'SLS003', '2023-09-02', '2023-09-03', 'ACCEPT'),
('230909638813', 'MS', 'SLS004', '2023-09-02', '2023-09-03', 'ACCEPT'),
('230910551522', 'EM', 'SLS002', '2023-09-01', '2023-09-02', 'ACCEPT'),
('230911877050', 'BS', 'SLS003', '2023-09-02', '2023-09-03', 'ACCEPT'),
('230912752061', 'HM', 'SLS001', '2023-09-01', '2023-09-02', 'ACCEPT'),
('230913410893', 'BS', 'SLS003', '2023-09-02', '2023-09-03', 'ACCEPT'),
('230914318107', 'EM', 'SLS002', '2023-09-01', '2023-09-02', 'ACCEPT'),
('230915829613', 'HM', 'SLS001', '2023-09-01', '2023-09-02', 'ACCEPT'),
('230916818903', 'HM', 'SLS001', '2023-09-01', '2023-09-02', 'ACCEPT'),
('230917239592', 'EM', 'SLS002', '2023-09-01', '2023-09-02', 'ACCEPT'),
('230918269114', 'MS', 'SLS004', '2023-09-02', '2023-09-03', 'ACCEPT'),
('230919275795', 'EM', 'SLS002', '2023-09-01', '2023-09-02', 'ACCEPT'),
('230920999939', 'EM', 'SLS002', '2023-09-01', '2023-09-02', 'ACCEPT'),
('230921602592', 'BS', 'SLS003', '2023-09-02', '2023-09-03', 'ACCEPT'),
('230922393313', 'BS', 'SLS003', '2023-09-02', '2023-09-03', 'ACCEPT'),
('230923789276', 'HM', 'SLS001', '2023-09-01', '2023-09-02', 'ACCEPT'),
('230924621134', 'MS', 'SLS004', '2023-09-02', '2023-09-03', 'ACCEPT'),
('230925692088', 'HM', 'SLS001', '2023-09-01', '2023-09-02', 'ACCEPT'),
('230926902723', 'HM', 'SLS001', '2023-09-01', '2023-09-02', 'ACCEPT'),
('230927780795', 'BS', 'SLS003', '2023-09-02', '2023-09-03', 'ACCEPT'),
('230928900442', 'HM', 'SLS001', '2023-09-01', '2023-09-02', 'ACCEPT'),
('230929889431', 'EM', 'SLS002', '2023-09-01', '2023-09-02', 'ACCEPT'),
('230930497121', 'SS', 'SLS005', '2023-09-03', '2023-09-04', 'ACCEPT'),
('231001569784', 'HM', 'SLS001', '2023-09-01', '2023-09-02', 'ACCEPT'),
('231002331332', 'HM', 'SLS001', '2023-09-01', '2023-09-02', 'ACCEPT'),
('231003301459', 'EM', 'SLS002', '2023-09-01', '2023-09-02', 'ACCEPT'),
('231004682386', 'MS', 'SLS004', '2023-09-02', '2023-09-03', 'ACCEPT'),
('231005622189', 'BS', 'SLS003', '2023-09-02', '2023-09-03', 'ACCEPT'),
('231006287398', 'MS', 'SLS004', '2023-09-02', '2023-09-03', 'ACCEPT'),
('231007541441', 'MS', 'SLS004', '2023-09-02', '2023-09-03', 'ACCEPT'),
('231008639420', 'MS', 'SLS004', '2023-09-02', '2023-09-03', 'ACCEPT'),
('231009467052', 'MS', 'SLS004', '2023-09-02', '2023-09-03', 'ACCEPT'),
('231010851316', 'HM', 'SLS001', '2023-09-01', '2023-09-02', 'ACCEPT'),
('231011712818', 'EM', 'SLS002', '2023-09-01', '2023-09-02', 'ACCEPT'),
('231012299482', 'HM', 'SLS001', '2023-09-01', '2023-09-02', 'ACCEPT'),
('231013150361', 'BS', 'SLS003', '2023-09-02', '2023-09-03', 'ACCEPT'),
('231014814390', 'EM', 'SLS002', '2023-09-01', '2023-09-02', 'ACCEPT'),
('231015842213', 'BS', 'SLS003', '2023-09-02', '2023-09-03', 'ACCEPT'),
('231016802918', 'BS', 'SLS003', '2023-09-02', '2023-09-03', 'ACCEPT'),
('231017745205', 'SS', 'SLS005', '2023-09-03', '2023-09-04', 'ACCEPT'),
('231018501546', 'BS', 'SLS003', '2023-09-02', '2023-09-03', 'ACCEPT'),
('231019906503', 'BS', 'SLS003', '2023-09-02', '2023-09-03', 'ACCEPT'),
('231020791183', 'BS', 'SLS003', '2023-09-02', '2023-09-03', 'ACCEPT'),
('231021418428', 'BS', 'SLS003', '2023-09-02', '2023-09-03', 'ACCEPT'),
('231022469178', 'MS', 'SLS004', '2023-09-02', '2023-09-03', 'ACCEPT'),
('231023129525', 'MS', 'SLS004', '2023-09-02', '2023-09-03', 'ACCEPT'),
('231024763847', 'HM', 'SLS001', '2023-09-01', '2023-09-02', 'ACCEPT'),
('231025350515', 'MS', 'SLS004', '2023-09-02', '2023-09-03', 'ACCEPT'),
('231026520945', 'HM', 'SLS001', '2023-09-01', '2023-09-02', 'ACCEPT'),
('231027398488', 'EM', 'SLS002', '2023-09-01', '2023-09-02', 'ACCEPT'),
('231028709886', 'HM', 'SLS001', '2023-09-01', '2023-09-02', 'ACCEPT'),
('231029351252', 'EM', 'SLS002', '2023-09-01', '2023-09-02', 'ACCEPT'),
('231030940940', 'SS', 'SLS005', '2023-09-03', '2023-09-04', 'ACCEPT'),
('231031738215', 'SS', 'SLS005', '2023-09-03', '2023-09-04', 'ACCEPT'),
('231101728152', 'SS', 'SLS005', '2023-09-03', '2023-09-04', 'ACCEPT'),
('231102915344', 'BS', 'SLS003', '2023-09-02', '2023-09-03', 'ACCEPT'),
('231103589536', 'BS', 'SLS003', '2023-09-02', '2023-09-03', 'ACCEPT'),
('231104718513', 'MS', 'SLS004', '2023-09-02', '2023-09-03', 'ACCEPT'),
('231105573153', 'BS', 'SLS003', '2023-09-02', '2023-09-03', 'ACCEPT'),
('231106852171', 'EM', 'SLS002', '2023-09-01', '2023-09-02', 'ACCEPT'),
('231107585600', 'SS', 'SLS005', '2023-09-03', '2023-09-04', 'ACCEPT'),
('231108807671', 'SS', 'SLS005', '2023-09-03', '2023-09-04', 'ACCEPT'),
('231109374066', 'EM', 'SLS002', '2023-09-01', '2023-09-02', 'ACCEPT'),
('231110859351', 'MS', 'SLS004', '2023-09-02', '2023-09-03', 'ACCEPT'),
('231111946048', 'MS', 'SLS004', '2023-09-02', '2023-09-03', 'ACCEPT'),
('231112874572', 'SS', 'SLS005', '2023-09-03', '2023-09-04', 'ACCEPT'),
('231113620996', 'HM', 'SLS001', '2023-09-01', '2023-09-02', 'ACCEPT'),
('231114788992', 'HM', 'SLS001', '2023-09-01', '2023-09-02', 'ACCEPT'),
('231115245338', 'SS', 'SLS005', '2023-09-03', '2023-09-04', 'ACCEPT'),
('231116765285', 'MS', 'SLS004', '2023-09-02', '2023-09-03', 'ACCEPT'),
('231117959293', 'BS', 'SLS003', '2023-09-02', '2023-09-03', 'ACCEPT'),
('231118734701', 'HM', 'SLS001', '2023-09-01', '2023-09-02', 'ACCEPT'),
('231119920387', 'SS', 'SLS005', '2023-09-03', '2023-09-04', 'ACCEPT'),
('231120630891', 'HM', 'SLS001', '2023-09-01', '2023-09-02', 'ACCEPT'),
('231121811561', 'BS', 'SLS003', '2023-09-02', '2023-09-03', 'ACCEPT'),
('231122766874', 'HM', 'SLS001', '2023-09-01', '2023-09-02', 'ACCEPT'),
('231123220375', 'BS', 'SLS003', '2023-09-02', '2023-09-03', 'ACCEPT'),
('231124171069', 'HM', 'SLS001', '2023-09-01', '2023-09-02', 'ACCEPT'),
('231125744766', 'HM', 'SLS001', '2023-09-01', '2023-09-02', 'ACCEPT'),
('231126929842', 'HM', 'SLS001', '2023-09-01', '2023-09-02', 'ACCEPT'),
('231127894219', 'MS', 'SLS004', '2023-09-02', '2023-09-03', 'ACCEPT'),
('231128289669', 'MS', 'SLS004', '2023-09-02', '2023-09-03', 'ACCEPT'),
('231129212890', 'MS', 'SLS004', '2023-09-02', '2023-09-03', 'ACCEPT'),
('231130206558', 'SS', 'SLS005', '2023-09-03', '2023-09-04', 'ACCEPT'),
('231201968512', 'MS', 'SLS004', '2023-09-02', '2023-09-03', 'ACCEPT'),
('231202286880', 'BS', 'SLS003', '2023-09-02', '2023-09-03', 'ACCEPT'),
('231203191880', 'EM', 'SLS002', '2023-09-01', '2023-09-02', 'ACCEPT'),
('231204243059', 'BS', 'SLS003', '2023-09-02', '2023-09-03', 'ACCEPT'),
('231205296875', 'HM', 'SLS001', '2023-09-01', '2023-09-02', 'ACCEPT'),
('231206478685', 'EM', 'SLS002', '2023-09-01', '2023-09-02', 'ACCEPT'),
('231207459566', 'HM', 'SLS001', '2023-09-01', '2023-09-02', 'ACCEPT'),
('231208848253', 'BS', 'SLS003', '2023-09-02', '2023-09-03', 'ACCEPT'),
('231209135417', 'MS', 'SLS004', '2023-09-02', '2023-09-03', 'ACCEPT'),
('231210910649', 'MS', 'SLS004', '2023-09-02', '2023-09-03', 'ACCEPT'),
('231211915647', 'MS', 'SLS004', '2023-09-02', '2023-09-03', 'ACCEPT'),
('231212755645', 'SS', 'SLS005', '2023-09-03', '2023-09-04', 'ACCEPT'),
('231213887060', 'EM', 'SLS002', '2023-09-01', '2023-09-02', 'ACCEPT'),
('231214471846', 'HM', 'SLS001', '2023-09-01', '2023-09-02', 'ACCEPT'),
('231215150446', 'HM', 'SLS001', '2023-09-01', '2023-09-02', 'ACCEPT'),
('231216821293', 'HM', 'SLS001', '2023-09-01', '2023-09-02', 'ACCEPT'),
('231217486828', 'HM', 'SLS001', '2023-09-01', '2023-09-02', 'ACCEPT'),
('231218258095', 'MS', 'SLS004', '2023-09-02', '2023-09-03', 'ACCEPT'),
('231219505515', 'MS', 'SLS004', '2023-09-02', '2023-09-03', 'ACCEPT'),
('231220546390', 'HM', 'SLS001', '2023-09-01', '2023-09-02', 'ACCEPT'),
('231221770037', 'EM', 'SLS002', '2023-09-01', '2023-09-02', 'ACCEPT'),
('231222892090', 'BS', 'SLS003', '2023-09-02', '2023-09-03', 'ACCEPT'),
('231223231539', 'SS', 'SLS005', '2023-09-03', '2023-09-04', 'ACCEPT'),
('231224956871', 'HM', 'SLS001', '2023-09-01', '2023-09-02', 'ACCEPT'),
('231225731562', 'BS', 'SLS003', '2023-09-02', '2023-09-03', 'ACCEPT'),
('231226901720', 'BS', 'SLS003', '2023-09-02', '2023-09-03', 'ACCEPT'),
('231227319717', 'SS', 'SLS005', '2023-09-03', '2023-09-04', 'ACCEPT'),
('231228766758', 'BS', 'SLS003', '2023-09-02', '2023-09-03', 'ACCEPT'),
('231229260333', 'EM', 'SLS002', '2023-09-01', '2023-09-02', 'ACCEPT'),
('231230304692', 'HM', 'SLS001', '2023-09-01', '2023-09-02', 'ACCEPT'),
('231231236690', 'SS', 'SLS005', '2023-09-03', '2023-09-04', 'ACCEPT'),
('240101986359', 'MS', 'SLS004', '2023-09-02', '2023-09-03', 'ACCEPT'),
('240102833281', 'EM', 'SLS002', '2023-09-01', '2023-09-02', 'ACCEPT'),
('240103840253', 'EM', 'SLS002', '2023-09-01', '2023-09-02', 'ACCEPT'),
('240104199026', 'MS', 'SLS004', '2023-09-02', '2023-09-03', 'ACCEPT'),
('240105717529', 'MS', 'SLS004', '2023-09-02', '2023-09-03', 'ACCEPT'),
('240106583619', 'SS', 'SLS005', '2023-09-03', '2023-09-04', 'ACCEPT'),
('240107616205', 'HM', 'SLS001', '2023-09-01', '2023-09-02', 'ACCEPT'),
('240108379783', 'SS', 'SLS005', '2023-09-03', '2023-09-04', 'ACCEPT'),
('240109570570', 'MS', 'SLS004', '2023-09-02', '2023-09-03', 'ACCEPT'),
('240110406250', 'EM', 'SLS002', '2023-09-01', '2023-09-02', 'ACCEPT'),
('240111632308', 'BS', 'SLS003', '2023-09-02', '2023-09-03', 'ACCEPT'),
('240112818044', 'HM', 'SLS001', '2023-09-01', '2023-09-02', 'ACCEPT'),
('240113257443', 'BS', 'SLS003', '2023-09-02', '2023-09-03', 'ACCEPT'),
('240114242456', 'SS', 'SLS005', '2023-09-03', '2023-09-04', 'ACCEPT'),
('240115688705', 'MS', 'SLS004', '2023-09-02', '2023-09-03', 'ACCEPT'),
('240116719354', 'MS', 'SLS004', '2023-09-02', '2023-09-03', 'ACCEPT'),
('240117591534', 'SS', 'SLS005', '2023-09-03', '2023-09-04', 'ACCEPT'),
('240118986769', 'SS', 'SLS005', '2023-09-03', '2023-09-04', 'ACCEPT'),
('240119522493', 'HM', 'SLS001', '2023-09-01', '2023-09-02', 'ACCEPT'),
('240120523669', 'HM', 'SLS001', '2023-09-01', '2023-09-02', 'ACCEPT'),
('240121525077', 'SS', 'SLS005', '2023-09-03', '2023-09-04', 'ACCEPT'),
('240122571227', 'SS', 'SLS005', '2023-09-03', '2023-09-04', 'ACCEPT'),
('240123614252', 'BS', 'SLS003', '2023-09-02', '2023-09-03', 'ACCEPT'),
('240124669098', 'SS', 'SLS005', '2023-09-03', '2023-09-04', 'ACCEPT'),
('240125283171', 'EM', 'SLS002', '2023-09-01', '2023-09-02', 'ACCEPT'),
('240126388270', 'MS', 'SLS004', '2023-09-02', '2023-09-03', 'ACCEPT'),
('240127604611', 'SS', 'SLS005', '2023-09-03', '2023-09-04', 'ACCEPT'),
('240128597829', 'SS', 'SLS005', '2023-09-03', '2023-09-04', 'ACCEPT'),
('240129496600', 'MS', 'SLS004', '2023-09-02', '2023-09-03', 'ACCEPT'),
('240130621898', 'EM', 'SLS002', '2023-09-01', '2023-09-02', 'ACCEPT'),
('240131163681', 'EM', 'SLS002', '2023-09-01', '2023-09-02', 'ACCEPT'),
('240201943029', 'MS', 'SLS004', '2023-09-02', '2023-09-03', 'ACCEPT'),
('240202143966', 'BS', 'SLS003', '2023-09-02', '2023-09-03', 'ACCEPT'),
('240203977217', 'EM', 'SLS002', '2023-09-01', '2023-09-02', 'ACCEPT'),
('240204951185', 'MS', 'SLS004', '2023-09-02', '2023-09-03', 'ACCEPT'),
('240205806791', 'SS', 'SLS005', '2023-09-03', '2023-09-04', 'ACCEPT'),
('240206486604', 'BS', 'SLS003', '2023-09-02', '2023-09-03', 'ACCEPT'),
('240207393599', 'MS', 'SLS004', '2023-09-02', '2023-09-03', 'ACCEPT'),
('240208724055', 'HM', 'SLS001', '2023-09-01', '2023-09-02', 'ACCEPT'),
('240209764043', 'SS', 'SLS005', '2023-09-03', '2023-09-04', 'ACCEPT'),
('240210836879', 'MS', 'SLS004', '2023-09-02', '2023-09-03', 'ACCEPT'),
('240211470378', 'BS', 'SLS003', '2023-09-02', '2023-09-03', 'ACCEPT'),
('240212119756', 'BS', 'SLS003', '2023-09-02', '2023-09-03', 'ACCEPT'),
('240213341765', 'BS', 'SLS003', '2023-09-02', '2023-09-03', 'ACCEPT'),
('240214559626', 'SS', 'SLS005', '2023-09-03', '2023-09-04', 'ACCEPT'),
('240215619808', 'BS', 'SLS003', '2023-09-02', '2023-09-03', 'ACCEPT'),
('240216894602', 'MS', 'SLS004', '2023-09-02', '2023-09-03', 'ACCEPT'),
('240217760518', 'MS', 'SLS004', '2023-09-02', '2023-09-03', 'ACCEPT'),
('240218685084', 'MS', 'SLS004', '2023-09-02', '2023-09-03', 'ACCEPT'),
('240219496290', 'SS', 'SLS005', '2023-09-03', '2023-09-04', 'ACCEPT'),
('240220758996', 'HM', 'SLS001', '2023-09-01', '2023-09-02', 'ACCEPT'),
('240221165731', 'BS', 'SLS003', '2023-09-02', '2023-09-03', 'ACCEPT'),
('240222916279', 'MS', 'SLS004', '2023-09-02', '2023-09-03', 'ACCEPT'),
('240223676385', 'EM', 'SLS002', '2023-09-01', '2023-09-02', 'ACCEPT'),
('240224807320', 'BS', 'SLS003', '2023-09-02', '2023-09-03', 'ACCEPT'),
('240225493855', 'BS', 'SLS003', '2023-09-02', '2023-09-03', 'ACCEPT'),
('240226170914', 'EM', 'SLS002', '2023-09-01', '2023-09-02', 'ACCEPT'),
('240227818387', 'MS', 'SLS004', '2023-09-02', '2023-09-03', 'ACCEPT'),
('240228765130', 'BS', 'SLS003', '2023-09-02', '2023-09-03', 'ACCEPT'),
('240229472895', 'EM', 'SLS002', '2023-09-01', '2023-09-02', 'ACCEPT'),
('240301711651', 'EM', 'SLS002', '2023-09-01', '2023-09-02', 'ACCEPT'),
('240302200289', 'MS', 'SLS004', '2023-09-02', '2023-09-03', 'ACCEPT');

INSERT INTO ORDER_ITEM (ORDER_HEADER_ID, ITEM_CODE, ORDER_ITEM_QUANTITY, PURCHASE_AMOUNT, SALES_AMOUNT, MARGIN_RATE, MARGIN_AMOUNT, FINAL_AMOUNT, REQUEST_DATE) VALUES
('230901444282', 'SPKAURAS4BK', 2, 289000, 339000, 10, 28900, 678000, '2023-09-01'),
('230901444282', 'SPKSTICKS4BK', 3, 399000, 459000, 12, 47880, 1377000, '2023-09-01'),
('230902895287', 'SPKAURAS4BK', 2, 289000, 339000, 10, 28900, 678000, '2023-09-01'),
('230902895287', 'SPKBESOUNDA9', 3, 4790000, 5399000, 12, 574800, 16197000, '2023-09-01'),
('230903911348', 'SPKACTON3', 2, 479000, 589000, 15, 71850, 1178000, '2023-09-01'),
('230903911348', 'SPKBESOUNDA9', 3, 4790000, 5399000, 12, 574800, 16197000, '2023-09-01'),
('230904817641', 'SPKBESOUNDA9', 3, 4790000, 5399000, 12, 574800, 16197000, '2023-09-01'),
('230904817641', 'SPKACTON3', 2, 479000, 589000, 15, 71850, 1178000, '2023-09-01'),
('230905370913', 'SPKAURAS4BK', 2, 289000, 339000, 10, 28900, 678000, '2023-09-01'),
('230905370913', 'SPKACTON3', 2, 479000, 589000, 15, 71850, 1178000, '2023-09-01'),
('230906226552', 'SPKACTON3', 2, 479000, 589000, 15, 71850, 1178000, '2023-09-01'),
('230906226552', 'SPKBESOUNDA9', 3, 4790000, 5399000, 12, 574800, 16197000, '2023-09-01'),
('230907517707', 'SPKACTON3', 2, 479000, 589000, 15, 71850, 1178000, '2023-09-01'),
('230907517707', 'SPKAURAS4BK', 2, 289000, 339000, 10, 28900, 678000, '2023-09-01'),
('230908559179', 'SPKAURAS4BK', 2, 289000, 339000, 10, 28900, 678000, '2023-09-01'),
('230908559179', 'SPKACTON3', 2, 479000, 589000, 15, 71850, 1178000, '2023-09-01'),
('230909638813', 'SPKACTON3', 2, 479000, 589000, 15, 71850, 1178000, '2023-09-01'),
('230909638813', 'SPKBESOUNDA9', 3, 4790000, 5399000, 12, 574800, 16197000, '2023-09-01'),
('230910551522', 'SPKACTON3', 2, 479000, 589000, 15, 71850, 1178000, '2023-09-01'),
('230910551522', 'SPKSTICKS4BK', 3, 399000, 459000, 12, 47880, 1377000, '2023-09-01'),
('230911877050', 'SPKBESOUNDA9', 3, 4790000, 5399000, 12, 574800, 16197000, '2023-09-01'),
('230911877050', 'SPKACTON3', 2, 479000, 589000, 15, 71850, 1178000, '2023-09-01'),
('230912752061', 'SPKAURAS4BK', 2, 289000, 339000, 10, 28900, 678000, '2023-09-01'),
('230912752061', 'SPKACTON3', 2, 479000, 589000, 15, 71850, 1178000, '2023-09-01'),
('230913410893', 'SPKAURAS4BK', 2, 289000, 339000, 10, 28900, 678000, '2023-09-01'),
('230913410893', 'SPKACTON3', 2, 479000, 589000, 15, 71850, 1178000, '2023-09-01'),
('230914318107', 'SPKACTON3', 2, 479000, 589000, 15, 71850, 1178000, '2023-09-01'),
('230914318107', 'SPKSTICKS4BK', 3, 399000, 459000, 12, 47880, 1377000, '2023-09-01'),
('230915829613', 'SPKAURAS4BK', 2, 289000, 339000, 10, 28900, 678000, '2023-09-01'),
('230915829613', 'SPKSTICKS4BK', 3, 399000, 459000, 12, 47880, 1377000, '2023-09-01'),
('230916818903', 'SPKACTON3', 2, 479000, 589000, 15, 71850, 1178000, '2023-09-01'),
('230916818903', 'SPKBESOUNDA9', 3, 4790000, 5399000, 12, 574800, 16197000, '2023-09-01'),
('230917239592', 'SPKBESOUNDA9', 3, 4790000, 5399000, 12, 574800, 16197000, '2023-09-01'),
('230917239592', 'SPKAURAS4BK', 2, 289000, 339000, 10, 28900, 678000, '2023-09-01'),
('230918269114', 'SPKBESOUNDA9', 3, 4790000, 5399000, 12, 574800, 16197000, '2023-09-01'),
('230918269114', 'SPKACTON3', 2, 479000, 589000, 15, 71850, 1178000, '2023-09-01'),
('230919275795', 'SPKBESOUNDA9', 3, 4790000, 5399000, 12, 574800, 16197000, '2023-09-01'),
('230919275795', 'SPKBESOUNDA9', 3, 4790000, 5399000, 12, 574800, 16197000, '2023-09-01'),
('230920999939', 'SPKAURAS4BK', 2, 289000, 339000, 10, 28900, 678000, '2023-09-01'),
('230920999939', 'SPKSTICKS4BK', 3, 399000, 459000, 12, 47880, 1377000, '2023-09-01'),
('230921602592', 'SPKAURAS4BK', 2, 289000, 339000, 10, 28900, 678000, '2023-09-01'),
('230921602592', 'SPKAURAS4BK', 2, 289000, 339000, 10, 28900, 678000, '2023-09-01'),
('230922393313', 'SPKAURAS4BK', 2, 289000, 339000, 10, 28900, 678000, '2023-09-01'),
('230922393313', 'SPKBESOUNDA9', 3, 4790000, 5399000, 12, 574800, 16197000, '2023-09-01'),
('230923789276', 'SPKBESOUNDA9', 3, 4790000, 5399000, 12, 574800, 16197000, '2023-09-01'),
('230923789276', 'SPKBESOUNDA9', 3, 4790000, 5399000, 12, 574800, 16197000, '2023-09-01'),
('230924621134', 'SPKBESOUNDA9', 3, 4790000, 5399000, 12, 574800, 16197000, '2023-09-01'),
('230924621134', 'SPKACTON3', 2, 479000, 589000, 15, 71850, 1178000, '2023-09-01'),
('230925692088', 'SPKBESOUNDA9', 3, 4790000, 5399000, 12, 574800, 16197000, '2023-09-01'),
('230925692088', 'SPKSTICKS4BK', 3, 399000, 459000, 12, 47880, 1377000, '2023-09-01'),
('230926902723', 'SPKSTICKS4BK', 3, 399000, 459000, 12, 47880, 1377000, '2023-09-01'),
('230926902723', 'SPKAURAS4BK', 2, 289000, 339000, 10, 28900, 678000, '2023-09-01'),
('230927780795', 'SPKACTON3', 2, 479000, 589000, 15, 71850, 1178000, '2023-09-01'),
('230927780795', 'SPKBESOUNDA9', 3, 4790000, 5399000, 12, 574800, 16197000, '2023-09-01'),
('230928900442', 'SPKSTICKS4BK', 3, 399000, 459000, 12, 47880, 1377000, '2023-09-01'),
('230928900442', 'SPKACTON3', 2, 479000, 589000, 15, 71850, 1178000, '2023-09-01'),
('230929889431', 'SPKACTON3', 2, 479000, 589000, 15, 71850, 1178000, '2023-09-01'),
('230929889431', 'SPKSTICKS4BK', 3, 399000, 459000, 12, 47880, 1377000, '2023-09-01'),
('230930497121', 'SPKAURAS4BK', 2, 289000, 339000, 10, 28900, 678000, '2023-09-01'),
('230930497121', 'SPKAURAS4BK', 2, 289000, 339000, 10, 28900, 678000, '2023-09-01'),
('231001569784', 'SPKSTICKS4BK', 3, 399000, 459000, 12, 47880, 1377000, '2023-09-01'),
('231001569784', 'SPKACTON3', 2, 479000, 589000, 15, 71850, 1178000, '2023-09-01'),
('231002331332', 'SPKSTICKS4BK', 3, 399000, 459000, 12, 47880, 1377000, '2023-09-01'),
('231002331332', 'SPKBESOUNDA9', 3, 4790000, 5399000, 12, 574800, 16197000, '2023-09-01'),
('231003301459', 'SPKAURAS4BK', 2, 289000, 339000, 10, 28900, 678000, '2023-09-01'),
('231003301459', 'SPKSTICKS4BK', 3, 399000, 459000, 12, 47880, 1377000, '2023-09-01'),
('231004682386', 'SPKACTON3', 2, 479000, 589000, 15, 71850, 1178000, '2023-09-01'),
('231004682386', 'SPKACTON3', 2, 479000, 589000, 15, 71850, 1178000, '2023-09-01'),
('231005622189', 'SPKAURAS4BK', 2, 289000, 339000, 10, 28900, 678000, '2023-09-01'),
('231005622189', 'SPKAURAS4BK', 2, 289000, 339000, 10, 28900, 678000, '2023-09-01'),
('231006287398', 'SPKSTICKS4BK', 3, 399000, 459000, 12, 47880, 1377000, '2023-09-01'),
('231006287398', 'SPKACTON3', 2, 479000, 589000, 15, 71850, 1178000, '2023-09-01'),
('231007541441', 'SPKBESOUNDA9', 3, 4790000, 5399000, 12, 574800, 16197000, '2023-09-01'),
('231007541441', 'SPKSTICKS4BK', 3, 399000, 459000, 12, 47880, 1377000, '2023-09-01'),
('231008639420', 'SPKAURAS4BK', 2, 289000, 339000, 10, 28900, 678000, '2023-09-01'),
('231008639420', 'SPKAURAS4BK', 2, 289000, 339000, 10, 28900, 678000, '2023-09-01'),
('231009467052', 'SPKSTICKS4BK', 3, 399000, 459000, 12, 47880, 1377000, '2023-09-01'),
('231009467052', 'SPKBESOUNDA9', 3, 4790000, 5399000, 12, 574800, 16197000, '2023-09-01'),
('231010851316', 'SPKSTICKS4BK', 3, 399000, 459000, 12, 47880, 1377000, '2023-09-01'),
('231010851316', 'SPKSTICKS4BK', 3, 399000, 459000, 12, 47880, 1377000, '2023-09-01'),
('231011712818', 'SPKSTICKS4BK', 3, 399000, 459000, 12, 47880, 1377000, '2023-09-01'),
('231011712818', 'SPKACTON3', 2, 479000, 589000, 15, 71850, 1178000, '2023-09-01'),
('231012299482', 'SPKSTICKS4BK', 3, 399000, 459000, 12, 47880, 1377000, '2023-09-01'),
('231012299482', 'SPKACTON3', 2, 479000, 589000, 15, 71850, 1178000, '2023-09-01'),
('231013150361', 'SPKSTICKS4BK', 3, 399000, 459000, 12, 47880, 1377000, '2023-09-01'),
('231013150361', 'SPKSTICKS4BK', 3, 399000, 459000, 12, 47880, 1377000, '2023-09-01'),
('231014814390', 'SPKACTON3', 2, 479000, 589000, 15, 71850, 1178000, '2023-09-01'),
('231014814390', 'SPKBESOUNDA9', 3, 4790000, 5399000, 12, 574800, 16197000, '2023-09-01'),
('231015842213', 'SPKBESOUNDA9', 3, 4790000, 5399000, 12, 574800, 16197000, '2023-09-01'),
('231015842213', 'SPKSTICKS4BK', 3, 399000, 459000, 12, 47880, 1377000, '2023-09-01'),
('231016802918', 'SPKSTICKS4BK', 3, 399000, 459000, 12, 47880, 1377000, '2023-09-01'),
('231016802918', 'SPKAURAS4BK', 2, 289000, 339000, 10, 28900, 678000, '2023-09-01'),
('231017745205', 'SPKACTON3', 2, 479000, 589000, 15, 71850, 1178000, '2023-09-01'),
('231017745205', 'SPKACTON3', 2, 479000, 589000, 15, 71850, 1178000, '2023-09-01'),
('231018501546', 'SPKACTON3', 2, 479000, 589000, 15, 71850, 1178000, '2023-09-01'),
('231018501546', 'SPKAURAS4BK', 2, 289000, 339000, 10, 28900, 678000, '2023-09-01'),
('231019906503', 'SPKAURAS4BK', 2, 289000, 339000, 10, 28900, 678000, '2023-09-01'),
('231019906503', 'SPKSTICKS4BK', 3, 399000, 459000, 12, 47880, 1377000, '2023-09-01'),
('231020791183', 'SPKAURAS4BK', 2, 289000, 339000, 10, 28900, 678000, '2023-09-01'),
('231020791183', 'SPKACTON3', 2, 479000, 589000, 15, 71850, 1178000, '2023-09-01'),
('231021418428', 'SPKBESOUNDA9', 3, 4790000, 5399000, 12, 574800, 16197000, '2023-09-01'),
('231021418428', 'SPKBESOUNDA9', 3, 4790000, 5399000, 12, 574800, 16197000, '2023-09-01'),
('231022469178', 'SPKAURAS4BK', 2, 289000, 339000, 10, 28900, 678000, '2023-09-01'),
('231022469178', 'SPKBESOUNDA9', 3, 4790000, 5399000, 12, 574800, 16197000, '2023-09-01'),
('231023129525', 'SPKACTON3', 2, 479000, 589000, 15, 71850, 1178000, '2023-09-01'),
('231023129525', 'SPKAURAS4BK', 2, 289000, 339000, 10, 28900, 678000, '2023-09-01'),
('231024763847', 'SPKAURAS4BK', 2, 289000, 339000, 10, 28900, 678000, '2023-09-01'),
('231024763847', 'SPKACTON3', 2, 479000, 589000, 15, 71850, 1178000, '2023-09-01'),
('231025350515', 'SPKAURAS4BK', 2, 289000, 339000, 10, 28900, 678000, '2023-09-01'),
('231025350515', 'SPKAURAS4BK', 2, 289000, 339000, 10, 28900, 678000, '2023-09-01'),
('231026520945', 'SPKBESOUNDA9', 3, 4790000, 5399000, 12, 574800, 16197000, '2023-09-01'),
('231026520945', 'SPKSTICKS4BK', 3, 399000, 459000, 12, 47880, 1377000, '2023-09-01'),
('231027398488', 'SPKBESOUNDA9', 3, 4790000, 5399000, 12, 574800, 16197000, '2023-09-01'),
('231027398488', 'SPKBESOUNDA9', 3, 4790000, 5399000, 12, 574800, 16197000, '2023-09-01'),
('231028709886', 'SPKBESOUNDA9', 3, 4790000, 5399000, 12, 574800, 16197000, '2023-09-01'),
('231028709886', 'SPKACTON3', 2, 479000, 589000, 15, 71850, 1178000, '2023-09-01'),
('231029351252', 'SPKBESOUNDA9', 3, 4790000, 5399000, 12, 574800, 16197000, '2023-09-01'),
('231029351252', 'SPKBESOUNDA9', 3, 4790000, 5399000, 12, 574800, 16197000, '2023-09-01'),
('231030940940', 'SPKSTICKS4BK', 3, 399000, 459000, 12, 47880, 1377000, '2023-09-01'),
('231030940940', 'SPKBESOUNDA9', 3, 4790000, 5399000, 12, 574800, 16197000, '2023-09-01'),
('231031738215', 'SPKACTON3', 2, 479000, 589000, 15, 71850, 1178000, '2023-09-01'),
('231031738215', 'SPKBESOUNDA9', 3, 4790000, 5399000, 12, 574800, 16197000, '2023-09-01'),
('231101728152', 'SPKSTICKS4BK', 3, 399000, 459000, 12, 47880, 1377000, '2023-09-01'),
('231101728152', 'SPKAURAS4BK', 2, 289000, 339000, 10, 28900, 678000, '2023-09-01'),
('231102915344', 'SPKAURAS4BK', 2, 289000, 339000, 10, 28900, 678000, '2023-09-01'),
('231102915344', 'SPKBESOUNDA9', 3, 4790000, 5399000, 12, 574800, 16197000, '2023-09-01'),
('231103589536', 'SPKBESOUNDA9', 3, 4790000, 5399000, 12, 574800, 16197000, '2023-09-01'),
('231103589536', 'SPKACTON3', 2, 479000, 589000, 15, 71850, 1178000, '2023-09-01'),
('231104718513', 'SPKACTON3', 2, 479000, 589000, 15, 71850, 1178000, '2023-09-01'),
('231104718513', 'SPKACTON3', 2, 479000, 589000, 15, 71850, 1178000, '2023-09-01'),
('231105573153', 'SPKBESOUNDA9', 3, 4790000, 5399000, 12, 574800, 16197000, '2023-09-01'),
('231105573153', 'SPKSTICKS4BK', 3, 399000, 459000, 12, 47880, 1377000, '2023-09-01'),
('231106852171', 'SPKSTICKS4BK', 3, 399000, 459000, 12, 47880, 1377000, '2023-09-01'),
('231106852171', 'SPKSTICKS4BK', 3, 399000, 459000, 12, 47880, 1377000, '2023-09-01'),
('231107585600', 'SPKBESOUNDA9', 3, 4790000, 5399000, 12, 574800, 16197000, '2023-09-01'),
('231107585600', 'SPKBESOUNDA9', 3, 4790000, 5399000, 12, 574800, 16197000, '2023-09-01'),
('231108807671', 'SPKBESOUNDA9', 3, 4790000, 5399000, 12, 574800, 16197000, '2023-09-01'),
('231108807671', 'SPKACTON3', 2, 479000, 589000, 15, 71850, 1178000, '2023-09-01'),
('231109374066', 'SPKBESOUNDA9', 3, 4790000, 5399000, 12, 574800, 16197000, '2023-09-01'),
('231109374066', 'SPKAURAS4BK', 2, 289000, 339000, 10, 28900, 678000, '2023-09-01'),
('231110859351', 'SPKAURAS4BK', 2, 289000, 339000, 10, 28900, 678000, '2023-09-01'),
('231110859351', 'SPKSTICKS4BK', 3, 399000, 459000, 12, 47880, 1377000, '2023-09-01'),
('231111946048', 'SPKSTICKS4BK', 3, 399000, 459000, 12, 47880, 1377000, '2023-09-01'),
('231111946048', 'SPKBESOUNDA9', 3, 4790000, 5399000, 12, 574800, 16197000, '2023-09-01'),
('231112874572', 'SPKACTON3', 2, 479000, 589000, 15, 71850, 1178000, '2023-09-01'),
('231112874572', 'SPKSTICKS4BK', 3, 399000, 459000, 12, 47880, 1377000, '2023-09-01'),
('231113620996', 'SPKSTICKS4BK', 3, 399000, 459000, 12, 47880, 1377000, '2023-09-01'),
('231113620996', 'SPKACTON3', 2, 479000, 589000, 15, 71850, 1178000, '2023-09-01'),
('231114788992', 'SPKBESOUNDA9', 3, 4790000, 5399000, 12, 574800, 16197000, '2023-09-01'),
('231114788992', 'SPKBESOUNDA9', 3, 4790000, 5399000, 12, 574800, 16197000, '2023-09-01'),
('231115245338', 'SPKAURAS4BK', 2, 289000, 339000, 10, 28900, 678000, '2023-09-01'),
('231115245338', 'SPKAURAS4BK', 2, 289000, 339000, 10, 28900, 678000, '2023-09-01'),
('231116765285', 'SPKBESOUNDA9', 3, 4790000, 5399000, 12, 574800, 16197000, '2023-09-01'),
('231116765285', 'SPKAURAS4BK', 2, 289000, 339000, 10, 28900, 678000, '2023-09-01'),
('231117959293', 'SPKSTICKS4BK', 3, 399000, 459000, 12, 47880, 1377000, '2023-09-01'),
('231117959293', 'SPKAURAS4BK', 2, 289000, 339000, 10, 28900, 678000, '2023-09-01'),
('231118734701', 'SPKSTICKS4BK', 3, 399000, 459000, 12, 47880, 1377000, '2023-09-01'),
('231118734701', 'SPKBESOUNDA9', 3, 4790000, 5399000, 12, 574800, 16197000, '2023-09-01'),
('231119920387', 'SPKSTICKS4BK', 3, 399000, 459000, 12, 47880, 1377000, '2023-09-01'),
('231119920387', 'SPKAURAS4BK', 2, 289000, 339000, 10, 28900, 678000, '2023-09-01'),
('231120630891', 'SPKBESOUNDA9', 3, 4790000, 5399000, 12, 574800, 16197000, '2023-09-01'),
('231120630891', 'SPKSTICKS4BK', 3, 399000, 459000, 12, 47880, 1377000, '2023-09-01'),
('231121811561', 'SPKAURAS4BK', 2, 289000, 339000, 10, 28900, 678000, '2023-09-01'),
('231121811561', 'SPKSTICKS4BK', 3, 399000, 459000, 12, 47880, 1377000, '2023-09-01'),
('231122766874', 'SPKBESOUNDA9', 3, 4790000, 5399000, 12, 574800, 16197000, '2023-09-01'),
('231122766874', 'SPKACTON3', 2, 479000, 589000, 15, 71850, 1178000, '2023-09-01'),
('231123220375', 'SPKACTON3', 2, 479000, 589000, 15, 71850, 1178000, '2023-09-01'),
('231123220375', 'SPKACTON3', 2, 479000, 589000, 15, 71850, 1178000, '2023-09-01'),
('231124171069', 'SPKAURAS4BK', 2, 289000, 339000, 10, 28900, 678000, '2023-09-01'),
('231124171069', 'SPKSTICKS4BK', 3, 399000, 459000, 12, 47880, 1377000, '2023-09-01'),
('231125744766', 'SPKBESOUNDA9', 3, 4790000, 5399000, 12, 574800, 16197000, '2023-09-01'),
('231125744766', 'SPKSTICKS4BK', 3, 399000, 459000, 12, 47880, 1377000, '2023-09-01'),
('231126929842', 'SPKACTON3', 2, 479000, 589000, 15, 71850, 1178000, '2023-09-01'),
('231126929842', 'SPKAURAS4BK', 2, 289000, 339000, 10, 28900, 678000, '2023-09-01'),
('231127894219', 'SPKSTICKS4BK', 3, 399000, 459000, 12, 47880, 1377000, '2023-09-01'),
('231127894219', 'SPKSTICKS4BK', 3, 399000, 459000, 12, 47880, 1377000, '2023-09-01'),
('231128289669', 'SPKAURAS4BK', 2, 289000, 339000, 10, 28900, 678000, '2023-09-01'),
('231128289669', 'SPKACTON3', 2, 479000, 589000, 15, 71850, 1178000, '2023-09-01'),
('231129212890', 'SPKSTICKS4BK', 3, 399000, 459000, 12, 47880, 1377000, '2023-09-01'),
('231129212890', 'SPKACTON3', 2, 479000, 589000, 15, 71850, 1178000, '2023-09-01'),
('231130206558', 'SPKSTICKS4BK', 3, 399000, 459000, 12, 47880, 1377000, '2023-09-01'),
('231130206558', 'SPKACTON3', 2, 479000, 589000, 15, 71850, 1178000, '2023-09-01'),
('231201968512', 'SPKBESOUNDA9', 3, 4790000, 5399000, 12, 574800, 16197000, '2023-09-01'),
('231201968512', 'SPKSTICKS4BK', 3, 399000, 459000, 12, 47880, 1377000, '2023-09-01'),
('231202286880', 'SPKACTON3', 2, 479000, 589000, 15, 71850, 1178000, '2023-09-01'),
('231202286880', 'SPKACTON3', 2, 479000, 589000, 15, 71850, 1178000, '2023-09-01'),
('231203191880', 'SPKAURAS4BK', 2, 289000, 339000, 10, 28900, 678000, '2023-09-01'),
('231203191880', 'SPKBESOUNDA9', 3, 4790000, 5399000, 12, 574800, 16197000, '2023-09-01'),
('231204243059', 'SPKBESOUNDA9', 3, 4790000, 5399000, 12, 574800, 16197000, '2023-09-01'),
('231204243059', 'SPKBESOUNDA9', 3, 4790000, 5399000, 12, 574800, 16197000, '2023-09-01'),
('231205296875', 'SPKACTON3', 2, 479000, 589000, 15, 71850, 1178000, '2023-09-01'),
('231205296875', 'SPKBESOUNDA9', 3, 4790000, 5399000, 12, 574800, 16197000, '2023-09-01'),
('231206478685', 'SPKBESOUNDA9', 3, 4790000, 5399000, 12, 574800, 16197000, '2023-09-01'),
('231206478685', 'SPKBESOUNDA9', 3, 4790000, 5399000, 12, 574800, 16197000, '2023-09-01'),
('231207459566', 'SPKBESOUNDA9', 3, 4790000, 5399000, 12, 574800, 16197000, '2023-09-01'),
('231207459566', 'SPKBESOUNDA9', 3, 4790000, 5399000, 12, 574800, 16197000, '2023-09-01'),
('231208848253', 'SPKBESOUNDA9', 3, 4790000, 5399000, 12, 574800, 16197000, '2023-09-01'),
('231208848253', 'SPKBESOUNDA9', 3, 4790000, 5399000, 12, 574800, 16197000, '2023-09-01'),
('231209135417', 'SPKSTICKS4BK', 3, 399000, 459000, 12, 47880, 1377000, '2023-09-01'),
('231209135417', 'SPKAURAS4BK', 2, 289000, 339000, 10, 28900, 678000, '2023-09-01'),
('231210910649', 'SPKBESOUNDA9', 3, 4790000, 5399000, 12, 574800, 16197000, '2023-09-01'),
('231210910649', 'SPKAURAS4BK', 2, 289000, 339000, 10, 28900, 678000, '2023-09-01'),
('231211915647', 'SPKACTON3', 2, 479000, 589000, 15, 71850, 1178000, '2023-09-01'),
('231211915647', 'SPKACTON3', 2, 479000, 589000, 15, 71850, 1178000, '2023-09-01'),
('231212755645', 'SPKBESOUNDA9', 3, 4790000, 5399000, 12, 574800, 16197000, '2023-09-01'),
('231212755645', 'SPKACTON3', 2, 479000, 589000, 15, 71850, 1178000, '2023-09-01'),
('231213887060', 'SPKBESOUNDA9', 3, 4790000, 5399000, 12, 574800, 16197000, '2023-09-01'),
('231213887060', 'SPKAURAS4BK', 2, 289000, 339000, 10, 28900, 678000, '2023-09-01'),
('231214471846', 'SPKSTICKS4BK', 3, 399000, 459000, 12, 47880, 1377000, '2023-09-01'),
('231214471846', 'SPKAURAS4BK', 2, 289000, 339000, 10, 28900, 678000, '2023-09-01'),
('231215150446', 'SPKSTICKS4BK', 3, 399000, 459000, 12, 47880, 1377000, '2023-09-01'),
('231215150446', 'SPKBESOUNDA9', 3, 4790000, 5399000, 12, 574800, 16197000, '2023-09-01'),
('231216821293', 'SPKACTON3', 2, 479000, 589000, 15, 71850, 1178000, '2023-09-01'),
('231216821293', 'SPKAURAS4BK', 2, 289000, 339000, 10, 28900, 678000, '2023-09-01'),
('231217486828', 'SPKBESOUNDA9', 3, 4790000, 5399000, 12, 574800, 16197000, '2023-09-01'),
('231217486828', 'SPKAURAS4BK', 2, 289000, 339000, 10, 28900, 678000, '2023-09-01'),
('231218258095', 'SPKSTICKS4BK', 3, 399000, 459000, 12, 47880, 1377000, '2023-09-01'),
('231218258095', 'SPKACTON3', 2, 479000, 589000, 15, 71850, 1178000, '2023-09-01'),
('231219505515', 'SPKACTON3', 2, 479000, 589000, 15, 71850, 1178000, '2023-09-01'),
('231219505515', 'SPKSTICKS4BK', 3, 399000, 459000, 12, 47880, 1377000, '2023-09-01'),
('231220546390', 'SPKBESOUNDA9', 3, 4790000, 5399000, 12, 574800, 16197000, '2023-09-01'),
('231220546390', 'SPKBESOUNDA9', 3, 4790000, 5399000, 12, 574800, 16197000, '2023-09-01'),
('231221770037', 'SPKSTICKS4BK', 3, 399000, 459000, 12, 47880, 1377000, '2023-09-01'),
('231221770037', 'SPKACTON3', 2, 479000, 589000, 15, 71850, 1178000, '2023-09-01'),
('231222892090', 'SPKSTICKS4BK', 3, 399000, 459000, 12, 47880, 1377000, '2023-09-01'),
('231222892090', 'SPKBESOUNDA9', 3, 4790000, 5399000, 12, 574800, 16197000, '2023-09-01'),
('231223231539', 'SPKBESOUNDA9', 3, 4790000, 5399000, 12, 574800, 16197000, '2023-09-01'),
('231223231539', 'SPKBESOUNDA9', 3, 4790000, 5399000, 12, 574800, 16197000, '2023-09-01'),
('231224956871', 'SPKBESOUNDA9', 3, 4790000, 5399000, 12, 574800, 16197000, '2023-09-01'),
('231224956871', 'SPKBESOUNDA9', 3, 4790000, 5399000, 12, 574800, 16197000, '2023-09-01'),
('231225731562', 'SPKAURAS4BK', 2, 289000, 339000, 10, 28900, 678000, '2023-09-01'),
('231225731562', 'SPKBESOUNDA9', 3, 4790000, 5399000, 12, 574800, 16197000, '2023-09-01'),
('231226901720', 'SPKAURAS4BK', 2, 289000, 339000, 10, 28900, 678000, '2023-09-01'),
('231226901720', 'SPKACTON3', 2, 479000, 589000, 15, 71850, 1178000, '2023-09-01'),
('231227319717', 'SPKBESOUNDA9', 3, 4790000, 5399000, 12, 574800, 16197000, '2023-09-01'),
('231227319717', 'SPKSTICKS4BK', 3, 399000, 459000, 12, 47880, 1377000, '2023-09-01'),
('231228766758', 'SPKBESOUNDA9', 3, 4790000, 5399000, 12, 574800, 16197000, '2023-09-01'),
('231228766758', 'SPKSTICKS4BK', 3, 399000, 459000, 12, 47880, 1377000, '2023-09-01'),
('231229260333', 'SPKACTON3', 2, 479000, 589000, 15, 71850, 1178000, '2023-09-01'),
('231229260333', 'SPKBESOUNDA9', 3, 4790000, 5399000, 12, 574800, 16197000, '2023-09-01'),
('231230304692', 'SPKACTON3', 2, 479000, 589000, 15, 71850, 1178000, '2023-09-01'),
('231230304692', 'SPKACTON3', 2, 479000, 589000, 15, 71850, 1178000, '2023-09-01'),
('231231236690', 'SPKSTICKS4BK', 3, 399000, 459000, 12, 47880, 1377000, '2023-09-01'),
('231231236690', 'SPKAURAS4BK', 2, 289000, 339000, 10, 28900, 678000, '2023-09-01'),
('240101986359', 'SPKACTON3', 2, 479000, 589000, 15, 71850, 1178000, '2023-09-01'),
('240101986359', 'SPKBESOUNDA9', 3, 4790000, 5399000, 12, 574800, 16197000, '2023-09-01'),
('240102833281', 'SPKACTON3', 2, 479000, 589000, 15, 71850, 1178000, '2023-09-01'),
('240102833281', 'SPKBESOUNDA9', 3, 4790000, 5399000, 12, 574800, 16197000, '2023-09-01'),
('240103840253', 'SPKACTON3', 2, 479000, 589000, 15, 71850, 1178000, '2023-09-01'),
('240103840253', 'SPKAURAS4BK', 2, 289000, 339000, 10, 28900, 678000, '2023-09-01'),
('240104199026', 'SPKBESOUNDA9', 3, 4790000, 5399000, 12, 574800, 16197000, '2023-09-01'),
('240104199026', 'SPKBESOUNDA9', 3, 4790000, 5399000, 12, 574800, 16197000, '2023-09-01'),
('240105717529', 'SPKACTON3', 2, 479000, 589000, 15, 71850, 1178000, '2023-09-01'),
('240105717529', 'SPKAURAS4BK', 2, 289000, 339000, 10, 28900, 678000, '2023-09-01'),
('240106583619', 'SPKAURAS4BK', 2, 289000, 339000, 10, 28900, 678000, '2023-09-01'),
('240106583619', 'SPKBESOUNDA9', 3, 4790000, 5399000, 12, 574800, 16197000, '2023-09-01'),
('240107616205', 'SPKBESOUNDA9', 3, 4790000, 5399000, 12, 574800, 16197000, '2023-09-01'),
('240107616205', 'SPKSTICKS4BK', 3, 399000, 459000, 12, 47880, 1377000, '2023-09-01'),
('240108379783', 'SPKSTICKS4BK', 3, 399000, 459000, 12, 47880, 1377000, '2023-09-01'),
('240108379783', 'SPKBESOUNDA9', 3, 4790000, 5399000, 12, 574800, 16197000, '2023-09-01'),
('240109570570', 'SPKBESOUNDA9', 3, 4790000, 5399000, 12, 574800, 16197000, '2023-09-01'),
('240109570570', 'SPKBESOUNDA9', 3, 4790000, 5399000, 12, 574800, 16197000, '2023-09-01'),
('240110406250', 'SPKSTICKS4BK', 3, 399000, 459000, 12, 47880, 1377000, '2023-09-01'),
('240110406250', 'SPKACTON3', 2, 479000, 589000, 15, 71850, 1178000, '2023-09-01'),
('240111632308', 'SPKAURAS4BK', 2, 289000, 339000, 10, 28900, 678000, '2023-09-01'),
('240111632308', 'SPKBESOUNDA9', 3, 4790000, 5399000, 12, 574800, 16197000, '2023-09-01'),
('240112818044', 'SPKAURAS4BK', 2, 289000, 339000, 10, 28900, 678000, '2023-09-01'),
('240112818044', 'SPKSTICKS4BK', 3, 399000, 459000, 12, 47880, 1377000, '2023-09-01'),
('240113257443', 'SPKAURAS4BK', 2, 289000, 339000, 10, 28900, 678000, '2023-09-01'),
('240113257443', 'SPKAURAS4BK', 2, 289000, 339000, 10, 28900, 678000, '2023-09-01'),
('240114242456', 'SPKAURAS4BK', 2, 289000, 339000, 10, 28900, 678000, '2023-09-01'),
('240114242456', 'SPKAURAS4BK', 2, 289000, 339000, 10, 28900, 678000, '2023-09-01'),
('240115688705', 'SPKAURAS4BK', 2, 289000, 339000, 10, 28900, 678000, '2023-09-01'),
('240115688705', 'SPKSTICKS4BK', 3, 399000, 459000, 12, 47880, 1377000, '2023-09-01'),
('240116719354', 'SPKBESOUNDA9', 3, 4790000, 5399000, 12, 574800, 16197000, '2023-09-01'),
('240116719354', 'SPKSTICKS4BK', 3, 399000, 459000, 12, 47880, 1377000, '2023-09-01'),
('240117591534', 'SPKSTICKS4BK', 3, 399000, 459000, 12, 47880, 1377000, '2023-09-01'),
('240117591534', 'SPKBESOUNDA9', 3, 4790000, 5399000, 12, 574800, 16197000, '2023-09-01'),
('240118986769', 'SPKAURAS4BK', 2, 289000, 339000, 10, 28900, 678000, '2023-09-01'),
('240118986769', 'SPKAURAS4BK', 2, 289000, 339000, 10, 28900, 678000, '2023-09-01'),
('240119522493', 'SPKSTICKS4BK', 3, 399000, 459000, 12, 47880, 1377000, '2023-09-01'),
('240119522493', 'SPKACTON3', 2, 479000, 589000, 15, 71850, 1178000, '2023-09-01'),
('240120523669', 'SPKACTON3', 2, 479000, 589000, 15, 71850, 1178000, '2023-09-01'),
('240120523669', 'SPKSTICKS4BK', 3, 399000, 459000, 12, 47880, 1377000, '2023-09-01'),
('240121525077', 'SPKSTICKS4BK', 3, 399000, 459000, 12, 47880, 1377000, '2023-09-01'),
('240121525077', 'SPKSTICKS4BK', 3, 399000, 459000, 12, 47880, 1377000, '2023-09-01'),
('240122571227', 'SPKBESOUNDA9', 3, 4790000, 5399000, 12, 574800, 16197000, '2023-09-01'),
('240122571227', 'SPKAURAS4BK', 2, 289000, 339000, 10, 28900, 678000, '2023-09-01'),
('240123614252', 'SPKBESOUNDA9', 3, 4790000, 5399000, 12, 574800, 16197000, '2023-09-01'),
('240123614252', 'SPKSTICKS4BK', 3, 399000, 459000, 12, 47880, 1377000, '2023-09-01'),
('240124669098', 'SPKBESOUNDA9', 3, 4790000, 5399000, 12, 574800, 16197000, '2023-09-01'),
('240124669098', 'SPKSTICKS4BK', 3, 399000, 459000, 12, 47880, 1377000, '2023-09-01'),
('240125283171', 'SPKACTON3', 2, 479000, 589000, 15, 71850, 1178000, '2023-09-01'),
('240125283171', 'SPKACTON3', 2, 479000, 589000, 15, 71850, 1178000, '2023-09-01'),
('240126388270', 'SPKACTON3', 2, 479000, 589000, 15, 71850, 1178000, '2023-09-01'),
('240126388270', 'SPKSTICKS4BK', 3, 399000, 459000, 12, 47880, 1377000, '2023-09-01'),
('240127604611', 'SPKACTON3', 2, 479000, 589000, 15, 71850, 1178000, '2023-09-01'),
('240127604611', 'SPKSTICKS4BK', 3, 399000, 459000, 12, 47880, 1377000, '2023-09-01'),
('240128597829', 'SPKBESOUNDA9', 3, 4790000, 5399000, 12, 574800, 16197000, '2023-09-01'),
('240128597829', 'SPKBESOUNDA9', 3, 4790000, 5399000, 12, 574800, 16197000, '2023-09-01'),
('240129496600', 'SPKBESOUNDA9', 3, 4790000, 5399000, 12, 574800, 16197000, '2023-09-01'),
('240129496600', 'SPKACTON3', 2, 479000, 589000, 15, 71850, 1178000, '2023-09-01'),
('240130621898', 'SPKACTON3', 2, 479000, 589000, 15, 71850, 1178000, '2023-09-01'),
('240130621898', 'SPKACTON3', 2, 479000, 589000, 15, 71850, 1178000, '2023-09-01'),
('240131163681', 'SPKAURAS4BK', 2, 289000, 339000, 10, 28900, 678000, '2023-09-01'),
('240131163681', 'SPKAURAS4BK', 2, 289000, 339000, 10, 28900, 678000, '2023-09-01'),
('240201943029', 'SPKAURAS4BK', 2, 289000, 339000, 10, 28900, 678000, '2023-09-01'),
('240201943029', 'SPKACTON3', 2, 479000, 589000, 15, 71850, 1178000, '2023-09-01'),
('240202143966', 'SPKSTICKS4BK', 3, 399000, 459000, 12, 47880, 1377000, '2023-09-01'),
('240202143966', 'SPKACTON3', 2, 479000, 589000, 15, 71850, 1178000, '2023-09-01'),
('240203977217', 'SPKAURAS4BK', 2, 289000, 339000, 10, 28900, 678000, '2023-09-01'),
('240203977217', 'SPKACTON3', 2, 479000, 589000, 15, 71850, 1178000, '2023-09-01'),
('240204951185', 'SPKAURAS4BK', 2, 289000, 339000, 10, 28900, 678000, '2023-09-01'),
('240204951185', 'SPKACTON3', 2, 479000, 589000, 15, 71850, 1178000, '2023-09-01'),
('240205806791', 'SPKACTON3', 2, 479000, 589000, 15, 71850, 1178000, '2023-09-01'),
('240205806791', 'SPKBESOUNDA9', 3, 4790000, 5399000, 12, 574800, 16197000, '2023-09-01'),
('240206486604', 'SPKACTON3', 2, 479000, 589000, 15, 71850, 1178000, '2023-09-01'),
('240206486604', 'SPKSTICKS4BK', 3, 399000, 459000, 12, 47880, 1377000, '2023-09-01'),
('240207393599', 'SPKSTICKS4BK', 3, 399000, 459000, 12, 47880, 1377000, '2023-09-01'),
('240207393599', 'SPKAURAS4BK', 2, 289000, 339000, 10, 28900, 678000, '2023-09-01'),
('240208724055', 'SPKAURAS4BK', 2, 289000, 339000, 10, 28900, 678000, '2023-09-01'),
('240208724055', 'SPKSTICKS4BK', 3, 399000, 459000, 12, 47880, 1377000, '2023-09-01'),
('240209764043', 'SPKBESOUNDA9', 3, 4790000, 5399000, 12, 574800, 16197000, '2023-09-01'),
('240209764043', 'SPKBESOUNDA9', 3, 4790000, 5399000, 12, 574800, 16197000, '2023-09-01'),
('240210836879', 'SPKACTON3', 2, 479000, 589000, 15, 71850, 1178000, '2023-09-01'),
('240210836879', 'SPKBESOUNDA9', 3, 4790000, 5399000, 12, 574800, 16197000, '2023-09-01'),
('240211470378', 'SPKAURAS4BK', 2, 289000, 339000, 10, 28900, 678000, '2023-09-01'),
('240211470378', 'SPKBESOUNDA9', 3, 4790000, 5399000, 12, 574800, 16197000, '2023-09-01'),
('240212119756', 'SPKSTICKS4BK', 3, 399000, 459000, 12, 47880, 1377000, '2023-09-01'),
('240212119756', 'SPKSTICKS4BK', 3, 399000, 459000, 12, 47880, 1377000, '2023-09-01'),
('240213341765', 'SPKACTON3', 2, 479000, 589000, 15, 71850, 1178000, '2023-09-01'),
('240213341765', 'SPKAURAS4BK', 2, 289000, 339000, 10, 28900, 678000, '2023-09-01'),
('240214559626', 'SPKBESOUNDA9', 3, 4790000, 5399000, 12, 574800, 16197000, '2023-09-01'),
('240214559626', 'SPKACTON3', 2, 479000, 589000, 15, 71850, 1178000, '2023-09-01'),
('240215619808', 'SPKACTON3', 2, 479000, 589000, 15, 71850, 1178000, '2023-09-01'),
('240215619808', 'SPKAURAS4BK', 2, 289000, 339000, 10, 28900, 678000, '2023-09-01'),
('240216894602', 'SPKSTICKS4BK', 3, 399000, 459000, 12, 47880, 1377000, '2023-09-01'),
('240216894602', 'SPKAURAS4BK', 2, 289000, 339000, 10, 28900, 678000, '2023-09-01'),
('240217760518', 'SPKBESOUNDA9', 3, 4790000, 5399000, 12, 574800, 16197000, '2023-09-01'),
('240217760518', 'SPKACTON3', 2, 479000, 589000, 15, 71850, 1178000, '2023-09-01'),
('240218685084', 'SPKAURAS4BK', 2, 289000, 339000, 10, 28900, 678000, '2023-09-01'),
('240218685084', 'SPKSTICKS4BK', 3, 399000, 459000, 12, 47880, 1377000, '2023-09-01'),
('240219496290', 'SPKBESOUNDA9', 3, 4790000, 5399000, 12, 574800, 16197000, '2023-09-01'),
('240219496290', 'SPKACTON3', 2, 479000, 589000, 15, 71850, 1178000, '2023-09-01'),
('240220758996', 'SPKACTON3', 2, 479000, 589000, 15, 71850, 1178000, '2023-09-01'),
('240220758996', 'SPKSTICKS4BK', 3, 399000, 459000, 12, 47880, 1377000, '2023-09-01'),
('240221165731', 'SPKBESOUNDA9', 3, 4790000, 5399000, 12, 574800, 16197000, '2023-09-01'),
('240221165731', 'SPKACTON3', 2, 479000, 589000, 15, 71850, 1178000, '2023-09-01'),
('240222916279', 'SPKBESOUNDA9', 3, 4790000, 5399000, 12, 574800, 16197000, '2023-09-01'),
('240222916279', 'SPKAURAS4BK', 2, 289000, 339000, 10, 28900, 678000, '2023-09-01'),
('240223676385', 'SPKBESOUNDA9', 3, 4790000, 5399000, 12, 574800, 16197000, '2023-09-01'),
('240223676385', 'SPKBESOUNDA9', 3, 4790000, 5399000, 12, 574800, 16197000, '2023-09-01'),
('240224807320', 'SPKACTON3', 2, 479000, 589000, 15, 71850, 1178000, '2023-09-01'),
('240224807320', 'SPKAURAS4BK', 2, 289000, 339000, 10, 28900, 678000, '2023-09-01'),
('240225493855', 'SPKBESOUNDA9', 3, 4790000, 5399000, 12, 574800, 16197000, '2023-09-01'),
('240225493855', 'SPKBESOUNDA9', 3, 4790000, 5399000, 12, 574800, 16197000, '2023-09-01'),
('240226170914', 'SPKACTON3', 2, 479000, 589000, 15, 71850, 1178000, '2023-09-01'),
('240226170914', 'SPKACTON3', 2, 479000, 589000, 15, 71850, 1178000, '2023-09-01'),
('240227818387', 'SPKAURAS4BK', 2, 289000, 339000, 10, 28900, 678000, '2023-09-01'),
('240227818387', 'SPKBESOUNDA9', 3, 4790000, 5399000, 12, 574800, 16197000, '2023-09-01'),
('240228765130', 'SPKAURAS4BK', 2, 289000, 339000, 10, 28900, 678000, '2023-09-01'),
('240228765130', 'SPKBESOUNDA9', 3, 4790000, 5399000, 12, 574800, 16197000, '2023-09-01'),
('240229472895', 'SPKSTICKS4BK', 3, 399000, 459000, 12, 47880, 1377000, '2023-09-01'),
('240229472895', 'SPKSTICKS4BK', 3, 399000, 459000, 12, 47880, 1377000, '2023-09-01'),
('240301711651', 'SPKBESOUNDA9', 3, 4790000, 5399000, 12, 574800, 16197000, '2023-09-01'),
('240301711651', 'SPKAURAS4BK', 2, 289000, 339000, 10, 28900, 678000, '2023-09-01'),
('240302200289', 'SPKAURAS4BK', 2, 289000, 339000, 10, 28900, 678000, '2023-09-01'),
('240302200289', 'SPKACTON3', 2, 479000, 589000, 15, 71850, 1178000, '2023-09-01');
