-- m_supplier 테이블 데이터 삽입
INSERT INTO SUPPLIER (SUPPLIER_CODE, SUPPLIER_NAME, SUPPLIER_ADDRESS, SUPPLIER_PHONE, SUPPLIER_EMAIL, SUPPLIER_STATUS) VALUES
('HK', '하만카돈', '서울특별시 강남구 테헤란로 87', '02-567-8901', 'sales@harmankardon.co.kr', 'ACTIVE'),
('BO', '뱅엔울룹슨', '서울특별시 서초구 사임당로 34', '02-345-6789', 'support@bangolufsen.co.kr', 'ACTIVE'),
('MS', '마샬', '서울특별시 용산구 한강대로 42', '02-789-4567', 'info@marshallkorea.co.kr', 'ACTIVE'),
('BS', '보스', '서울특별시 종로구 삼봉로 71', '02-890-1234', 'contact@boseaudio.co.kr', 'ACTIVE'),
('GR', '제네렉', '서울특별시 마포구 상암산로 38', '02-456-7890', 'service@genelecsound.co.kr', 'ACTIVE');

-- m_item 테이블 데이터 삽입
INSERT INTO ITEM (ITEM_CODE, ITEM_NAME, UNIT, SPECS, ITEM_STATUS, CREATED_AT, MODIFIED_AT) VALUES
('SPKAURAS4BK', 'AURA STUDIO 4', 'EA', '블루투스 스피커, 360도 사운드, 2.5cm 트위터, 4.5인치 서브우퍼, 듀얼 패시브 라디에이터', 'ON_SALE', CURRENT_TIMESTAMP, CURRENT_TIMESTAMP),
('SPKSTICKS4BK', 'SOUND STICKS 4', 'EA', '2.1채널 블루투스 스피커, 유선/무선 연결 지원, 20Hz-20kHz 주파수 응답, 8인치 서브우퍼', 'ON_SALE', CURRENT_TIMESTAMP, CURRENT_TIMESTAMP),
('HADRADIANCE2400BK', 'RADIANCE 2400', 'SET', '고해상도 홈 오디오 시스템, 24비트/96kHz 해상도, 무선 서브우퍼 포함, 2000W 출력', 'ON_SALE', CURRENT_TIMESTAMP, CURRENT_TIMESTAMP),
('SDBCITAMB110GRAYS', 'CITATION MULTIBEAM 1100', 'EA', '5.1채널 사운드바, 멀티빔 서라운드, 돌비 애트모스, HDMI ARC 지원, 590W 출력', 'ON_SALE', CURRENT_TIMESTAMP, CURRENT_TIMESTAMP),
('SPKBESOUNDA9', 'BEOSOUND A9', 'EA', '프리미엄 무선 스피커, 구글 어시스턴트 내장, 360도 사운드, 480W 출력, Wi-Fi 및 블루투스 지원', 'ON_SALE', CURRENT_TIMESTAMP, CURRENT_TIMESTAMP),
('SPKBESOUNDA5', 'BEOSOUND A5', 'EA', '휴대용 블루투스 스피커, 180도 사운드, 24시간 배터리 수명, 240W 출력', 'ON_SALE', CURRENT_TIMESTAMP, CURRENT_TIMESTAMP),
('SPKBESOUNDBALANCE', 'BEOSOUND BALANCE', 'EA', '스마트 홈 스피커, 구글 어시스턴트 및 애플 에어플레이 2 지원, 880W 출력', 'ON_SALE', CURRENT_TIMESTAMP, CURRENT_TIMESTAMP),
('SPKBESOUNDEMERGE', 'BEOSOUND EMERGE', 'EA', '콤팩트 스마트 스피커, Wi-Fi 및 블루투스 지원, 180W 출력, 구글 어시스턴트 내장', 'ON_SALE', CURRENT_TIMESTAMP, CURRENT_TIMESTAMP),
('HDSBEPLAYEX', 'BEOPLAY EX', 'EA', '무선 이어폰, 액티브 노이즈 캔슬링(ANC), 최대 35시간 재생, IP57 방수/방진', 'ON_SALE', CURRENT_TIMESTAMP, CURRENT_TIMESTAMP),
('HDSBEPLAYHX', 'BEOPLAY HX', 'EA', '무선 헤드폰, 액티브 노이즈 캔슬링(ANC), 최대 35시간 재생, 40mm 드라이버, 가죽 이어패드', 'ON_SALE', CURRENT_TIMESTAMP, CURRENT_TIMESTAMP),
('HDSBEPLAYH95', 'BEOPLAY H95', 'EA', '프리미엄 무선 헤드폰, 액티브 노이즈 캔슬링(ANC), 최대 38시간 재생, 티타늄 드라이버', 'ON_SALE', CURRENT_TIMESTAMP, CURRENT_TIMESTAMP),
('SPKACTON3', 'ACTON 3', 'EA', '블루투스 스피커, 3.5인치 우퍼, 2개의 0.75인치 트위터, 30W 출력, 블루투스 5.0', 'ON_SALE', CURRENT_TIMESTAMP, CURRENT_TIMESTAMP),
('SPKEMBERTON2', 'EMBERTON 2', 'EA', '휴대용 블루투스 스피커, 20시간 배터리, IP67 방수/방진, 블루투스 5.0, 10W 출력', 'ON_SALE', CURRENT_TIMESTAMP, CURRENT_TIMESTAMP),
('SPKWOBURN3', 'WOBURN 3', 'EA', '대형 블루투스 스피커, 50W 출력, 듀얼 우퍼 및 트위터, RCA 입력 및 3.5mm 잭 지원', 'ON_SALE', CURRENT_TIMESTAMP, CURRENT_TIMESTAMP),
('SPKSTANMORE3', 'STANMORE 3', 'EA', '클래식 블루투스 스피커, 2개의 15W 트위터, 50W 서브우퍼, RCA 및 3.5mm 잭 지원', 'ON_SALE', CURRENT_TIMESTAMP, CURRENT_TIMESTAMP),
('HDSMONITOR2ANC', 'MONITOR 2 ANC', 'EA', '무선 헤드폰, 액티브 노이즈 캔슬링(ANC), 최대 45시간 재생, 폴딩 디자인', 'ON_SALE', CURRENT_TIMESTAMP, CURRENT_TIMESTAMP),
('HDSMAJORV', 'MAJOR V', 'EA', '블루투스 헤드폰, 최대 30시간 재생, IPX4 방수 등급, 유선 연결 가능', 'ON_SALE', CURRENT_TIMESTAMP, CURRENT_TIMESTAMP),
('SPKREVOLVEPLUS2', 'REVOLVE+ 2', 'EA', '360도 사운드 포터블 스피커, 17시간 배터리, IP55 방수/방진, 블루투스 5.1', 'ON_SALE', CURRENT_TIMESTAMP, CURRENT_TIMESTAMP),
('SPKMAXPORTABLE', 'MAX PORTABLE', 'EA', '포터블 스피커, 20시간 배터리, IP67 방수/방진, 저음 강조 기능, 블루투스 5.0', 'ON_SALE', CURRENT_TIMESTAMP, CURRENT_TIMESTAMP),
('HDSQCULTRA', 'QC ULTRA', 'EA', '무선 헤드폰, 액티브 노이즈 캔슬링(ANC), 최대 24시간 재생, 블루투스 5.1', 'ON_SALE', CURRENT_TIMESTAMP, CURRENT_TIMESTAMP),
('HDSQC45', 'QC 45', 'EA', '무선 헤드폰, 액티브 노이즈 캔슬링(ANC), 최대 24시간 재생, 블루투스 5.0', 'ON_SALE', CURRENT_TIMESTAMP, CURRENT_TIMESTAMP),
('SPK8361A', '8361AW', 'EA', '스튜디오 모니터 스피커, 트라이앰프 디자인, 10인치 우퍼, 150W 출력, 36Hz-20kHz 응답', 'ON_SALE', CURRENT_TIMESTAMP, CURRENT_TIMESTAMP),
('SPK8050B', '8050B', 'EA', '스튜디오 모니터 스피커, 8인치 우퍼, 150W 출력, 35Hz-20kHz 응답', 'ON_SALE', CURRENT_TIMESTAMP, CURRENT_TIMESTAMP);

-- m_purchase_price 테이블 데이터 삽입
INSERT INTO PURCHASE_PRICE (SUPPLIER_CODE, ITEM_CODE, PURCHASE_AMOUNT, RECEIPT_DATE, STOCK_QUANTITY) VALUES
('HK', 'SPKAURAS4BK', 289000, '2023-09-01 10:00:00', 100),
('HK', 'SPKSTICKS4BK', 399000, '2023-09-05 14:00:00', 80),
('HK', 'HADRADIANCE2400BK', 5700000, '2023-08-20 11:30:00', 20),
('HK', 'SDBCITAMB110GRAYS', 1050000, '2023-07-25 09:45:00', 30),
('BO', 'SPKBESOUNDA9', 4790000, '2023-09-10 13:00:00', 50),
('BO', 'SPKBESOUNDA5', 1690000, '2023-08-15 15:20:00', 70),
('BO', 'SPKBESOUNDBALANCE', 4290000, '2023-07-30 16:00:00', 40),
('BO', 'SPKBESOUNDEMERGE', 1250000, '2023-08-10 12:00:00', 60),
('BO', 'HDSBEPLAYEX', 459000, '2023-09-01 10:00:00', 120),
('BO', 'HDSBEPLAYHX', 759000, '2023-09-15 11:00:00', 90),
('BO', 'HDSBEPLAYH95', 1390000, '2023-08-25 09:00:00', 40),
('MS', 'SPKACTON3', 479000, '2023-08-10 13:30:00', 100),
('MS', 'SPKEMBERTON2', 289000, '2023-09-05 12:45:00', 110),
('MS', 'SPKWOBURN3', 989000, '2023-08-20 14:15:00', 70),
('MS', 'SPKSTANMORE3', 679000, '2023-09-15 15:30:00', 90),
('MS', 'HDSMONITOR2ANC', 409000, '2023-09-01 11:00:00', 100),
('MS', 'HDSMAJORV', 180000, '2023-09-20 10:30:00', 150),
('BS', 'SPKREVOLVEPLUS2', 359000, '2023-08-25 12:00:00', 100),
('BS', 'SPKMAXPORTABLE', 479000, '2023-07-30 14:00:00', 90),
('BS', 'HDSQCULTRA', 459000, '2023-09-05 13:30:00', 120),
('BS', 'HDSQC45', 319000, '2023-09-10 14:30:00', 110),
('GR', 'SPK8361A', 9800000, '2023-08-15 09:45:00', 10),
('GR', 'SPK8050B', 3590000, '2023-09-05 10:00:00', 30);

-- m_customer 테이블 데이터 삽입
INSERT INTO CUSTOMER (CUSTOMER_CODE, CUSTOMER_NAME, MANAGER, CUSTOMER_ADDRESS, CUSTOMER_DETAIL_ADDRESS, CUSTOMER_PHONE, CUSTOMER_EMAIL, CUSTOMER_STATUS, CUSTOMER_ADDRESS_NUMBER, CREATED_AT, MODIFIED_AT)
VALUES
('HM', '하이마트', '서준호', '서울특별시 강남구 테헤란로 12', 'LG 트윈타워 3층', '02-3012-4567', 'sejun.ho@himart.co.kr', 'ACTIVE', '12345', CURRENT_TIMESTAMP, CURRENT_TIMESTAMP),
('EM', '일렉트로마트', '이서연', '서울특별시 송파구 올림픽로 25', '롯데월드타워 5층', '02-5112-3421', 'seoyeon.lee@electromart.co.kr', 'ACTIVE', '54321', CURRENT_TIMESTAMP, CURRENT_TIMESTAMP),
('BS', '비케이사운드', '김지후', '서울특별시 마포구 상암동 45', 'DMC 빌딩 지하 1층', '02-6789-1234', 'jihu.kim@bksound.co.kr', 'ACTIVE', '67890', CURRENT_TIMESTAMP, CURRENT_TIMESTAMP),
('MS', '몬스터사운드', '정하윤', '서울특별시 서초구 사임당로 23', '현대 백화점 B1F', '02-7812-2345', 'hayun.jung@monstersound.co.kr', 'ACTIVE', '78901', CURRENT_TIMESTAMP, CURRENT_TIMESTAMP),
('SS', '소리샵', '최민서', '서울특별시 용산구 한강대로 88', '아이파크몰 305호', '02-9321-8765', 'minseo.choi@sorishop.co.kr', 'ACTIVE', '23456', CURRENT_TIMESTAMP, CURRENT_TIMESTAMP);

-- m_sales_price 테이블 데이터 삽입
INSERT INTO SALES_PRICE (ITEM_CODE, CUSTOMER_CODE, SALES_AMOUNT, START_DATE, END_DATE) VALUES
('SPKAURAS4BK', 'HM', 339000, '2023-09-01', '9999-12-31'),
('SPKAURAS4BK', 'EM', 329000, '2023-09-01', '9999-12-31'),
('SPKSTICKS4BK', 'HM', 459000, '2023-09-01', '9999-12-31'),
('SPKSTICKS4BK', 'BS', 449000, '2023-09-01', '9999-12-31'),
('HADRADIANCE2400BK', 'SS', 6190000, '2023-09-01', '9999-12-31'),
('HADRADIANCE2400BK', 'EM', 6090000, '2023-09-01', '9999-12-31'),
('SDBCITAMB110GRAYS', 'MS', 1150000, '2023-09-01', '9999-12-31'),
('SDBCITAMB110GRAYS', 'HM', 1199000, '2023-09-01', '9999-12-31'),
('SPKBESOUNDA9', 'SS', 5399000, '2023-09-01', '9999-12-31'),
('SPKBESOUNDA9', 'EM', 5299000, '2023-09-01', '9999-12-31'),
('SPKBESOUNDA5', 'BS', 1899000, '2023-09-01', '9999-12-31'),
('SPKBESOUNDA5', 'HM', 1799000, '2023-09-01', '9999-12-31'),
('SPKBESOUNDBALANCE', 'MS', 4799000, '2023-09-01', '9999-12-31'),
('SPKBESOUNDBALANCE', 'SS', 4699000, '2023-09-01', '9999-12-31'),
('SPKBESOUNDEMERGE', 'BS', 1299000, '2023-09-01', '9999-12-31'),
('SPKBESOUNDEMERGE', 'EM', 1279000, '2023-09-01', '9999-12-31'),
('HDSBEPLAYEX', 'HM', 509000, '2023-09-01', '9999-12-31'),
('HDSBEPLAYEX', 'MS', 499000, '2023-09-01', '9999-12-31'),
('HDSBEPLAYHX', 'EM', 819000, '2023-09-01', '9999-12-31'),
('HDSBEPLAYHX', 'SS', 809000, '2023-09-01', '9999-12-31'),
('SPKWOBURN3', 'MS', 1115000, '2023-09-01', '9999-12-31'),
('SPKWOBURN3', 'HM', 1065000, '2023-09-01', '9999-12-31'),
('SPKSTANMORE3', 'BS', 759000, '2023-09-01', '9999-12-31');


-- t_member 테이블 데이터 삽입
INSERT INTO MEMBER (MEMBER_ID, MEMBER_NAME, PASSWORD, POSITION, DEPARTMENT, MEMBER_STATUS) VALUES
('SLS001', '은하늘', '{bcrypt}$2b$12$xj.fPghO59mXgqQHQ91WSOC2VIcNSYlx1C/aJDTbUcXEjDzWkRdJW', '팀장', '영업4팀', 'ACTIVE'),
('SLS002', '박원일', '{bcrypt}$2b$12$FXzdhsipwWq7SH1shJgIXuBLF2x8HrkKAHiVtBExejgwsJBp5TcFW', '사원', '영업4팀', 'ACTIVE'),
('SLS003', '고경범', '{bcrypt}$2b$12$rtb5g6wdJfJ64My3BdwXsecJRTVJIvEPRINgPZb2vEM.s/tN4gkbm', '사원', '영업4팀', 'ACTIVE'),
('SLS004', '황해진', '{bcrypt}$2b$12$r6jVgPJ8nF8PjsCe.cOpIeMI5rDem.dFtboS0elja1Lkph6qASEL2', '사원', '영업4팀', 'ACTIVE'),
('SLS005', '옥성민', '{bcrypt}$2b$12$PHIB4XXYHRFSc/ge05/VVOTZge.mx0yp6XBoYcEuUXopQQrtpEsSS', '사원', '영업4팀', 'ACTIVE');

-- t_member_permissions 테이블 데이터 삽입
INSERT INTO MEMBER_PERMISSIONS (MEMBER_MEMBER_ID, PERMISSIONS) VALUES
('SLS001', 'TL'),
('SLS001', 'TM'),
('SLS002', 'TM'),
('SLS003', 'TM'),
('SLS004', 'TM'),
('SLS005', 'TM');

--INSERT INTO ORDER_HEADER (ORDER_HEADER_ID, CUSTOMER_CODE, MEMBER_ID, ORDER_DATE, ACCEPT_DATE, ORDER_HEADER_STATUS) VALUES (2409098316, 'MS', 'SLS001', '2024-09-09', '2024-09-10', 'ACCEPT');
--INSERT INTO ORDER_HEADER (ORDER_HEADER_ID, CUSTOMER_CODE, MEMBER_ID, ORDER_DATE, ACCEPT_DATE, ORDER_HEADER_STATUS) VALUES (2409071418, 'SS', 'SLS001', '2024-09-07', '2024-09-08', 'ACCEPT');
--INSERT INTO ORDER_HEADER (ORDER_HEADER_ID, CUSTOMER_CODE, MEMBER_ID, ORDER_DATE, ACCEPT_DATE, ORDER_HEADER_STATUS) VALUES (2409021372, 'BS', 'SLS002', '2024-09-02', '2024-09-03', 'ACCEPT');
--INSERT INTO ORDER_HEADER (ORDER_HEADER_ID, CUSTOMER_CODE, MEMBER_ID, ORDER_DATE, ACCEPT_DATE, ORDER_HEADER_STATUS) VALUES (2409071168, 'SS', 'SLS001', '2024-09-07', '2024-09-08', 'ACCEPT');
--INSERT INTO ORDER_HEADER (ORDER_HEADER_ID, CUSTOMER_CODE, MEMBER_ID, ORDER_DATE, ACCEPT_DATE, ORDER_HEADER_STATUS) VALUES (2408245429, 'BS', 'SLS001', '2024-08-24', '2024-08-25', 'ACCEPT');
--INSERT INTO ORDER_HEADER (ORDER_HEADER_ID, CUSTOMER_CODE, MEMBER_ID, ORDER_DATE, ACCEPT_DATE, ORDER_HEADER_STATUS) VALUES (2409109849, 'EM', 'SLS003', '2024-09-10', '2024-09-11', 'ACCEPT');
--INSERT INTO ORDER_HEADER (ORDER_HEADER_ID, CUSTOMER_CODE, MEMBER_ID, ORDER_DATE, ACCEPT_DATE, ORDER_HEADER_STATUS) VALUES (2408304666, 'HM', 'SLS003', '2024-08-30', '2024-08-31', 'ACCEPT');
--INSERT INTO ORDER_HEADER (ORDER_HEADER_ID, CUSTOMER_CODE, MEMBER_ID, ORDER_DATE, ACCEPT_DATE, ORDER_HEADER_STATUS) VALUES (2408143709, 'BS', 'SLS002', '2024-08-14', '2024-08-15', 'ACCEPT');
--INSERT INTO ORDER_HEADER (ORDER_HEADER_ID, CUSTOMER_CODE, MEMBER_ID, ORDER_DATE, ACCEPT_DATE, ORDER_HEADER_STATUS) VALUES (2409103712, 'HM', 'SLS003', '2024-09-10', '2024-09-11', 'ACCEPT');
--INSERT INTO ORDER_HEADER (ORDER_HEADER_ID, CUSTOMER_CODE, MEMBER_ID, ORDER_DATE, ACCEPT_DATE, ORDER_HEADER_STATUS) VALUES (2409126487, 'EM', 'SLS004', '2024-09-12', '2024-09-13', 'ACCEPT');
--INSERT INTO ORDER_HEADER (ORDER_HEADER_ID, CUSTOMER_CODE, MEMBER_ID, ORDER_DATE, ACCEPT_DATE, ORDER_HEADER_STATUS) VALUES (2408291696, 'HM', 'SLS004', '2024-08-29', '2024-08-30', 'ACCEPT');
--INSERT INTO ORDER_HEADER (ORDER_HEADER_ID, CUSTOMER_CODE, MEMBER_ID, ORDER_DATE, ACCEPT_DATE, ORDER_HEADER_STATUS) VALUES (2408295086, 'HM', 'SLS002', '2024-08-29', '2024-08-30', 'ACCEPT');
--INSERT INTO ORDER_HEADER (ORDER_HEADER_ID, CUSTOMER_CODE, MEMBER_ID, ORDER_DATE, ACCEPT_DATE, ORDER_HEADER_STATUS) VALUES (2408210639, 'SS', 'SLS002', '2024-08-21', '2024-08-22', 'ACCEPT');
--INSERT INTO ORDER_HEADER (ORDER_HEADER_ID, CUSTOMER_CODE, MEMBER_ID, ORDER_DATE, ACCEPT_DATE, ORDER_HEADER_STATUS) VALUES (2408154723, 'BS', 'SLS003', '2024-08-15', '2024-08-16', 'ACCEPT');
--INSERT INTO ORDER_HEADER (ORDER_HEADER_ID, CUSTOMER_CODE, MEMBER_ID, ORDER_DATE, ACCEPT_DATE, ORDER_HEADER_STATUS) VALUES (2409092685, 'SS', 'SLS004', '2024-09-09', '2024-09-10', 'ACCEPT');
--INSERT INTO ORDER_HEADER (ORDER_HEADER_ID, CUSTOMER_CODE, MEMBER_ID, ORDER_DATE, ACCEPT_DATE, ORDER_HEADER_STATUS) VALUES (2409044386, 'BS', 'SLS004', '2024-09-04', '2024-09-05', 'ACCEPT');
--INSERT INTO ORDER_HEADER (ORDER_HEADER_ID, CUSTOMER_CODE, MEMBER_ID, ORDER_DATE, ACCEPT_DATE, ORDER_HEADER_STATUS) VALUES (2409043399, 'MS', 'SLS003', '2024-09-04', '2024-09-05', 'ACCEPT');
--INSERT INTO ORDER_HEADER (ORDER_HEADER_ID, CUSTOMER_CODE, MEMBER_ID, ORDER_DATE, ACCEPT_DATE, ORDER_HEADER_STATUS) VALUES (2408170110, 'BS', 'SLS002', '2024-08-17', '2024-08-18', 'ACCEPT');
--INSERT INTO ORDER_HEADER (ORDER_HEADER_ID, CUSTOMER_CODE, MEMBER_ID, ORDER_DATE, ACCEPT_DATE, ORDER_HEADER_STATUS) VALUES (2408173620, 'SS', 'SLS001', '2024-08-17', '2024-08-18', 'ACCEPT');
--INSERT INTO ORDER_HEADER (ORDER_HEADER_ID, CUSTOMER_CODE, MEMBER_ID, ORDER_DATE, ACCEPT_DATE, ORDER_HEADER_STATUS) VALUES (2408318319, 'BS', 'SLS005', '2024-08-31', '2024-09-01', 'ACCEPT');
--INSERT INTO ORDER_HEADER (ORDER_HEADER_ID, CUSTOMER_CODE, MEMBER_ID, ORDER_DATE, ACCEPT_DATE, ORDER_HEADER_STATUS) VALUES (2409015011, 'MS', 'SLS001', '2024-09-01', '2024-09-02', 'ACCEPT');
--INSERT INTO ORDER_HEADER (ORDER_HEADER_ID, CUSTOMER_CODE, MEMBER_ID, ORDER_DATE, ACCEPT_DATE, ORDER_HEADER_STATUS) VALUES (2408154312, 'SS', 'SLS002', '2024-08-15', '2024-08-16', 'ACCEPT');
--INSERT INTO ORDER_HEADER (ORDER_HEADER_ID, CUSTOMER_CODE, MEMBER_ID, ORDER_DATE, ACCEPT_DATE, ORDER_HEADER_STATUS) VALUES (2409093778, 'EM', 'SLS005', '2024-09-09', '2024-09-10', 'ACCEPT');
--INSERT INTO ORDER_HEADER (ORDER_HEADER_ID, CUSTOMER_CODE, MEMBER_ID, ORDER_DATE, ACCEPT_DATE, ORDER_HEADER_STATUS) VALUES (2409036317, 'BS', 'SLS003', '2024-09-03', '2024-09-04', 'ACCEPT');
--INSERT INTO ORDER_HEADER (ORDER_HEADER_ID, CUSTOMER_CODE, MEMBER_ID, ORDER_DATE, ACCEPT_DATE, ORDER_HEADER_STATUS) VALUES (2409031838, 'EM', 'SLS003', '2024-09-03', '2024-09-04', 'ACCEPT');
--INSERT INTO ORDER_HEADER (ORDER_HEADER_ID, CUSTOMER_CODE, MEMBER_ID, ORDER_DATE, ACCEPT_DATE, ORDER_HEADER_STATUS) VALUES (2409076961, 'HM', 'SLS004', '2024-09-07', '2024-09-08', 'ACCEPT');
--INSERT INTO ORDER_HEADER (ORDER_HEADER_ID, CUSTOMER_CODE, MEMBER_ID, ORDER_DATE, ACCEPT_DATE, ORDER_HEADER_STATUS) VALUES (2408195215, 'BS', 'SLS005', '2024-08-19', '2024-08-20', 'ACCEPT');
--INSERT INTO ORDER_HEADER (ORDER_HEADER_ID, CUSTOMER_CODE, MEMBER_ID, ORDER_DATE, ACCEPT_DATE, ORDER_HEADER_STATUS) VALUES (2409068281, 'SS', 'SLS002', '2024-09-06', '2024-09-07', 'ACCEPT');
--INSERT INTO ORDER_HEADER (ORDER_HEADER_ID, CUSTOMER_CODE, MEMBER_ID, ORDER_DATE, ACCEPT_DATE, ORDER_HEADER_STATUS) VALUES (2408266383, 'BS', 'SLS003', '2024-08-26', '2024-08-27', 'ACCEPT');
--INSERT INTO ORDER_HEADER (ORDER_HEADER_ID, CUSTOMER_CODE, MEMBER_ID, ORDER_DATE, ACCEPT_DATE, ORDER_HEADER_STATUS) VALUES (2408191702, 'HM', 'SLS003', '2024-08-19', '2024-08-20', 'ACCEPT');
--INSERT INTO ORDER_HEADER (ORDER_HEADER_ID, CUSTOMER_CODE, MEMBER_ID, ORDER_DATE, ACCEPT_DATE, ORDER_HEADER_STATUS) VALUES (2408201140, 'HM', 'SLS003', '2024-08-20', '2024-08-21', 'ACCEPT');
--INSERT INTO ORDER_HEADER (ORDER_HEADER_ID, CUSTOMER_CODE, MEMBER_ID, ORDER_DATE, ACCEPT_DATE, ORDER_HEADER_STATUS) VALUES (2409115125, 'HM', 'SLS005', '2024-09-11', '2024-09-12', 'ACCEPT');
--INSERT INTO ORDER_HEADER (ORDER_HEADER_ID, CUSTOMER_CODE, MEMBER_ID, ORDER_DATE, ACCEPT_DATE, ORDER_HEADER_STATUS) VALUES (2408256420, 'MS', 'SLS005', '2024-08-25', '2024-08-26', 'ACCEPT');
--INSERT INTO ORDER_HEADER (ORDER_HEADER_ID, CUSTOMER_CODE, MEMBER_ID, ORDER_DATE, ACCEPT_DATE, ORDER_HEADER_STATUS) VALUES (2409095493, 'MS', 'SLS002', '2024-09-09', '2024-09-10', 'ACCEPT');
--INSERT INTO ORDER_HEADER (ORDER_HEADER_ID, CUSTOMER_CODE, MEMBER_ID, ORDER_DATE, ACCEPT_DATE, ORDER_HEADER_STATUS) VALUES (2409086842, 'BS', 'SLS002', '2024-09-08', '2024-09-09', 'ACCEPT');
--INSERT INTO ORDER_HEADER (ORDER_HEADER_ID, CUSTOMER_CODE, MEMBER_ID, ORDER_DATE, ACCEPT_DATE, ORDER_HEADER_STATUS) VALUES (2409077879, 'EM', 'SLS003', '2024-09-07', '2024-09-08', 'ACCEPT');
--INSERT INTO ORDER_HEADER (ORDER_HEADER_ID, CUSTOMER_CODE, MEMBER_ID, ORDER_DATE, ACCEPT_DATE, ORDER_HEADER_STATUS) VALUES (2409032738, 'HM', 'SLS002', '2024-09-03', '2024-09-04', 'ACCEPT');
--INSERT INTO ORDER_HEADER (ORDER_HEADER_ID, CUSTOMER_CODE, MEMBER_ID, ORDER_DATE, ACCEPT_DATE, ORDER_HEADER_STATUS) VALUES (2409010550, 'BS', 'SLS005', '2024-09-01', '2024-09-02', 'ACCEPT');
--INSERT INTO ORDER_HEADER (ORDER_HEADER_ID, CUSTOMER_CODE, MEMBER_ID, ORDER_DATE, ACCEPT_DATE, ORDER_HEADER_STATUS) VALUES (2408276793, 'EM', 'SLS002', '2024-08-27', '2024-08-28', 'ACCEPT');
--INSERT INTO ORDER_HEADER (ORDER_HEADER_ID, CUSTOMER_CODE, MEMBER_ID, ORDER_DATE, ACCEPT_DATE, ORDER_HEADER_STATUS) VALUES (2409045762, 'HM', 'SLS002', '2024-09-04', '2024-09-05', 'ACCEPT');
--INSERT INTO ORDER_HEADER (ORDER_HEADER_ID, CUSTOMER_CODE, MEMBER_ID, ORDER_DATE, ACCEPT_DATE, ORDER_HEADER_STATUS) VALUES (2409011295, 'SS', 'SLS002', '2024-09-01', '2024-09-02', 'ACCEPT');
--INSERT INTO ORDER_HEADER (ORDER_HEADER_ID, CUSTOMER_CODE, MEMBER_ID, ORDER_DATE, ACCEPT_DATE, ORDER_HEADER_STATUS) VALUES (2409025971, 'SS', 'SLS003', '2024-09-02', '2024-09-03', 'ACCEPT');
--INSERT INTO ORDER_HEADER (ORDER_HEADER_ID, CUSTOMER_CODE, MEMBER_ID, ORDER_DATE, ACCEPT_DATE, ORDER_HEADER_STATUS) VALUES (2408254090, 'MS', 'SLS002', '2024-08-25', '2024-08-26', 'ACCEPT');
--INSERT INTO ORDER_HEADER (ORDER_HEADER_ID, CUSTOMER_CODE, MEMBER_ID, ORDER_DATE, ACCEPT_DATE, ORDER_HEADER_STATUS) VALUES (2408262271, 'EM', 'SLS004', '2024-08-26', '2024-08-27', 'ACCEPT');
--INSERT INTO ORDER_HEADER (ORDER_HEADER_ID, CUSTOMER_CODE, MEMBER_ID, ORDER_DATE, ACCEPT_DATE, ORDER_HEADER_STATUS) VALUES (2408203059, 'EM', 'SLS004', '2024-08-20', '2024-08-21', 'ACCEPT');
--INSERT INTO ORDER_HEADER (ORDER_HEADER_ID, CUSTOMER_CODE, MEMBER_ID, ORDER_DATE, ACCEPT_DATE, ORDER_HEADER_STATUS) VALUES (2408163687, 'HM', 'SLS001', '2024-08-16', '2024-08-17', 'ACCEPT');
--INSERT INTO ORDER_HEADER (ORDER_HEADER_ID, CUSTOMER_CODE, MEMBER_ID, ORDER_DATE, ACCEPT_DATE, ORDER_HEADER_STATUS) VALUES (2409112842, 'HM', 'SLS002', '2024-09-11', '2024-09-12', 'ACCEPT');
--INSERT INTO ORDER_HEADER (ORDER_HEADER_ID, CUSTOMER_CODE, MEMBER_ID, ORDER_DATE, ACCEPT_DATE, ORDER_HEADER_STATUS) VALUES (2409092357, 'SS', 'SLS003', '2024-09-09', '2024-09-10', 'ACCEPT');
--INSERT INTO ORDER_HEADER (ORDER_HEADER_ID, CUSTOMER_CODE, MEMBER_ID, ORDER_DATE, ACCEPT_DATE, ORDER_HEADER_STATUS) VALUES (2408144305, 'HM', 'SLS001', '2024-08-14', '2024-08-15', 'ACCEPT');
--INSERT INTO ORDER_HEADER (ORDER_HEADER_ID, CUSTOMER_CODE, MEMBER_ID, ORDER_DATE, ACCEPT_DATE, ORDER_HEADER_STATUS) VALUES (2408310842, 'SS', 'SLS003', '2024-08-31', '2024-09-01', 'ACCEPT');
--INSERT INTO ORDER_HEADER (ORDER_HEADER_ID, CUSTOMER_CODE, MEMBER_ID, ORDER_DATE, ACCEPT_DATE, ORDER_HEADER_STATUS) VALUES (2408292140, 'HM', 'SLS003', '2024-08-29', '2024-08-30', 'ACCEPT');
--INSERT INTO ORDER_HEADER (ORDER_HEADER_ID, CUSTOMER_CODE, MEMBER_ID, ORDER_DATE, ACCEPT_DATE, ORDER_HEADER_STATUS) VALUES (2409095126, 'MS', 'SLS002', '2024-09-09', '2024-09-10', 'ACCEPT');
--INSERT INTO ORDER_HEADER (ORDER_HEADER_ID, CUSTOMER_CODE, MEMBER_ID, ORDER_DATE, ACCEPT_DATE, ORDER_HEADER_STATUS) VALUES (2409093038, 'EM', 'SLS004', '2024-09-09', '2024-09-10', 'ACCEPT');
--INSERT INTO ORDER_HEADER (ORDER_HEADER_ID, CUSTOMER_CODE, MEMBER_ID, ORDER_DATE, ACCEPT_DATE, ORDER_HEADER_STATUS) VALUES (2409027258, 'HM', 'SLS003', '2024-09-02', '2024-09-03', 'ACCEPT');
--INSERT INTO ORDER_HEADER (ORDER_HEADER_ID, CUSTOMER_CODE, MEMBER_ID, ORDER_DATE, ACCEPT_DATE, ORDER_HEADER_STATUS) VALUES (2408147262, 'SS', 'SLS003', '2024-08-14', '2024-08-15', 'ACCEPT');
--INSERT INTO ORDER_HEADER (ORDER_HEADER_ID, CUSTOMER_CODE, MEMBER_ID, ORDER_DATE, ACCEPT_DATE, ORDER_HEADER_STATUS) VALUES (2408292801, 'SS', 'SLS005', '2024-08-29', '2024-08-30', 'ACCEPT');
--INSERT INTO ORDER_HEADER (ORDER_HEADER_ID, CUSTOMER_CODE, MEMBER_ID, ORDER_DATE, ACCEPT_DATE, ORDER_HEADER_STATUS) VALUES (2409036135, 'SS', 'SLS003', '2024-09-03', '2024-09-04', 'ACCEPT');
--INSERT INTO ORDER_HEADER (ORDER_HEADER_ID, CUSTOMER_CODE, MEMBER_ID, ORDER_DATE, ACCEPT_DATE, ORDER_HEADER_STATUS) VALUES (2408208301, 'SS', 'SLS003', '2024-08-20', '2024-08-21', 'ACCEPT');
--INSERT INTO ORDER_HEADER (ORDER_HEADER_ID, CUSTOMER_CODE, MEMBER_ID, ORDER_DATE, ACCEPT_DATE, ORDER_HEADER_STATUS) VALUES (2409027944, 'MS', 'SLS004', '2024-09-02', '2024-09-03', 'ACCEPT');
--INSERT INTO ORDER_HEADER (ORDER_HEADER_ID, CUSTOMER_CODE, MEMBER_ID, ORDER_DATE, ACCEPT_DATE, ORDER_HEADER_STATUS) VALUES (2409122662, 'EM', 'SLS003', '2024-09-12', '2024-09-13', 'ACCEPT');
--INSERT INTO ORDER_HEADER (ORDER_HEADER_ID, CUSTOMER_CODE, MEMBER_ID, ORDER_DATE, ACCEPT_DATE, ORDER_HEADER_STATUS) VALUES (2409095393, 'HM', 'SLS005', '2024-09-09', '2024-09-10', 'ACCEPT');
--INSERT INTO ORDER_HEADER (ORDER_HEADER_ID, CUSTOMER_CODE, MEMBER_ID, ORDER_DATE, ACCEPT_DATE, ORDER_HEADER_STATUS) VALUES (2409044641, 'HM', 'SLS004', '2024-09-04', '2024-09-05', 'ACCEPT');
--INSERT INTO ORDER_HEADER (ORDER_HEADER_ID, CUSTOMER_CODE, MEMBER_ID, ORDER_DATE, ACCEPT_DATE, ORDER_HEADER_STATUS) VALUES (2409091481, 'EM', 'SLS004', '2024-09-09', '2024-09-10', 'ACCEPT');
--INSERT INTO ORDER_HEADER (ORDER_HEADER_ID, CUSTOMER_CODE, MEMBER_ID, ORDER_DATE, ACCEPT_DATE, ORDER_HEADER_STATUS) VALUES (2409101949, 'EM', 'SLS004', '2024-09-10', '2024-09-11', 'ACCEPT');
--INSERT INTO ORDER_HEADER (ORDER_HEADER_ID, CUSTOMER_CODE, MEMBER_ID, ORDER_DATE, ACCEPT_DATE, ORDER_HEADER_STATUS) VALUES (2409048206, 'HM', 'SLS001', '2024-09-04', '2024-09-05', 'ACCEPT');
--INSERT INTO ORDER_HEADER (ORDER_HEADER_ID, CUSTOMER_CODE, MEMBER_ID, ORDER_DATE, ACCEPT_DATE, ORDER_HEADER_STATUS) VALUES (2408167894, 'SS', 'SLS001', '2024-08-16', '2024-08-17', 'ACCEPT');
--INSERT INTO ORDER_HEADER (ORDER_HEADER_ID, CUSTOMER_CODE, MEMBER_ID, ORDER_DATE, ACCEPT_DATE, ORDER_HEADER_STATUS) VALUES (2409044424, 'BS', 'SLS003', '2024-09-04', '2024-09-05', 'ACCEPT');
--INSERT INTO ORDER_HEADER (ORDER_HEADER_ID, CUSTOMER_CODE, MEMBER_ID, ORDER_DATE, ACCEPT_DATE, ORDER_HEADER_STATUS) VALUES (2408148574, 'BS', 'SLS005', '2024-08-14', '2024-08-15', 'ACCEPT');
--INSERT INTO ORDER_HEADER (ORDER_HEADER_ID, CUSTOMER_CODE, MEMBER_ID, ORDER_DATE, ACCEPT_DATE, ORDER_HEADER_STATUS) VALUES (2408143719, 'EM', 'SLS001', '2024-08-14', '2024-08-15', 'ACCEPT');
--INSERT INTO ORDER_HEADER (ORDER_HEADER_ID, CUSTOMER_CODE, MEMBER_ID, ORDER_DATE, ACCEPT_DATE, ORDER_HEADER_STATUS) VALUES (2409033423, 'HM', 'SLS005', '2024-09-03', '2024-09-04', 'ACCEPT');
--INSERT INTO ORDER_HEADER (ORDER_HEADER_ID, CUSTOMER_CODE, MEMBER_ID, ORDER_DATE, ACCEPT_DATE, ORDER_HEADER_STATUS) VALUES (2408274557, 'HM', 'SLS002', '2024-08-27', '2024-08-28', 'ACCEPT');
--INSERT INTO ORDER_HEADER (ORDER_HEADER_ID, CUSTOMER_CODE, MEMBER_ID, ORDER_DATE, ACCEPT_DATE, ORDER_HEADER_STATUS) VALUES (2408160982, 'SS', 'SLS002', '2024-08-16', '2024-08-17', 'ACCEPT');
--INSERT INTO ORDER_HEADER (ORDER_HEADER_ID, CUSTOMER_CODE, MEMBER_ID, ORDER_DATE, ACCEPT_DATE, ORDER_HEADER_STATUS) VALUES (2408319123, 'HM', 'SLS002', '2024-08-31', '2024-09-01', 'ACCEPT');
--INSERT INTO ORDER_HEADER (ORDER_HEADER_ID, CUSTOMER_CODE, MEMBER_ID, ORDER_DATE, ACCEPT_DATE, ORDER_HEADER_STATUS) VALUES (2408160359, 'BS', 'SLS005', '2024-08-16', '2024-08-17', 'ACCEPT');
--INSERT INTO ORDER_HEADER (ORDER_HEADER_ID, CUSTOMER_CODE, MEMBER_ID, ORDER_DATE, ACCEPT_DATE, ORDER_HEADER_STATUS) VALUES (2408161972, 'SS', 'SLS002', '2024-08-16', '2024-08-17', 'ACCEPT');
--INSERT INTO ORDER_HEADER (ORDER_HEADER_ID, CUSTOMER_CODE, MEMBER_ID, ORDER_DATE, ACCEPT_DATE, ORDER_HEADER_STATUS) VALUES (2408316966, 'EM', 'SLS005', '2024-08-31', '2024-09-01', 'ACCEPT');
--INSERT INTO ORDER_HEADER (ORDER_HEADER_ID, CUSTOMER_CODE, MEMBER_ID, ORDER_DATE, ACCEPT_DATE, ORDER_HEADER_STATUS) VALUES (2408192832, 'BS', 'SLS004', '2024-08-19', '2024-08-20', 'ACCEPT');
--INSERT INTO ORDER_HEADER (ORDER_HEADER_ID, CUSTOMER_CODE, MEMBER_ID, ORDER_DATE, ACCEPT_DATE, ORDER_HEADER_STATUS) VALUES (2408226322, 'HM', 'SLS004', '2024-08-22', '2024-08-23', 'ACCEPT');
--INSERT INTO ORDER_HEADER (ORDER_HEADER_ID, CUSTOMER_CODE, MEMBER_ID, ORDER_DATE, ACCEPT_DATE, ORDER_HEADER_STATUS) VALUES (2408207037, 'SS', 'SLS003', '2024-08-20', '2024-08-21', 'ACCEPT');
--INSERT INTO ORDER_HEADER (ORDER_HEADER_ID, CUSTOMER_CODE, MEMBER_ID, ORDER_DATE, ACCEPT_DATE, ORDER_HEADER_STATUS) VALUES (2409072884, 'SS', 'SLS003', '2024-09-07', '2024-09-08', 'ACCEPT');
--INSERT INTO ORDER_HEADER (ORDER_HEADER_ID, CUSTOMER_CODE, MEMBER_ID, ORDER_DATE, ACCEPT_DATE, ORDER_HEADER_STATUS) VALUES (2408301887, 'HM', 'SLS001', '2024-08-30', '2024-08-31', 'ACCEPT');
--INSERT INTO ORDER_HEADER (ORDER_HEADER_ID, CUSTOMER_CODE, MEMBER_ID, ORDER_DATE, ACCEPT_DATE, ORDER_HEADER_STATUS) VALUES (2409113685, 'HM', 'SLS003', '2024-09-11', '2024-09-12', 'ACCEPT');
--INSERT INTO ORDER_HEADER (ORDER_HEADER_ID, CUSTOMER_CODE, MEMBER_ID, ORDER_DATE, ACCEPT_DATE, ORDER_HEADER_STATUS) VALUES (2409011860, 'SS', 'SLS002', '2024-09-01', '2024-09-02', 'ACCEPT');
--INSERT INTO ORDER_HEADER (ORDER_HEADER_ID, CUSTOMER_CODE, MEMBER_ID, ORDER_DATE, ACCEPT_DATE, ORDER_HEADER_STATUS) VALUES (2408245311, 'MS', 'SLS003', '2024-08-24', '2024-08-25', 'ACCEPT');
--INSERT INTO ORDER_HEADER (ORDER_HEADER_ID, CUSTOMER_CODE, MEMBER_ID, ORDER_DATE, ACCEPT_DATE, ORDER_HEADER_STATUS) VALUES (2408280118, 'MS', 'SLS002', '2024-08-28', '2024-08-29', 'ACCEPT');
--INSERT INTO ORDER_HEADER (ORDER_HEADER_ID, CUSTOMER_CODE, MEMBER_ID, ORDER_DATE, ACCEPT_DATE, ORDER_HEADER_STATUS) VALUES (2409061116, 'SS', 'SLS003', '2024-09-06', '2024-09-07', 'ACCEPT');
--INSERT INTO ORDER_HEADER (ORDER_HEADER_ID, CUSTOMER_CODE, MEMBER_ID, ORDER_DATE, ACCEPT_DATE, ORDER_HEADER_STATUS) VALUES (2408313099, 'MS', 'SLS003', '2024-08-31', '2024-09-01', 'ACCEPT');
--INSERT INTO ORDER_HEADER (ORDER_HEADER_ID, CUSTOMER_CODE, MEMBER_ID, ORDER_DATE, ACCEPT_DATE, ORDER_HEADER_STATUS) VALUES (2408229578, 'BS', 'SLS003', '2024-08-22', '2024-08-23', 'ACCEPT');
--INSERT INTO ORDER_HEADER (ORDER_HEADER_ID, CUSTOMER_CODE, MEMBER_ID, ORDER_DATE, ACCEPT_DATE, ORDER_HEADER_STATUS) VALUES (2408222554, 'BS', 'SLS002', '2024-08-22', '2024-08-23', 'ACCEPT');
--INSERT INTO ORDER_HEADER (ORDER_HEADER_ID, CUSTOMER_CODE, MEMBER_ID, ORDER_DATE, ACCEPT_DATE, ORDER_HEADER_STATUS) VALUES (2408156579, 'EM', 'SLS004', '2024-08-15', '2024-08-16', 'ACCEPT');
--INSERT INTO ORDER_HEADER (ORDER_HEADER_ID, CUSTOMER_CODE, MEMBER_ID, ORDER_DATE, ACCEPT_DATE, ORDER_HEADER_STATUS) VALUES (2409018174, 'MS', 'SLS004', '2024-09-01', '2024-09-02', 'ACCEPT');
--INSERT INTO ORDER_HEADER (ORDER_HEADER_ID, CUSTOMER_CODE, MEMBER_ID, ORDER_DATE, ACCEPT_DATE, ORDER_HEADER_STATUS) VALUES (2409122416, 'EM', 'SLS002', '2024-09-12', '2024-09-13', 'ACCEPT');
--INSERT INTO ORDER_HEADER (ORDER_HEADER_ID, CUSTOMER_CODE, MEMBER_ID, ORDER_DATE, ACCEPT_DATE, ORDER_HEADER_STATUS) VALUES (2408222042, 'HM', 'SLS002', '2024-08-22', '2024-08-23', 'ACCEPT');
--INSERT INTO ORDER_HEADER (ORDER_HEADER_ID, CUSTOMER_CODE, MEMBER_ID, ORDER_DATE, ACCEPT_DATE, ORDER_HEADER_STATUS) VALUES (2408183437, 'BS', 'SLS003', '2024-08-18', '2024-08-19', 'ACCEPT');
--INSERT INTO ORDER_HEADER (ORDER_HEADER_ID, CUSTOMER_CODE, MEMBER_ID, ORDER_DATE, ACCEPT_DATE, ORDER_HEADER_STATUS) VALUES (2408308474, 'MS', 'SLS003', '2024-08-30', '2024-08-31', 'ACCEPT');
--INSERT INTO ORDER_HEADER (ORDER_HEADER_ID, CUSTOMER_CODE, MEMBER_ID, ORDER_DATE, ACCEPT_DATE, ORDER_HEADER_STATUS) VALUES (2408152874, 'MS', 'SLS001', '2024-08-15', '2024-08-16', 'ACCEPT');
--INSERT INTO ORDER_HEADER (ORDER_HEADER_ID, CUSTOMER_CODE, MEMBER_ID, ORDER_DATE, ACCEPT_DATE, ORDER_HEADER_STATUS) VALUES (2409126928, 'EM', 'SLS004', '2024-09-12', '2024-09-13', 'ACCEPT');
--INSERT INTO ORDER_HEADER (ORDER_HEADER_ID, CUSTOMER_CODE, MEMBER_ID, ORDER_DATE, ACCEPT_DATE, ORDER_HEADER_STATUS) VALUES (2409059468, 'HM', 'SLS002', '2024-09-05', '2024-09-06', 'ACCEPT');
--INSERT INTO ORDER_HEADER (ORDER_HEADER_ID, CUSTOMER_CODE, MEMBER_ID, ORDER_DATE, ACCEPT_DATE, ORDER_HEADER_STATUS) VALUES (2408204895, 'BS', 'SLS002', '2024-08-20', '2024-08-21', 'ACCEPT');
--INSERT INTO ORDER_HEADER (ORDER_HEADER_ID, CUSTOMER_CODE, MEMBER_ID, ORDER_DATE, ACCEPT_DATE, ORDER_HEADER_STATUS) VALUES (2408293366, 'EM', 'SLS005', '2024-08-29', '2024-08-30', 'ACCEPT');
--INSERT INTO ORDER_HEADER (ORDER_HEADER_ID, CUSTOMER_CODE, MEMBER_ID, ORDER_DATE, ACCEPT_DATE, ORDER_HEADER_STATUS) VALUES (2408274810, 'EM', 'SLS004', '2024-08-27', '2024-08-28', 'ACCEPT');
--INSERT INTO ORDER_HEADER (ORDER_HEADER_ID, CUSTOMER_CODE, MEMBER_ID, ORDER_DATE, ACCEPT_DATE, ORDER_HEADER_STATUS) VALUES (2409027521, 'EM', 'SLS003', '2024-09-02', '2024-09-03', 'ACCEPT');
--INSERT INTO ORDER_HEADER (ORDER_HEADER_ID, CUSTOMER_CODE, MEMBER_ID, ORDER_DATE, ACCEPT_DATE, ORDER_HEADER_STATUS) VALUES (2408306544, 'MS', 'SLS001', '2024-08-30', '2024-08-31', 'ACCEPT');
--INSERT INTO ORDER_HEADER (ORDER_HEADER_ID, CUSTOMER_CODE, MEMBER_ID, ORDER_DATE, ACCEPT_DATE, ORDER_HEADER_STATUS) VALUES (2408148424, 'BS', 'SLS005', '2024-08-14', '2024-08-15', 'ACCEPT');
--INSERT INTO ORDER_HEADER (ORDER_HEADER_ID, CUSTOMER_CODE, MEMBER_ID, ORDER_DATE, ACCEPT_DATE, ORDER_HEADER_STATUS) VALUES (2409126735, 'EM', 'SLS002', '2024-09-12', '2024-09-13', 'ACCEPT');
--INSERT INTO ORDER_HEADER (ORDER_HEADER_ID, CUSTOMER_CODE, MEMBER_ID, ORDER_DATE, ACCEPT_DATE, ORDER_HEADER_STATUS) VALUES (2409090268, 'HM', 'SLS001', '2024-09-09', '2024-09-10', 'ACCEPT');
--INSERT INTO ORDER_HEADER (ORDER_HEADER_ID, CUSTOMER_CODE, MEMBER_ID, ORDER_DATE, ACCEPT_DATE, ORDER_HEADER_STATUS) VALUES (2409070491, 'BS', 'SLS005', '2024-09-07', '2024-09-08', 'ACCEPT');
--INSERT INTO ORDER_HEADER (ORDER_HEADER_ID, CUSTOMER_CODE, MEMBER_ID, ORDER_DATE, ACCEPT_DATE, ORDER_HEADER_STATUS) VALUES (2408162730, 'HM', 'SLS003', '2024-08-16', '2024-08-17', 'ACCEPT');
--INSERT INTO ORDER_HEADER (ORDER_HEADER_ID, CUSTOMER_CODE, MEMBER_ID, ORDER_DATE, ACCEPT_DATE, ORDER_HEADER_STATUS) VALUES (2408203466, 'BS', 'SLS003', '2024-08-20', '2024-08-21', 'ACCEPT');
--INSERT INTO ORDER_HEADER (ORDER_HEADER_ID, CUSTOMER_CODE, MEMBER_ID, ORDER_DATE, ACCEPT_DATE, ORDER_HEADER_STATUS) VALUES (2409061892, 'BS', 'SLS001', '2024-09-06', '2024-09-07', 'ACCEPT');
--INSERT INTO ORDER_HEADER (ORDER_HEADER_ID, CUSTOMER_CODE, MEMBER_ID, ORDER_DATE, ACCEPT_DATE, ORDER_HEADER_STATUS) VALUES (2408189676, 'BS', 'SLS001', '2024-08-18', '2024-08-19', 'ACCEPT');
--INSERT INTO ORDER_HEADER (ORDER_HEADER_ID, CUSTOMER_CODE, MEMBER_ID, ORDER_DATE, ACCEPT_DATE, ORDER_HEADER_STATUS) VALUES (2408247204, 'SS', 'SLS002', '2024-08-24', '2024-08-25', 'ACCEPT');
--INSERT INTO ORDER_HEADER (ORDER_HEADER_ID, CUSTOMER_CODE, MEMBER_ID, ORDER_DATE, ACCEPT_DATE, ORDER_HEADER_STATUS) VALUES (2409015373, 'SS', 'SLS003', '2024-09-01', '2024-09-02', 'ACCEPT');
--INSERT INTO ORDER_HEADER (ORDER_HEADER_ID, CUSTOMER_CODE, MEMBER_ID, ORDER_DATE, ACCEPT_DATE, ORDER_HEADER_STATUS) VALUES (2409077882, 'EM', 'SLS005', '2024-09-07', '2024-09-08', 'ACCEPT');
--INSERT INTO ORDER_HEADER (ORDER_HEADER_ID, CUSTOMER_CODE, MEMBER_ID, ORDER_DATE, ACCEPT_DATE, ORDER_HEADER_STATUS) VALUES (2408289377, 'SS', 'SLS005', '2024-08-28', '2024-08-29', 'ACCEPT');
--INSERT INTO ORDER_HEADER (ORDER_HEADER_ID, CUSTOMER_CODE, MEMBER_ID, ORDER_DATE, ACCEPT_DATE, ORDER_HEADER_STATUS) VALUES (2408313919, 'HM', 'SLS002', '2024-08-31', '2024-09-01', 'ACCEPT');
--INSERT INTO ORDER_HEADER (ORDER_HEADER_ID, CUSTOMER_CODE, MEMBER_ID, ORDER_DATE, ACCEPT_DATE, ORDER_HEADER_STATUS) VALUES (2408188855, 'HM', 'SLS004', '2024-08-18', '2024-08-19', 'ACCEPT');
--INSERT INTO ORDER_HEADER (ORDER_HEADER_ID, CUSTOMER_CODE, MEMBER_ID, ORDER_DATE, ACCEPT_DATE, ORDER_HEADER_STATUS) VALUES (2409012091, 'EM', 'SLS003', '2024-09-01', '2024-09-02', 'ACCEPT');
--INSERT INTO ORDER_HEADER (ORDER_HEADER_ID, CUSTOMER_CODE, MEMBER_ID, ORDER_DATE, ACCEPT_DATE, ORDER_HEADER_STATUS) VALUES (2408299280, 'MS', 'SLS005', '2024-08-29', '2024-08-30', 'ACCEPT');
--INSERT INTO ORDER_HEADER (ORDER_HEADER_ID, CUSTOMER_CODE, MEMBER_ID, ORDER_DATE, ACCEPT_DATE, ORDER_HEADER_STATUS) VALUES (2408233741, 'BS', 'SLS001', '2024-08-23', '2024-08-24', 'ACCEPT');
--INSERT INTO ORDER_HEADER (ORDER_HEADER_ID, CUSTOMER_CODE, MEMBER_ID, ORDER_DATE, ACCEPT_DATE, ORDER_HEADER_STATUS) VALUES (2409100561, 'MS', 'SLS005', '2024-09-10', '2024-09-11', 'ACCEPT');
--INSERT INTO ORDER_HEADER (ORDER_HEADER_ID, CUSTOMER_CODE, MEMBER_ID, ORDER_DATE, ACCEPT_DATE, ORDER_HEADER_STATUS) VALUES (2409129961, 'SS', 'SLS002', '2024-09-12', '2024-09-13', 'ACCEPT');
--INSERT INTO ORDER_HEADER (ORDER_HEADER_ID, CUSTOMER_CODE, MEMBER_ID, ORDER_DATE, ACCEPT_DATE, ORDER_HEADER_STATUS) VALUES (2408177412, 'HM', 'SLS002', '2024-08-17', '2024-08-18', 'ACCEPT');
--INSERT INTO ORDER_HEADER (ORDER_HEADER_ID, CUSTOMER_CODE, MEMBER_ID, ORDER_DATE, ACCEPT_DATE, ORDER_HEADER_STATUS) VALUES (2408285929, 'BS', 'SLS003', '2024-08-28', '2024-08-29', 'ACCEPT');
--INSERT INTO ORDER_HEADER (ORDER_HEADER_ID, CUSTOMER_CODE, MEMBER_ID, ORDER_DATE, ACCEPT_DATE, ORDER_HEADER_STATUS) VALUES (2408307231, 'SS', 'SLS003', '2024-08-30', '2024-08-31', 'ACCEPT');
--INSERT INTO ORDER_HEADER (ORDER_HEADER_ID, CUSTOMER_CODE, MEMBER_ID, ORDER_DATE, ACCEPT_DATE, ORDER_HEADER_STATUS) VALUES (2408281218, 'HM', 'SLS002', '2024-08-28', '2024-08-29', 'ACCEPT');
--INSERT INTO ORDER_HEADER (ORDER_HEADER_ID, CUSTOMER_CODE, MEMBER_ID, ORDER_DATE, ACCEPT_DATE, ORDER_HEADER_STATUS) VALUES (2409078184, 'BS', 'SLS004', '2024-09-07', '2024-09-08', 'ACCEPT');
--INSERT INTO ORDER_HEADER (ORDER_HEADER_ID, CUSTOMER_CODE, MEMBER_ID, ORDER_DATE, ACCEPT_DATE, ORDER_HEADER_STATUS) VALUES (2409033195, 'EM', 'SLS003', '2024-09-03', '2024-09-04', 'ACCEPT');
--INSERT INTO ORDER_HEADER (ORDER_HEADER_ID, CUSTOMER_CODE, MEMBER_ID, ORDER_DATE, ACCEPT_DATE, ORDER_HEADER_STATUS) VALUES (2409123493, 'BS', 'SLS004', '2024-09-12', '2024-09-13', 'ACCEPT');
--INSERT INTO ORDER_HEADER (ORDER_HEADER_ID, CUSTOMER_CODE, MEMBER_ID, ORDER_DATE, ACCEPT_DATE, ORDER_HEADER_STATUS) VALUES (2408228516, 'BS', 'SLS003', '2024-08-22', '2024-08-23', 'ACCEPT');
--INSERT INTO ORDER_HEADER (ORDER_HEADER_ID, CUSTOMER_CODE, MEMBER_ID, ORDER_DATE, ACCEPT_DATE, ORDER_HEADER_STATUS) VALUES (2409043833, 'BS', 'SLS001', '2024-09-04', '2024-09-05', 'ACCEPT');
--INSERT INTO ORDER_HEADER (ORDER_HEADER_ID, CUSTOMER_CODE, MEMBER_ID, ORDER_DATE, ACCEPT_DATE, ORDER_HEADER_STATUS) VALUES (2409044589, 'EM', 'SLS004', '2024-09-04', '2024-09-05', 'ACCEPT');
--INSERT INTO ORDER_HEADER (ORDER_HEADER_ID, CUSTOMER_CODE, MEMBER_ID, ORDER_DATE, ACCEPT_DATE, ORDER_HEADER_STATUS) VALUES (2409045643, 'BS', 'SLS003', '2024-09-04', '2024-09-05', 'ACCEPT');
--INSERT INTO ORDER_HEADER (ORDER_HEADER_ID, CUSTOMER_CODE, MEMBER_ID, ORDER_DATE, ACCEPT_DATE, ORDER_HEADER_STATUS) VALUES (2408265963, 'BS', 'SLS005', '2024-08-26', '2024-08-27', 'ACCEPT');
--INSERT INTO ORDER_HEADER (ORDER_HEADER_ID, CUSTOMER_CODE, MEMBER_ID, ORDER_DATE, ACCEPT_DATE, ORDER_HEADER_STATUS) VALUES (2408145872, 'MS', 'SLS002', '2024-08-14', '2024-08-15', 'ACCEPT');
--INSERT INTO ORDER_HEADER (ORDER_HEADER_ID, CUSTOMER_CODE, MEMBER_ID, ORDER_DATE, ACCEPT_DATE, ORDER_HEADER_STATUS) VALUES (2408223849, 'EM', 'SLS004', '2024-08-22', '2024-08-23', 'ACCEPT');
--INSERT INTO ORDER_HEADER (ORDER_HEADER_ID, CUSTOMER_CODE, MEMBER_ID, ORDER_DATE, ACCEPT_DATE, ORDER_HEADER_STATUS) VALUES (2409107692, 'MS', 'SLS004', '2024-09-10', '2024-09-11', 'ACCEPT');
--INSERT INTO ORDER_HEADER (ORDER_HEADER_ID, CUSTOMER_CODE, MEMBER_ID, ORDER_DATE, ACCEPT_DATE, ORDER_HEADER_STATUS) VALUES (2409107760, 'HM', 'SLS001', '2024-09-10', '2024-09-11', 'ACCEPT');
--INSERT INTO ORDER_HEADER (ORDER_HEADER_ID, CUSTOMER_CODE, MEMBER_ID, ORDER_DATE, ACCEPT_DATE, ORDER_HEADER_STATUS) VALUES (2409054304, 'MS', 'SLS001', '2024-09-05', '2024-09-06', 'ACCEPT');
--INSERT INTO ORDER_HEADER (ORDER_HEADER_ID, CUSTOMER_CODE, MEMBER_ID, ORDER_DATE, ACCEPT_DATE, ORDER_HEADER_STATUS) VALUES (2408186587, 'HM', 'SLS002', '2024-08-18', '2024-08-19', 'ACCEPT');
--INSERT INTO ORDER_HEADER (ORDER_HEADER_ID, CUSTOMER_CODE, MEMBER_ID, ORDER_DATE, ACCEPT_DATE, ORDER_HEADER_STATUS) VALUES (2408187444, 'SS', 'SLS003', '2024-08-18', '2024-08-19', 'ACCEPT');
--INSERT INTO ORDER_HEADER (ORDER_HEADER_ID, CUSTOMER_CODE, MEMBER_ID, ORDER_DATE, ACCEPT_DATE, ORDER_HEADER_STATUS) VALUES (2409029854, 'HM', 'SLS003', '2024-09-02', '2024-09-03', 'ACCEPT');
--INSERT INTO ORDER_HEADER (ORDER_HEADER_ID, CUSTOMER_CODE, MEMBER_ID, ORDER_DATE, ACCEPT_DATE, ORDER_HEADER_STATUS) VALUES (2409056342, 'BS', 'SLS002', '2024-09-05', '2024-09-06', 'ACCEPT');
--INSERT INTO ORDER_HEADER (ORDER_HEADER_ID, CUSTOMER_CODE, MEMBER_ID, ORDER_DATE, ACCEPT_DATE, ORDER_HEADER_STATUS) VALUES (2408253096, 'HM', 'SLS003', '2024-08-25', '2024-08-26', 'ACCEPT');
--INSERT INTO ORDER_HEADER (ORDER_HEADER_ID, CUSTOMER_CODE, MEMBER_ID, ORDER_DATE, ACCEPT_DATE, ORDER_HEADER_STATUS) VALUES (2408292633, 'BS', 'SLS004', '2024-08-29', '2024-08-30', 'ACCEPT');
--INSERT INTO ORDER_HEADER (ORDER_HEADER_ID, CUSTOMER_CODE, MEMBER_ID, ORDER_DATE, ACCEPT_DATE, ORDER_HEADER_STATUS) VALUES (2409128119, 'HM', 'SLS001', '2024-09-12', '2024-09-13', 'ACCEPT');
--INSERT INTO ORDER_HEADER (ORDER_HEADER_ID, CUSTOMER_CODE, MEMBER_ID, ORDER_DATE, ACCEPT_DATE, ORDER_HEADER_STATUS) VALUES (2409055272, 'HM', 'SLS004', '2024-09-05', '2024-09-06', 'ACCEPT');
--INSERT INTO ORDER_HEADER (ORDER_HEADER_ID, CUSTOMER_CODE, MEMBER_ID, ORDER_DATE, ACCEPT_DATE, ORDER_HEADER_STATUS) VALUES (2408198900, 'SS', 'SLS001', '2024-08-19', '2024-08-20', 'ACCEPT');
--INSERT INTO ORDER_HEADER (ORDER_HEADER_ID, CUSTOMER_CODE, MEMBER_ID, ORDER_DATE, ACCEPT_DATE, ORDER_HEADER_STATUS) VALUES (2408178079, 'SS', 'SLS002', '2024-08-17', '2024-08-18', 'ACCEPT');
--INSERT INTO ORDER_HEADER (ORDER_HEADER_ID, CUSTOMER_CODE, MEMBER_ID, ORDER_DATE, ACCEPT_DATE, ORDER_HEADER_STATUS) VALUES (2408155884, 'HM', 'SLS005', '2024-08-15', '2024-08-16', 'ACCEPT');
--
--INSERT INTO ORDER_ITEM (ORDER_HEADER_ID, ITEM_CODE, ORDER_ITEM_QUANTITY, PURCHASE_AMOUNT, SALES_AMOUNT, MARGIN_RATE, MARGIN_AMOUNT, FINAL_AMOUNT, REQUEST_DATE) VALUES (2409098316, 'HDSBEPLAYHX', 3, 759000, 819000, 16, 131040.0, 2457000, '2024-09-09');
--INSERT INTO ORDER_ITEM (ORDER_HEADER_ID, ITEM_CODE, ORDER_ITEM_QUANTITY, PURCHASE_AMOUNT, SALES_AMOUNT, MARGIN_RATE, MARGIN_AMOUNT, FINAL_AMOUNT, REQUEST_DATE) VALUES (2409098316, 'HDSBEPLAYHX', 5, 759000, 819000, 17, 139230.0, 4095000, '2024-09-09');
--INSERT INTO ORDER_ITEM (ORDER_HEADER_ID, ITEM_CODE, ORDER_ITEM_QUANTITY, PURCHASE_AMOUNT, SALES_AMOUNT, MARGIN_RATE, MARGIN_AMOUNT, FINAL_AMOUNT, REQUEST_DATE) VALUES (2409098316, 'SDBCITAMB110GRAYS', 2, 1050000, 1150000, 10, 115000.0, 2300000, '2024-09-09');
--INSERT INTO ORDER_ITEM (ORDER_HEADER_ID, ITEM_CODE, ORDER_ITEM_QUANTITY, PURCHASE_AMOUNT, SALES_AMOUNT, MARGIN_RATE, MARGIN_AMOUNT, FINAL_AMOUNT, REQUEST_DATE) VALUES (2409071418, 'HDSBEPLAYEX', 1, 459000, 509000, 10, 50900.0, 509000, '2024-09-07');
--INSERT INTO ORDER_ITEM (ORDER_HEADER_ID, ITEM_CODE, ORDER_ITEM_QUANTITY, PURCHASE_AMOUNT, SALES_AMOUNT, MARGIN_RATE, MARGIN_AMOUNT, FINAL_AMOUNT, REQUEST_DATE) VALUES (2409021372, 'SPKSTANMORE3', 5, 679000, 759000, 17, 129030.0, 3795000, '2024-09-02');
--INSERT INTO ORDER_ITEM (ORDER_HEADER_ID, ITEM_CODE, ORDER_ITEM_QUANTITY, PURCHASE_AMOUNT, SALES_AMOUNT, MARGIN_RATE, MARGIN_AMOUNT, FINAL_AMOUNT, REQUEST_DATE) VALUES (2409021372, 'SPKBESOUNDA9', 5, 4790000, 5399000, 15, 809850.0, 26995000, '2024-09-02');
--INSERT INTO ORDER_ITEM (ORDER_HEADER_ID, ITEM_CODE, ORDER_ITEM_QUANTITY, PURCHASE_AMOUNT, SALES_AMOUNT, MARGIN_RATE, MARGIN_AMOUNT, FINAL_AMOUNT, REQUEST_DATE) VALUES (2409021372, 'HDSBEPLAYEX', 4, 459000, 509000, 17, 86530.0, 2036000, '2024-09-02');
--INSERT INTO ORDER_ITEM (ORDER_HEADER_ID, ITEM_CODE, ORDER_ITEM_QUANTITY, PURCHASE_AMOUNT, SALES_AMOUNT, MARGIN_RATE, MARGIN_AMOUNT, FINAL_AMOUNT, REQUEST_DATE) VALUES (2409071168, 'SPKSTANMORE3', 2, 679000, 759000, 11, 83490.0, 1518000, '2024-09-07');
--INSERT INTO ORDER_ITEM (ORDER_HEADER_ID, ITEM_CODE, ORDER_ITEM_QUANTITY, PURCHASE_AMOUNT, SALES_AMOUNT, MARGIN_RATE, MARGIN_AMOUNT, FINAL_AMOUNT, REQUEST_DATE) VALUES (2409071168, 'HDSBEPLAYEX', 5, 459000, 509000, 16, 81440.0, 2545000, '2024-09-07');
--INSERT INTO ORDER_ITEM (ORDER_HEADER_ID, ITEM_CODE, ORDER_ITEM_QUANTITY, PURCHASE_AMOUNT, SALES_AMOUNT, MARGIN_RATE, MARGIN_AMOUNT, FINAL_AMOUNT, REQUEST_DATE) VALUES (2409071168, 'HDSBEPLAYEX', 5, 459000, 509000, 10, 50900.0, 2545000, '2024-09-07');
--INSERT INTO ORDER_ITEM (ORDER_HEADER_ID, ITEM_CODE, ORDER_ITEM_QUANTITY, PURCHASE_AMOUNT, SALES_AMOUNT, MARGIN_RATE, MARGIN_AMOUNT, FINAL_AMOUNT, REQUEST_DATE) VALUES (2408245429, 'SPKAURAS4BK', 5, 289000, 339000, 10, 33900.0, 1695000, '2024-08-24');
--INSERT INTO ORDER_ITEM (ORDER_HEADER_ID, ITEM_CODE, ORDER_ITEM_QUANTITY, PURCHASE_AMOUNT, SALES_AMOUNT, MARGIN_RATE, MARGIN_AMOUNT, FINAL_AMOUNT, REQUEST_DATE) VALUES (2408245429, 'SPKAURAS4BK', 1, 289000, 339000, 10, 33900.0, 339000, '2024-08-24');
--INSERT INTO ORDER_ITEM (ORDER_HEADER_ID, ITEM_CODE, ORDER_ITEM_QUANTITY, PURCHASE_AMOUNT, SALES_AMOUNT, MARGIN_RATE, MARGIN_AMOUNT, FINAL_AMOUNT, REQUEST_DATE) VALUES (2408245429, 'SPKBESOUNDBALANCE', 4, 4290000, 4799000, 12, 575880.0, 19196000, '2024-08-24');
--INSERT INTO ORDER_ITEM (ORDER_HEADER_ID, ITEM_CODE, ORDER_ITEM_QUANTITY, PURCHASE_AMOUNT, SALES_AMOUNT, MARGIN_RATE, MARGIN_AMOUNT, FINAL_AMOUNT, REQUEST_DATE) VALUES (2409109849, 'SPKBESOUNDA5', 4, 1690000, 1899000, 16, 303840.0, 7596000, '2024-09-10');
--INSERT INTO ORDER_ITEM (ORDER_HEADER_ID, ITEM_CODE, ORDER_ITEM_QUANTITY, PURCHASE_AMOUNT, SALES_AMOUNT, MARGIN_RATE, MARGIN_AMOUNT, FINAL_AMOUNT, REQUEST_DATE) VALUES (2409109849, 'HDSBEPLAYEX', 5, 459000, 509000, 18, 91620.0, 2545000, '2024-09-10');
--INSERT INTO ORDER_ITEM (ORDER_HEADER_ID, ITEM_CODE, ORDER_ITEM_QUANTITY, PURCHASE_AMOUNT, SALES_AMOUNT, MARGIN_RATE, MARGIN_AMOUNT, FINAL_AMOUNT, REQUEST_DATE) VALUES (2409109849, 'SPKSTICKS4BK', 2, 399000, 459000, 14, 64260.0, 918000, '2024-09-10');
--INSERT INTO ORDER_ITEM (ORDER_HEADER_ID, ITEM_CODE, ORDER_ITEM_QUANTITY, PURCHASE_AMOUNT, SALES_AMOUNT, MARGIN_RATE, MARGIN_AMOUNT, FINAL_AMOUNT, REQUEST_DATE) VALUES (2409109849, 'HADRADIANCE2400BK', 3, 5700000, 6190000, 13, 804700.0, 18570000, '2024-09-10');
--INSERT INTO ORDER_ITEM (ORDER_HEADER_ID, ITEM_CODE, ORDER_ITEM_QUANTITY, PURCHASE_AMOUNT, SALES_AMOUNT, MARGIN_RATE, MARGIN_AMOUNT, FINAL_AMOUNT, REQUEST_DATE) VALUES (2408304666, 'HDSBEPLAYEX', 3, 459000, 509000, 19, 96710.0, 1527000, '2024-08-30');
--INSERT INTO ORDER_ITEM (ORDER_HEADER_ID, ITEM_CODE, ORDER_ITEM_QUANTITY, PURCHASE_AMOUNT, SALES_AMOUNT, MARGIN_RATE, MARGIN_AMOUNT, FINAL_AMOUNT, REQUEST_DATE) VALUES (2408143709, 'HDSBEPLAYHX', 2, 759000, 819000, 11, 90090.0, 1638000, '2024-08-14');
--INSERT INTO ORDER_ITEM (ORDER_HEADER_ID, ITEM_CODE, ORDER_ITEM_QUANTITY, PURCHASE_AMOUNT, SALES_AMOUNT, MARGIN_RATE, MARGIN_AMOUNT, FINAL_AMOUNT, REQUEST_DATE) VALUES (2408143709, 'SPKBESOUNDA5', 4, 1690000, 1899000, 10, 189900.0, 7596000, '2024-08-14');
--INSERT INTO ORDER_ITEM (ORDER_HEADER_ID, ITEM_CODE, ORDER_ITEM_QUANTITY, PURCHASE_AMOUNT, SALES_AMOUNT, MARGIN_RATE, MARGIN_AMOUNT, FINAL_AMOUNT, REQUEST_DATE) VALUES (2408143709, 'SPKACTON3', 4, 479000, 589000, 18, 106020.0, 2356000, '2024-08-14');
--INSERT INTO ORDER_ITEM (ORDER_HEADER_ID, ITEM_CODE, ORDER_ITEM_QUANTITY, PURCHASE_AMOUNT, SALES_AMOUNT, MARGIN_RATE, MARGIN_AMOUNT, FINAL_AMOUNT, REQUEST_DATE) VALUES (2408143709, 'SPKACTON3', 3, 479000, 589000, 10, 58900.0, 1767000, '2024-08-14');
--INSERT INTO ORDER_ITEM (ORDER_HEADER_ID, ITEM_CODE, ORDER_ITEM_QUANTITY, PURCHASE_AMOUNT, SALES_AMOUNT, MARGIN_RATE, MARGIN_AMOUNT, FINAL_AMOUNT, REQUEST_DATE) VALUES (2408143709, 'HDSBEPLAYHX', 2, 759000, 819000, 15, 122850.0, 1638000, '2024-08-14');
--INSERT INTO ORDER_ITEM (ORDER_HEADER_ID, ITEM_CODE, ORDER_ITEM_QUANTITY, PURCHASE_AMOUNT, SALES_AMOUNT, MARGIN_RATE, MARGIN_AMOUNT, FINAL_AMOUNT, REQUEST_DATE) VALUES (2409103712, 'SPKBESOUNDA5', 5, 1690000, 1899000, 19, 360810.0, 9495000, '2024-09-10');
--INSERT INTO ORDER_ITEM (ORDER_HEADER_ID, ITEM_CODE, ORDER_ITEM_QUANTITY, PURCHASE_AMOUNT, SALES_AMOUNT, MARGIN_RATE, MARGIN_AMOUNT, FINAL_AMOUNT, REQUEST_DATE) VALUES (2409103712, 'SPKBESOUNDA9', 1, 4790000, 5399000, 13, 701870.0, 5399000, '2024-09-10');
--INSERT INTO ORDER_ITEM (ORDER_HEADER_ID, ITEM_CODE, ORDER_ITEM_QUANTITY, PURCHASE_AMOUNT, SALES_AMOUNT, MARGIN_RATE, MARGIN_AMOUNT, FINAL_AMOUNT, REQUEST_DATE) VALUES (2409103712, 'SPKBESOUNDEMERGE', 5, 1250000, 1299000, 15, 194850.0, 6495000, '2024-09-10');
--INSERT INTO ORDER_ITEM (ORDER_HEADER_ID, ITEM_CODE, ORDER_ITEM_QUANTITY, PURCHASE_AMOUNT, SALES_AMOUNT, MARGIN_RATE, MARGIN_AMOUNT, FINAL_AMOUNT, REQUEST_DATE) VALUES (2409126487, 'HDSBEPLAYHX', 1, 759000, 819000, 19, 155610.0, 819000, '2024-09-12');
--INSERT INTO ORDER_ITEM (ORDER_HEADER_ID, ITEM_CODE, ORDER_ITEM_QUANTITY, PURCHASE_AMOUNT, SALES_AMOUNT, MARGIN_RATE, MARGIN_AMOUNT, FINAL_AMOUNT, REQUEST_DATE) VALUES (2409126487, 'SPKBESOUNDBALANCE', 2, 4290000, 4799000, 12, 575880.0, 9598000, '2024-09-12');
--INSERT INTO ORDER_ITEM (ORDER_HEADER_ID, ITEM_CODE, ORDER_ITEM_QUANTITY, PURCHASE_AMOUNT, SALES_AMOUNT, MARGIN_RATE, MARGIN_AMOUNT, FINAL_AMOUNT, REQUEST_DATE) VALUES (2409126487, 'SPKAURAS4BK', 3, 289000, 339000, 11, 37290.0, 1017000, '2024-09-12');
--INSERT INTO ORDER_ITEM (ORDER_HEADER_ID, ITEM_CODE, ORDER_ITEM_QUANTITY, PURCHASE_AMOUNT, SALES_AMOUNT, MARGIN_RATE, MARGIN_AMOUNT, FINAL_AMOUNT, REQUEST_DATE) VALUES (2409126487, 'SPKBESOUNDBALANCE', 3, 4290000, 4799000, 15, 719850.0, 14397000, '2024-09-12');
--INSERT INTO ORDER_ITEM (ORDER_HEADER_ID, ITEM_CODE, ORDER_ITEM_QUANTITY, PURCHASE_AMOUNT, SALES_AMOUNT, MARGIN_RATE, MARGIN_AMOUNT, FINAL_AMOUNT, REQUEST_DATE) VALUES (2409126487, 'SPKBESOUNDA9', 1, 4790000, 5399000, 14, 755860.0, 5399000, '2024-09-12');
--INSERT INTO ORDER_ITEM (ORDER_HEADER_ID, ITEM_CODE, ORDER_ITEM_QUANTITY, PURCHASE_AMOUNT, SALES_AMOUNT, MARGIN_RATE, MARGIN_AMOUNT, FINAL_AMOUNT, REQUEST_DATE) VALUES (2408291696, 'SDBCITAMB110GRAYS', 3, 1050000, 1150000, 18, 207000.0, 3450000, '2024-08-29');
--INSERT INTO ORDER_ITEM (ORDER_HEADER_ID, ITEM_CODE, ORDER_ITEM_QUANTITY, PURCHASE_AMOUNT, SALES_AMOUNT, MARGIN_RATE, MARGIN_AMOUNT, FINAL_AMOUNT, REQUEST_DATE) VALUES (2408291696, 'SPKSTANMORE3', 1, 679000, 759000, 14, 106260.0, 759000, '2024-08-29');
--INSERT INTO ORDER_ITEM (ORDER_HEADER_ID, ITEM_CODE, ORDER_ITEM_QUANTITY, PURCHASE_AMOUNT, SALES_AMOUNT, MARGIN_RATE, MARGIN_AMOUNT, FINAL_AMOUNT, REQUEST_DATE) VALUES (2408295086, 'SDBCITAMB110GRAYS', 5, 1050000, 1150000, 10, 115000.0, 5750000, '2024-08-29');
--INSERT INTO ORDER_ITEM (ORDER_HEADER_ID, ITEM_CODE, ORDER_ITEM_QUANTITY, PURCHASE_AMOUNT, SALES_AMOUNT, MARGIN_RATE, MARGIN_AMOUNT, FINAL_AMOUNT, REQUEST_DATE) VALUES (2408295086, 'SDBCITAMB110GRAYS', 3, 1050000, 1150000, 14, 161000.0, 3450000, '2024-08-29');
--INSERT INTO ORDER_ITEM (ORDER_HEADER_ID, ITEM_CODE, ORDER_ITEM_QUANTITY, PURCHASE_AMOUNT, SALES_AMOUNT, MARGIN_RATE, MARGIN_AMOUNT, FINAL_AMOUNT, REQUEST_DATE) VALUES (2408295086, 'SPKBESOUNDEMERGE', 3, 1250000, 1299000, 13, 168870.0, 3897000, '2024-08-29');
--INSERT INTO ORDER_ITEM (ORDER_HEADER_ID, ITEM_CODE, ORDER_ITEM_QUANTITY, PURCHASE_AMOUNT, SALES_AMOUNT, MARGIN_RATE, MARGIN_AMOUNT, FINAL_AMOUNT, REQUEST_DATE) VALUES (2408295086, 'SPKAURAS4BK', 2, 289000, 339000, 11, 37290.0, 678000, '2024-08-29');
--INSERT INTO ORDER_ITEM (ORDER_HEADER_ID, ITEM_CODE, ORDER_ITEM_QUANTITY, PURCHASE_AMOUNT, SALES_AMOUNT, MARGIN_RATE, MARGIN_AMOUNT, FINAL_AMOUNT, REQUEST_DATE) VALUES (2408295086, 'SDBCITAMB110GRAYS', 5, 1050000, 1150000, 10, 115000.0, 5750000, '2024-08-29');
--INSERT INTO ORDER_ITEM (ORDER_HEADER_ID, ITEM_CODE, ORDER_ITEM_QUANTITY, PURCHASE_AMOUNT, SALES_AMOUNT, MARGIN_RATE, MARGIN_AMOUNT, FINAL_AMOUNT, REQUEST_DATE) VALUES (2408210639, 'SPKSTANMORE3', 4, 679000, 759000, 20, 151800.0, 3036000, '2024-08-21');
--INSERT INTO ORDER_ITEM (ORDER_HEADER_ID, ITEM_CODE, ORDER_ITEM_QUANTITY, PURCHASE_AMOUNT, SALES_AMOUNT, MARGIN_RATE, MARGIN_AMOUNT, FINAL_AMOUNT, REQUEST_DATE) VALUES (2408154723, 'SPKAURAS4BK', 4, 289000, 339000, 10, 33900.0, 1356000, '2024-08-15');
--INSERT INTO ORDER_ITEM (ORDER_HEADER_ID, ITEM_CODE, ORDER_ITEM_QUANTITY, PURCHASE_AMOUNT, SALES_AMOUNT, MARGIN_RATE, MARGIN_AMOUNT, FINAL_AMOUNT, REQUEST_DATE) VALUES (2408154723, 'HDSBEPLAYEX', 3, 459000, 509000, 13, 66170.0, 1527000, '2024-08-15');
--INSERT INTO ORDER_ITEM (ORDER_HEADER_ID, ITEM_CODE, ORDER_ITEM_QUANTITY, PURCHASE_AMOUNT, SALES_AMOUNT, MARGIN_RATE, MARGIN_AMOUNT, FINAL_AMOUNT, REQUEST_DATE) VALUES (2409092685, 'HDSBEPLAYEX', 4, 459000, 509000, 13, 66170.0, 2036000, '2024-09-09');
--INSERT INTO ORDER_ITEM (ORDER_HEADER_ID, ITEM_CODE, ORDER_ITEM_QUANTITY, PURCHASE_AMOUNT, SALES_AMOUNT, MARGIN_RATE, MARGIN_AMOUNT, FINAL_AMOUNT, REQUEST_DATE) VALUES (2409092685, 'SPKACTON3', 5, 479000, 589000, 10, 58900.0, 2945000, '2024-09-09');
--INSERT INTO ORDER_ITEM (ORDER_HEADER_ID, ITEM_CODE, ORDER_ITEM_QUANTITY, PURCHASE_AMOUNT, SALES_AMOUNT, MARGIN_RATE, MARGIN_AMOUNT, FINAL_AMOUNT, REQUEST_DATE) VALUES (2409092685, 'SDBCITAMB110GRAYS', 2, 1050000, 1150000, 20, 230000.0, 2300000, '2024-09-09');
--INSERT INTO ORDER_ITEM (ORDER_HEADER_ID, ITEM_CODE, ORDER_ITEM_QUANTITY, PURCHASE_AMOUNT, SALES_AMOUNT, MARGIN_RATE, MARGIN_AMOUNT, FINAL_AMOUNT, REQUEST_DATE) VALUES (2409092685, 'SPKBESOUNDEMERGE', 3, 1250000, 1299000, 15, 194850.0, 3897000, '2024-09-09');
--INSERT INTO ORDER_ITEM (ORDER_HEADER_ID, ITEM_CODE, ORDER_ITEM_QUANTITY, PURCHASE_AMOUNT, SALES_AMOUNT, MARGIN_RATE, MARGIN_AMOUNT, FINAL_AMOUNT, REQUEST_DATE) VALUES (2409092685, 'SDBCITAMB110GRAYS', 1, 1050000, 1150000, 16, 184000.0, 1150000, '2024-09-09');
--INSERT INTO ORDER_ITEM (ORDER_HEADER_ID, ITEM_CODE, ORDER_ITEM_QUANTITY, PURCHASE_AMOUNT, SALES_AMOUNT, MARGIN_RATE, MARGIN_AMOUNT, FINAL_AMOUNT, REQUEST_DATE) VALUES (2409044386, 'HDSBEPLAYHX', 1, 759000, 819000, 20, 163800.0, 819000, '2024-09-04');
--INSERT INTO ORDER_ITEM (ORDER_HEADER_ID, ITEM_CODE, ORDER_ITEM_QUANTITY, PURCHASE_AMOUNT, SALES_AMOUNT, MARGIN_RATE, MARGIN_AMOUNT, FINAL_AMOUNT, REQUEST_DATE) VALUES (2409044386, 'HDSBEPLAYHX', 4, 759000, 819000, 12, 98280.0, 3276000, '2024-09-04');
--INSERT INTO ORDER_ITEM (ORDER_HEADER_ID, ITEM_CODE, ORDER_ITEM_QUANTITY, PURCHASE_AMOUNT, SALES_AMOUNT, MARGIN_RATE, MARGIN_AMOUNT, FINAL_AMOUNT, REQUEST_DATE) VALUES (2409043399, 'SPKBESOUNDEMERGE', 1, 1250000, 1299000, 18, 233820.0, 1299000, '2024-09-04');
--INSERT INTO ORDER_ITEM (ORDER_HEADER_ID, ITEM_CODE, ORDER_ITEM_QUANTITY, PURCHASE_AMOUNT, SALES_AMOUNT, MARGIN_RATE, MARGIN_AMOUNT, FINAL_AMOUNT, REQUEST_DATE) VALUES (2409043399, 'SPKBESOUNDA5', 1, 1690000, 1899000, 17, 322830.0, 1899000, '2024-09-04');
--INSERT INTO ORDER_ITEM (ORDER_HEADER_ID, ITEM_CODE, ORDER_ITEM_QUANTITY, PURCHASE_AMOUNT, SALES_AMOUNT, MARGIN_RATE, MARGIN_AMOUNT, FINAL_AMOUNT, REQUEST_DATE) VALUES (2409043399, 'SPKBESOUNDBALANCE', 3, 4290000, 4799000, 14, 671860.0, 14397000, '2024-09-04');
--INSERT INTO ORDER_ITEM (ORDER_HEADER_ID, ITEM_CODE, ORDER_ITEM_QUANTITY, PURCHASE_AMOUNT, SALES_AMOUNT, MARGIN_RATE, MARGIN_AMOUNT, FINAL_AMOUNT, REQUEST_DATE) VALUES (2409043399, 'HDSBEPLAYEX', 4, 459000, 509000, 14, 71260.0, 2036000, '2024-09-04');
--INSERT INTO ORDER_ITEM (ORDER_HEADER_ID, ITEM_CODE, ORDER_ITEM_QUANTITY, PURCHASE_AMOUNT, SALES_AMOUNT, MARGIN_RATE, MARGIN_AMOUNT, FINAL_AMOUNT, REQUEST_DATE) VALUES (2408170110, 'SDBCITAMB110GRAYS', 1, 1050000, 1150000, 19, 218500.0, 1150000, '2024-08-17');
--INSERT INTO ORDER_ITEM (ORDER_HEADER_ID, ITEM_CODE, ORDER_ITEM_QUANTITY, PURCHASE_AMOUNT, SALES_AMOUNT, MARGIN_RATE, MARGIN_AMOUNT, FINAL_AMOUNT, REQUEST_DATE) VALUES (2408170110, 'SPKBESOUNDBALANCE', 2, 4290000, 4799000, 14, 671860.0, 9598000, '2024-08-17');
--INSERT INTO ORDER_ITEM (ORDER_HEADER_ID, ITEM_CODE, ORDER_ITEM_QUANTITY, PURCHASE_AMOUNT, SALES_AMOUNT, MARGIN_RATE, MARGIN_AMOUNT, FINAL_AMOUNT, REQUEST_DATE) VALUES (2408170110, 'SPKSTICKS4BK', 5, 399000, 459000, 17, 78030.0, 2295000, '2024-08-17');
--INSERT INTO ORDER_ITEM (ORDER_HEADER_ID, ITEM_CODE, ORDER_ITEM_QUANTITY, PURCHASE_AMOUNT, SALES_AMOUNT, MARGIN_RATE, MARGIN_AMOUNT, FINAL_AMOUNT, REQUEST_DATE) VALUES (2408170110, 'SPKBESOUNDEMERGE', 2, 1250000, 1299000, 11, 142890.0, 2598000, '2024-08-17');
--INSERT INTO ORDER_ITEM (ORDER_HEADER_ID, ITEM_CODE, ORDER_ITEM_QUANTITY, PURCHASE_AMOUNT, SALES_AMOUNT, MARGIN_RATE, MARGIN_AMOUNT, FINAL_AMOUNT, REQUEST_DATE) VALUES (2408170110, 'SPKBESOUNDEMERGE', 5, 1250000, 1299000, 10, 129900.0, 6495000, '2024-08-17');
--INSERT INTO ORDER_ITEM (ORDER_HEADER_ID, ITEM_CODE, ORDER_ITEM_QUANTITY, PURCHASE_AMOUNT, SALES_AMOUNT, MARGIN_RATE, MARGIN_AMOUNT, FINAL_AMOUNT, REQUEST_DATE) VALUES (2408173620, 'SPKBESOUNDA5', 4, 1690000, 1899000, 12, 227880.0, 7596000, '2024-08-17');
--INSERT INTO ORDER_ITEM (ORDER_HEADER_ID, ITEM_CODE, ORDER_ITEM_QUANTITY, PURCHASE_AMOUNT, SALES_AMOUNT, MARGIN_RATE, MARGIN_AMOUNT, FINAL_AMOUNT, REQUEST_DATE) VALUES (2408173620, 'SPKWOBURN3', 5, 989000, 1115000, 11, 122650.0, 5575000, '2024-08-17');
--INSERT INTO ORDER_ITEM (ORDER_HEADER_ID, ITEM_CODE, ORDER_ITEM_QUANTITY, PURCHASE_AMOUNT, SALES_AMOUNT, MARGIN_RATE, MARGIN_AMOUNT, FINAL_AMOUNT, REQUEST_DATE) VALUES (2408173620, 'SPKSTICKS4BK', 3, 399000, 459000, 20, 91800.0, 1377000, '2024-08-17');
--INSERT INTO ORDER_ITEM (ORDER_HEADER_ID, ITEM_CODE, ORDER_ITEM_QUANTITY, PURCHASE_AMOUNT, SALES_AMOUNT, MARGIN_RATE, MARGIN_AMOUNT, FINAL_AMOUNT, REQUEST_DATE) VALUES (2408173620, 'SPKSTICKS4BK', 5, 399000, 459000, 12, 55080.0, 2295000, '2024-08-17');
--INSERT INTO ORDER_ITEM (ORDER_HEADER_ID, ITEM_CODE, ORDER_ITEM_QUANTITY, PURCHASE_AMOUNT, SALES_AMOUNT, MARGIN_RATE, MARGIN_AMOUNT, FINAL_AMOUNT, REQUEST_DATE) VALUES (2408318319, 'SDBCITAMB110GRAYS', 5, 1050000, 1150000, 12, 138000.0, 5750000, '2024-08-31');
--INSERT INTO ORDER_ITEM (ORDER_HEADER_ID, ITEM_CODE, ORDER_ITEM_QUANTITY, PURCHASE_AMOUNT, SALES_AMOUNT, MARGIN_RATE, MARGIN_AMOUNT, FINAL_AMOUNT, REQUEST_DATE) VALUES (2408318319, 'SPKWOBURN3', 5, 989000, 1115000, 20, 223000.0, 5575000, '2024-08-31');
--INSERT INTO ORDER_ITEM (ORDER_HEADER_ID, ITEM_CODE, ORDER_ITEM_QUANTITY, PURCHASE_AMOUNT, SALES_AMOUNT, MARGIN_RATE, MARGIN_AMOUNT, FINAL_AMOUNT, REQUEST_DATE) VALUES (2408318319, 'SPKSTANMORE3', 4, 679000, 759000, 14, 106260.0, 3036000, '2024-08-31');
--INSERT INTO ORDER_ITEM (ORDER_HEADER_ID, ITEM_CODE, ORDER_ITEM_QUANTITY, PURCHASE_AMOUNT, SALES_AMOUNT, MARGIN_RATE, MARGIN_AMOUNT, FINAL_AMOUNT, REQUEST_DATE) VALUES (2409015011, 'HADRADIANCE2400BK', 3, 5700000, 6190000, 12, 742800.0, 18570000, '2024-09-01');
--INSERT INTO ORDER_ITEM (ORDER_HEADER_ID, ITEM_CODE, ORDER_ITEM_QUANTITY, PURCHASE_AMOUNT, SALES_AMOUNT, MARGIN_RATE, MARGIN_AMOUNT, FINAL_AMOUNT, REQUEST_DATE) VALUES (2409015011, 'HDSBEPLAYHX', 5, 759000, 819000, 16, 131040.0, 4095000, '2024-09-01');
--INSERT INTO ORDER_ITEM (ORDER_HEADER_ID, ITEM_CODE, ORDER_ITEM_QUANTITY, PURCHASE_AMOUNT, SALES_AMOUNT, MARGIN_RATE, MARGIN_AMOUNT, FINAL_AMOUNT, REQUEST_DATE) VALUES (2409015011, 'SPKBESOUNDA9', 5, 4790000, 5399000, 20, 1079800.0, 26995000, '2024-09-01');
--INSERT INTO ORDER_ITEM (ORDER_HEADER_ID, ITEM_CODE, ORDER_ITEM_QUANTITY, PURCHASE_AMOUNT, SALES_AMOUNT, MARGIN_RATE, MARGIN_AMOUNT, FINAL_AMOUNT, REQUEST_DATE) VALUES (2409015011, 'SPKSTANMORE3', 4, 679000, 759000, 11, 83490.0, 3036000, '2024-09-01');
--INSERT INTO ORDER_ITEM (ORDER_HEADER_ID, ITEM_CODE, ORDER_ITEM_QUANTITY, PURCHASE_AMOUNT, SALES_AMOUNT, MARGIN_RATE, MARGIN_AMOUNT, FINAL_AMOUNT, REQUEST_DATE) VALUES (2409015011, 'SPKACTON3', 5, 479000, 589000, 18, 106020.0, 2945000, '2024-09-01');
--INSERT INTO ORDER_ITEM (ORDER_HEADER_ID, ITEM_CODE, ORDER_ITEM_QUANTITY, PURCHASE_AMOUNT, SALES_AMOUNT, MARGIN_RATE, MARGIN_AMOUNT, FINAL_AMOUNT, REQUEST_DATE) VALUES (2408154312, 'SPKACTON3', 5, 479000, 589000, 19, 111910.0, 2945000, '2024-08-15');
--INSERT INTO ORDER_ITEM (ORDER_HEADER_ID, ITEM_CODE, ORDER_ITEM_QUANTITY, PURCHASE_AMOUNT, SALES_AMOUNT, MARGIN_RATE, MARGIN_AMOUNT, FINAL_AMOUNT, REQUEST_DATE) VALUES (2409093778, 'SPKAURAS4BK', 4, 289000, 339000, 14, 47460.0, 1356000, '2024-09-09');
--INSERT INTO ORDER_ITEM (ORDER_HEADER_ID, ITEM_CODE, ORDER_ITEM_QUANTITY, PURCHASE_AMOUNT, SALES_AMOUNT, MARGIN_RATE, MARGIN_AMOUNT, FINAL_AMOUNT, REQUEST_DATE) VALUES (2409093778, 'SPKBESOUNDA9', 1, 4790000, 5399000, 17, 917830.0, 5399000, '2024-09-09');
--INSERT INTO ORDER_ITEM (ORDER_HEADER_ID, ITEM_CODE, ORDER_ITEM_QUANTITY, PURCHASE_AMOUNT, SALES_AMOUNT, MARGIN_RATE, MARGIN_AMOUNT, FINAL_AMOUNT, REQUEST_DATE) VALUES (2409036317, 'SPKBESOUNDA9', 1, 4790000, 5399000, 18, 971820.0, 5399000, '2024-09-03');
--INSERT INTO ORDER_ITEM (ORDER_HEADER_ID, ITEM_CODE, ORDER_ITEM_QUANTITY, PURCHASE_AMOUNT, SALES_AMOUNT, MARGIN_RATE, MARGIN_AMOUNT, FINAL_AMOUNT, REQUEST_DATE) VALUES (2409036317, 'SDBCITAMB110GRAYS', 4, 1050000, 1150000, 11, 126500.0, 4600000, '2024-09-03');
--INSERT INTO ORDER_ITEM (ORDER_HEADER_ID, ITEM_CODE, ORDER_ITEM_QUANTITY, PURCHASE_AMOUNT, SALES_AMOUNT, MARGIN_RATE, MARGIN_AMOUNT, FINAL_AMOUNT, REQUEST_DATE) VALUES (2409036317, 'HADRADIANCE2400BK', 2, 5700000, 6190000, 12, 742800.0, 12380000, '2024-09-03');
--INSERT INTO ORDER_ITEM (ORDER_HEADER_ID, ITEM_CODE, ORDER_ITEM_QUANTITY, PURCHASE_AMOUNT, SALES_AMOUNT, MARGIN_RATE, MARGIN_AMOUNT, FINAL_AMOUNT, REQUEST_DATE) VALUES (2409031838, 'SPKSTANMORE3', 3, 679000, 759000, 10, 75900.0, 2277000, '2024-09-03');
--INSERT INTO ORDER_ITEM (ORDER_HEADER_ID, ITEM_CODE, ORDER_ITEM_QUANTITY, PURCHASE_AMOUNT, SALES_AMOUNT, MARGIN_RATE, MARGIN_AMOUNT, FINAL_AMOUNT, REQUEST_DATE) VALUES (2409031838, 'SPKWOBURN3', 3, 989000, 1115000, 13, 144950.0, 3345000, '2024-09-03');
--INSERT INTO ORDER_ITEM (ORDER_HEADER_ID, ITEM_CODE, ORDER_ITEM_QUANTITY, PURCHASE_AMOUNT, SALES_AMOUNT, MARGIN_RATE, MARGIN_AMOUNT, FINAL_AMOUNT, REQUEST_DATE) VALUES (2409031838, 'SPKAURAS4BK', 4, 289000, 339000, 18, 61020.0, 1356000, '2024-09-03');
--INSERT INTO ORDER_ITEM (ORDER_HEADER_ID, ITEM_CODE, ORDER_ITEM_QUANTITY, PURCHASE_AMOUNT, SALES_AMOUNT, MARGIN_RATE, MARGIN_AMOUNT, FINAL_AMOUNT, REQUEST_DATE) VALUES (2409031838, 'SPKSTICKS4BK', 5, 399000, 459000, 13, 59670.0, 2295000, '2024-09-03');
--INSERT INTO ORDER_ITEM (ORDER_HEADER_ID, ITEM_CODE, ORDER_ITEM_QUANTITY, PURCHASE_AMOUNT, SALES_AMOUNT, MARGIN_RATE, MARGIN_AMOUNT, FINAL_AMOUNT, REQUEST_DATE) VALUES (2409031838, 'SPKAURAS4BK', 4, 289000, 339000, 14, 47460.0, 1356000, '2024-09-03');
--INSERT INTO ORDER_ITEM (ORDER_HEADER_ID, ITEM_CODE, ORDER_ITEM_QUANTITY, PURCHASE_AMOUNT, SALES_AMOUNT, MARGIN_RATE, MARGIN_AMOUNT, FINAL_AMOUNT, REQUEST_DATE) VALUES (2409076961, 'HDSBEPLAYHX', 2, 759000, 819000, 17, 139230.0, 1638000, '2024-09-07');
--INSERT INTO ORDER_ITEM (ORDER_HEADER_ID, ITEM_CODE, ORDER_ITEM_QUANTITY, PURCHASE_AMOUNT, SALES_AMOUNT, MARGIN_RATE, MARGIN_AMOUNT, FINAL_AMOUNT, REQUEST_DATE) VALUES (2408195215, 'SPKBESOUNDBALANCE', 3, 4290000, 4799000, 19, 911810.0, 14397000, '2024-08-19');
--INSERT INTO ORDER_ITEM (ORDER_HEADER_ID, ITEM_CODE, ORDER_ITEM_QUANTITY, PURCHASE_AMOUNT, SALES_AMOUNT, MARGIN_RATE, MARGIN_AMOUNT, FINAL_AMOUNT, REQUEST_DATE) VALUES (2408195215, 'SPKBESOUNDBALANCE', 4, 4290000, 4799000, 18, 863820.0, 19196000, '2024-08-19');
--INSERT INTO ORDER_ITEM (ORDER_HEADER_ID, ITEM_CODE, ORDER_ITEM_QUANTITY, PURCHASE_AMOUNT, SALES_AMOUNT, MARGIN_RATE, MARGIN_AMOUNT, FINAL_AMOUNT, REQUEST_DATE) VALUES (2409068281, 'HDSBEPLAYHX', 2, 759000, 819000, 19, 155610.0, 1638000, '2024-09-06');
--INSERT INTO ORDER_ITEM (ORDER_HEADER_ID, ITEM_CODE, ORDER_ITEM_QUANTITY, PURCHASE_AMOUNT, SALES_AMOUNT, MARGIN_RATE, MARGIN_AMOUNT, FINAL_AMOUNT, REQUEST_DATE) VALUES (2409068281, 'HADRADIANCE2400BK', 4, 5700000, 6190000, 20, 1238000.0, 24760000, '2024-09-06');
--INSERT INTO ORDER_ITEM (ORDER_HEADER_ID, ITEM_CODE, ORDER_ITEM_QUANTITY, PURCHASE_AMOUNT, SALES_AMOUNT, MARGIN_RATE, MARGIN_AMOUNT, FINAL_AMOUNT, REQUEST_DATE) VALUES (2409068281, 'HADRADIANCE2400BK', 4, 5700000, 6190000, 14, 866600.0, 24760000, '2024-09-06');
--INSERT INTO ORDER_ITEM (ORDER_HEADER_ID, ITEM_CODE, ORDER_ITEM_QUANTITY, PURCHASE_AMOUNT, SALES_AMOUNT, MARGIN_RATE, MARGIN_AMOUNT, FINAL_AMOUNT, REQUEST_DATE) VALUES (2409068281, 'SPKBESOUNDA9', 1, 4790000, 5399000, 18, 971820.0, 5399000, '2024-09-06');
--INSERT INTO ORDER_ITEM (ORDER_HEADER_ID, ITEM_CODE, ORDER_ITEM_QUANTITY, PURCHASE_AMOUNT, SALES_AMOUNT, MARGIN_RATE, MARGIN_AMOUNT, FINAL_AMOUNT, REQUEST_DATE) VALUES (2409068281, 'SPKACTON3', 4, 479000, 589000, 15, 88350.0, 2356000, '2024-09-06');
--INSERT INTO ORDER_ITEM (ORDER_HEADER_ID, ITEM_CODE, ORDER_ITEM_QUANTITY, PURCHASE_AMOUNT, SALES_AMOUNT, MARGIN_RATE, MARGIN_AMOUNT, FINAL_AMOUNT, REQUEST_DATE) VALUES (2408266383, 'SPKWOBURN3', 3, 989000, 1115000, 14, 156100.0, 3345000, '2024-08-26');
--INSERT INTO ORDER_ITEM (ORDER_HEADER_ID, ITEM_CODE, ORDER_ITEM_QUANTITY, PURCHASE_AMOUNT, SALES_AMOUNT, MARGIN_RATE, MARGIN_AMOUNT, FINAL_AMOUNT, REQUEST_DATE) VALUES (2408266383, 'SPKBESOUNDA5', 4, 1690000, 1899000, 15, 284850.0, 7596000, '2024-08-26');
--INSERT INTO ORDER_ITEM (ORDER_HEADER_ID, ITEM_CODE, ORDER_ITEM_QUANTITY, PURCHASE_AMOUNT, SALES_AMOUNT, MARGIN_RATE, MARGIN_AMOUNT, FINAL_AMOUNT, REQUEST_DATE) VALUES (2408266383, 'SPKSTANMORE3', 4, 679000, 759000, 14, 106260.0, 3036000, '2024-08-26');
--INSERT INTO ORDER_ITEM (ORDER_HEADER_ID, ITEM_CODE, ORDER_ITEM_QUANTITY, PURCHASE_AMOUNT, SALES_AMOUNT, MARGIN_RATE, MARGIN_AMOUNT, FINAL_AMOUNT, REQUEST_DATE) VALUES (2408266383, 'HDSBEPLAYHX', 2, 759000, 819000, 17, 139230.0, 1638000, '2024-08-26');
--INSERT INTO ORDER_ITEM (ORDER_HEADER_ID, ITEM_CODE, ORDER_ITEM_QUANTITY, PURCHASE_AMOUNT, SALES_AMOUNT, MARGIN_RATE, MARGIN_AMOUNT, FINAL_AMOUNT, REQUEST_DATE) VALUES (2408266383, 'HDSBEPLAYHX', 4, 759000, 819000, 18, 147420.0, 3276000, '2024-08-26');
--INSERT INTO ORDER_ITEM (ORDER_HEADER_ID, ITEM_CODE, ORDER_ITEM_QUANTITY, PURCHASE_AMOUNT, SALES_AMOUNT, MARGIN_RATE, MARGIN_AMOUNT, FINAL_AMOUNT, REQUEST_DATE) VALUES (2408191702, 'HDSBEPLAYEX', 1, 459000, 509000, 16, 81440.0, 509000, '2024-08-19');
--INSERT INTO ORDER_ITEM (ORDER_HEADER_ID, ITEM_CODE, ORDER_ITEM_QUANTITY, PURCHASE_AMOUNT, SALES_AMOUNT, MARGIN_RATE, MARGIN_AMOUNT, FINAL_AMOUNT, REQUEST_DATE) VALUES (2408191702, 'HDSBEPLAYEX', 3, 459000, 509000, 14, 71260.0, 1527000, '2024-08-19');
--INSERT INTO ORDER_ITEM (ORDER_HEADER_ID, ITEM_CODE, ORDER_ITEM_QUANTITY, PURCHASE_AMOUNT, SALES_AMOUNT, MARGIN_RATE, MARGIN_AMOUNT, FINAL_AMOUNT, REQUEST_DATE) VALUES (2408191702, 'SPKWOBURN3', 3, 989000, 1115000, 18, 200700.0, 3345000, '2024-08-19');
--INSERT INTO ORDER_ITEM (ORDER_HEADER_ID, ITEM_CODE, ORDER_ITEM_QUANTITY, PURCHASE_AMOUNT, SALES_AMOUNT, MARGIN_RATE, MARGIN_AMOUNT, FINAL_AMOUNT, REQUEST_DATE) VALUES (2408201140, 'SPKSTANMORE3', 3, 679000, 759000, 11, 83490.0, 2277000, '2024-08-20');
--INSERT INTO ORDER_ITEM (ORDER_HEADER_ID, ITEM_CODE, ORDER_ITEM_QUANTITY, PURCHASE_AMOUNT, SALES_AMOUNT, MARGIN_RATE, MARGIN_AMOUNT, FINAL_AMOUNT, REQUEST_DATE) VALUES (2408201140, 'SPKBESOUNDBALANCE', 5, 4290000, 4799000, 14, 671860.0, 23995000, '2024-08-20');
--INSERT INTO ORDER_ITEM (ORDER_HEADER_ID, ITEM_CODE, ORDER_ITEM_QUANTITY, PURCHASE_AMOUNT, SALES_AMOUNT, MARGIN_RATE, MARGIN_AMOUNT, FINAL_AMOUNT, REQUEST_DATE) VALUES (2409115125, 'SPKBESOUNDA9', 5, 4790000, 5399000, 11, 593890.0, 26995000, '2024-09-11');
--INSERT INTO ORDER_ITEM (ORDER_HEADER_ID, ITEM_CODE, ORDER_ITEM_QUANTITY, PURCHASE_AMOUNT, SALES_AMOUNT, MARGIN_RATE, MARGIN_AMOUNT, FINAL_AMOUNT, REQUEST_DATE) VALUES (2408256420, 'SPKSTANMORE3', 5, 679000, 759000, 15, 113850.0, 3795000, '2024-08-25');
--INSERT INTO ORDER_ITEM (ORDER_HEADER_ID, ITEM_CODE, ORDER_ITEM_QUANTITY, PURCHASE_AMOUNT, SALES_AMOUNT, MARGIN_RATE, MARGIN_AMOUNT, FINAL_AMOUNT, REQUEST_DATE) VALUES (2408256420, 'SPKBESOUNDA9', 2, 4790000, 5399000, 19, 1025810.0, 10798000, '2024-08-25');
--INSERT INTO ORDER_ITEM (ORDER_HEADER_ID, ITEM_CODE, ORDER_ITEM_QUANTITY, PURCHASE_AMOUNT, SALES_AMOUNT, MARGIN_RATE, MARGIN_AMOUNT, FINAL_AMOUNT, REQUEST_DATE) VALUES (2408256420, 'HDSBEPLAYHX', 3, 759000, 819000, 10, 81900.0, 2457000, '2024-08-25');
--INSERT INTO ORDER_ITEM (ORDER_HEADER_ID, ITEM_CODE, ORDER_ITEM_QUANTITY, PURCHASE_AMOUNT, SALES_AMOUNT, MARGIN_RATE, MARGIN_AMOUNT, FINAL_AMOUNT, REQUEST_DATE) VALUES (2408256420, 'SPKACTON3', 4, 479000, 589000, 19, 111910.0, 2356000, '2024-08-25');
--INSERT INTO ORDER_ITEM (ORDER_HEADER_ID, ITEM_CODE, ORDER_ITEM_QUANTITY, PURCHASE_AMOUNT, SALES_AMOUNT, MARGIN_RATE, MARGIN_AMOUNT, FINAL_AMOUNT, REQUEST_DATE) VALUES (2408256420, 'HDSBEPLAYHX', 5, 759000, 819000, 17, 139230.0, 4095000, '2024-08-25');
--INSERT INTO ORDER_ITEM (ORDER_HEADER_ID, ITEM_CODE, ORDER_ITEM_QUANTITY, PURCHASE_AMOUNT, SALES_AMOUNT, MARGIN_RATE, MARGIN_AMOUNT, FINAL_AMOUNT, REQUEST_DATE) VALUES (2409095493, 'SPKSTICKS4BK', 2, 399000, 459000, 16, 73440.0, 918000, '2024-09-09');
--INSERT INTO ORDER_ITEM (ORDER_HEADER_ID, ITEM_CODE, ORDER_ITEM_QUANTITY, PURCHASE_AMOUNT, SALES_AMOUNT, MARGIN_RATE, MARGIN_AMOUNT, FINAL_AMOUNT, REQUEST_DATE) VALUES (2409095493, 'SPKWOBURN3', 3, 989000, 1115000, 10, 111500.0, 3345000, '2024-09-09');
--INSERT INTO ORDER_ITEM (ORDER_HEADER_ID, ITEM_CODE, ORDER_ITEM_QUANTITY, PURCHASE_AMOUNT, SALES_AMOUNT, MARGIN_RATE, MARGIN_AMOUNT, FINAL_AMOUNT, REQUEST_DATE) VALUES (2409095493, 'HDSBEPLAYEX', 2, 459000, 509000, 18, 91620.0, 1018000, '2024-09-09');
--INSERT INTO ORDER_ITEM (ORDER_HEADER_ID, ITEM_CODE, ORDER_ITEM_QUANTITY, PURCHASE_AMOUNT, SALES_AMOUNT, MARGIN_RATE, MARGIN_AMOUNT, FINAL_AMOUNT, REQUEST_DATE) VALUES (2409095493, 'SPKAURAS4BK', 5, 289000, 339000, 20, 67800.0, 1695000, '2024-09-09');
--INSERT INTO ORDER_ITEM (ORDER_HEADER_ID, ITEM_CODE, ORDER_ITEM_QUANTITY, PURCHASE_AMOUNT, SALES_AMOUNT, MARGIN_RATE, MARGIN_AMOUNT, FINAL_AMOUNT, REQUEST_DATE) VALUES (2409086842, 'SPKACTON3', 2, 479000, 589000, 18, 106020.0, 1178000, '2024-09-08');
--INSERT INTO ORDER_ITEM (ORDER_HEADER_ID, ITEM_CODE, ORDER_ITEM_QUANTITY, PURCHASE_AMOUNT, SALES_AMOUNT, MARGIN_RATE, MARGIN_AMOUNT, FINAL_AMOUNT, REQUEST_DATE) VALUES (2409086842, 'HDSBEPLAYEX', 3, 459000, 509000, 10, 50900.0, 1527000, '2024-09-08');
--INSERT INTO ORDER_ITEM (ORDER_HEADER_ID, ITEM_CODE, ORDER_ITEM_QUANTITY, PURCHASE_AMOUNT, SALES_AMOUNT, MARGIN_RATE, MARGIN_AMOUNT, FINAL_AMOUNT, REQUEST_DATE) VALUES (2409086842, 'SPKSTICKS4BK', 5, 399000, 459000, 13, 59670.0, 2295000, '2024-09-08');
--INSERT INTO ORDER_ITEM (ORDER_HEADER_ID, ITEM_CODE, ORDER_ITEM_QUANTITY, PURCHASE_AMOUNT, SALES_AMOUNT, MARGIN_RATE, MARGIN_AMOUNT, FINAL_AMOUNT, REQUEST_DATE) VALUES (2409077879, 'HDSBEPLAYHX', 4, 759000, 819000, 17, 139230.0, 3276000, '2024-09-07');
--INSERT INTO ORDER_ITEM (ORDER_HEADER_ID, ITEM_CODE, ORDER_ITEM_QUANTITY, PURCHASE_AMOUNT, SALES_AMOUNT, MARGIN_RATE, MARGIN_AMOUNT, FINAL_AMOUNT, REQUEST_DATE) VALUES (2409077879, 'HDSBEPLAYEX', 4, 459000, 509000, 20, 101800.0, 2036000, '2024-09-07');
--INSERT INTO ORDER_ITEM (ORDER_HEADER_ID, ITEM_CODE, ORDER_ITEM_QUANTITY, PURCHASE_AMOUNT, SALES_AMOUNT, MARGIN_RATE, MARGIN_AMOUNT, FINAL_AMOUNT, REQUEST_DATE) VALUES (2409077879, 'SPKAURAS4BK', 1, 289000, 339000, 16, 54240.0, 339000, '2024-09-07');
--INSERT INTO ORDER_ITEM (ORDER_HEADER_ID, ITEM_CODE, ORDER_ITEM_QUANTITY, PURCHASE_AMOUNT, SALES_AMOUNT, MARGIN_RATE, MARGIN_AMOUNT, FINAL_AMOUNT, REQUEST_DATE) VALUES (2409077879, 'SPKSTANMORE3', 3, 679000, 759000, 18, 136620.0, 2277000, '2024-09-07');
--INSERT INTO ORDER_ITEM (ORDER_HEADER_ID, ITEM_CODE, ORDER_ITEM_QUANTITY, PURCHASE_AMOUNT, SALES_AMOUNT, MARGIN_RATE, MARGIN_AMOUNT, FINAL_AMOUNT, REQUEST_DATE) VALUES (2409032738, 'SPKBESOUNDEMERGE', 5, 1250000, 1299000, 11, 142890.0, 6495000, '2024-09-03');
--INSERT INTO ORDER_ITEM (ORDER_HEADER_ID, ITEM_CODE, ORDER_ITEM_QUANTITY, PURCHASE_AMOUNT, SALES_AMOUNT, MARGIN_RATE, MARGIN_AMOUNT, FINAL_AMOUNT, REQUEST_DATE) VALUES (2409032738, 'SDBCITAMB110GRAYS', 5, 1050000, 1150000, 11, 126500.0, 5750000, '2024-09-03');
--INSERT INTO ORDER_ITEM (ORDER_HEADER_ID, ITEM_CODE, ORDER_ITEM_QUANTITY, PURCHASE_AMOUNT, SALES_AMOUNT, MARGIN_RATE, MARGIN_AMOUNT, FINAL_AMOUNT, REQUEST_DATE) VALUES (2409032738, 'SPKSTANMORE3', 4, 679000, 759000, 15, 113850.0, 3036000, '2024-09-03');
--INSERT INTO ORDER_ITEM (ORDER_HEADER_ID, ITEM_CODE, ORDER_ITEM_QUANTITY, PURCHASE_AMOUNT, SALES_AMOUNT, MARGIN_RATE, MARGIN_AMOUNT, FINAL_AMOUNT, REQUEST_DATE) VALUES (2409010550, 'SPKBESOUNDA5', 4, 1690000, 1899000, 17, 322830.0, 7596000, '2024-09-01');
--INSERT INTO ORDER_ITEM (ORDER_HEADER_ID, ITEM_CODE, ORDER_ITEM_QUANTITY, PURCHASE_AMOUNT, SALES_AMOUNT, MARGIN_RATE, MARGIN_AMOUNT, FINAL_AMOUNT, REQUEST_DATE) VALUES (2409010550, 'SPKBESOUNDBALANCE', 2, 4290000, 4799000, 16, 767840.0, 9598000, '2024-09-01');
--INSERT INTO ORDER_ITEM (ORDER_HEADER_ID, ITEM_CODE, ORDER_ITEM_QUANTITY, PURCHASE_AMOUNT, SALES_AMOUNT, MARGIN_RATE, MARGIN_AMOUNT, FINAL_AMOUNT, REQUEST_DATE) VALUES (2409010550, 'SPKBESOUNDA5', 5, 1690000, 1899000, 16, 303840.0, 9495000, '2024-09-01');
--INSERT INTO ORDER_ITEM (ORDER_HEADER_ID, ITEM_CODE, ORDER_ITEM_QUANTITY, PURCHASE_AMOUNT, SALES_AMOUNT, MARGIN_RATE, MARGIN_AMOUNT, FINAL_AMOUNT, REQUEST_DATE) VALUES (2409010550, 'SPKACTON3', 1, 479000, 589000, 14, 82460.0, 589000, '2024-09-01');
--INSERT INTO ORDER_ITEM (ORDER_HEADER_ID, ITEM_CODE, ORDER_ITEM_QUANTITY, PURCHASE_AMOUNT, SALES_AMOUNT, MARGIN_RATE, MARGIN_AMOUNT, FINAL_AMOUNT, REQUEST_DATE) VALUES (2408276793, 'SPKSTICKS4BK', 5, 399000, 459000, 18, 82620.0, 2295000, '2024-08-27');
--INSERT INTO ORDER_ITEM (ORDER_HEADER_ID, ITEM_CODE, ORDER_ITEM_QUANTITY, PURCHASE_AMOUNT, SALES_AMOUNT, MARGIN_RATE, MARGIN_AMOUNT, FINAL_AMOUNT, REQUEST_DATE) VALUES (2408276793, 'SPKBESOUNDA9', 5, 4790000, 5399000, 16, 863840.0, 26995000, '2024-08-27');
--INSERT INTO ORDER_ITEM (ORDER_HEADER_ID, ITEM_CODE, ORDER_ITEM_QUANTITY, PURCHASE_AMOUNT, SALES_AMOUNT, MARGIN_RATE, MARGIN_AMOUNT, FINAL_AMOUNT, REQUEST_DATE) VALUES (2409045762, 'SPKSTANMORE3', 3, 679000, 759000, 10, 75900.0, 2277000, '2024-09-04');
--INSERT INTO ORDER_ITEM (ORDER_HEADER_ID, ITEM_CODE, ORDER_ITEM_QUANTITY, PURCHASE_AMOUNT, SALES_AMOUNT, MARGIN_RATE, MARGIN_AMOUNT, FINAL_AMOUNT, REQUEST_DATE) VALUES (2409045762, 'SPKBESOUNDEMERGE', 5, 1250000, 1299000, 14, 181860.0, 6495000, '2024-09-04');
--INSERT INTO ORDER_ITEM (ORDER_HEADER_ID, ITEM_CODE, ORDER_ITEM_QUANTITY, PURCHASE_AMOUNT, SALES_AMOUNT, MARGIN_RATE, MARGIN_AMOUNT, FINAL_AMOUNT, REQUEST_DATE) VALUES (2409045762, 'HDSBEPLAYHX', 1, 759000, 819000, 11, 90090.0, 819000, '2024-09-04');
--INSERT INTO ORDER_ITEM (ORDER_HEADER_ID, ITEM_CODE, ORDER_ITEM_QUANTITY, PURCHASE_AMOUNT, SALES_AMOUNT, MARGIN_RATE, MARGIN_AMOUNT, FINAL_AMOUNT, REQUEST_DATE) VALUES (2409045762, 'HDSBEPLAYEX', 1, 459000, 509000, 10, 50900.0, 509000, '2024-09-04');
--INSERT INTO ORDER_ITEM (ORDER_HEADER_ID, ITEM_CODE, ORDER_ITEM_QUANTITY, PURCHASE_AMOUNT, SALES_AMOUNT, MARGIN_RATE, MARGIN_AMOUNT, FINAL_AMOUNT, REQUEST_DATE) VALUES (2409045762, 'SPKBESOUNDBALANCE', 4, 4290000, 4799000, 20, 959800.0, 19196000, '2024-09-04');
--INSERT INTO ORDER_ITEM (ORDER_HEADER_ID, ITEM_CODE, ORDER_ITEM_QUANTITY, PURCHASE_AMOUNT, SALES_AMOUNT, MARGIN_RATE, MARGIN_AMOUNT, FINAL_AMOUNT, REQUEST_DATE) VALUES (2409011295, 'SPKBESOUNDA5', 1, 1690000, 1899000, 11, 208890.0, 1899000, '2024-09-01');
--INSERT INTO ORDER_ITEM (ORDER_HEADER_ID, ITEM_CODE, ORDER_ITEM_QUANTITY, PURCHASE_AMOUNT, SALES_AMOUNT, MARGIN_RATE, MARGIN_AMOUNT, FINAL_AMOUNT, REQUEST_DATE) VALUES (2409011295, 'SPKBESOUNDA9', 4, 4790000, 5399000, 15, 809850.0, 21596000, '2024-09-01');
--INSERT INTO ORDER_ITEM (ORDER_HEADER_ID, ITEM_CODE, ORDER_ITEM_QUANTITY, PURCHASE_AMOUNT, SALES_AMOUNT, MARGIN_RATE, MARGIN_AMOUNT, FINAL_AMOUNT, REQUEST_DATE) VALUES (2409011295, 'SPKAURAS4BK', 3, 289000, 339000, 20, 67800.0, 1017000, '2024-09-01');
--INSERT INTO ORDER_ITEM (ORDER_HEADER_ID, ITEM_CODE, ORDER_ITEM_QUANTITY, PURCHASE_AMOUNT, SALES_AMOUNT, MARGIN_RATE, MARGIN_AMOUNT, FINAL_AMOUNT, REQUEST_DATE) VALUES (2409011295, 'SPKAURAS4BK', 1, 289000, 339000, 13, 44070.0, 339000, '2024-09-01');
--INSERT INTO ORDER_ITEM (ORDER_HEADER_ID, ITEM_CODE, ORDER_ITEM_QUANTITY, PURCHASE_AMOUNT, SALES_AMOUNT, MARGIN_RATE, MARGIN_AMOUNT, FINAL_AMOUNT, REQUEST_DATE) VALUES (2409025971, 'SPKBESOUNDBALANCE', 4, 4290000, 4799000, 13, 623870.0, 19196000, '2024-09-02');
--INSERT INTO ORDER_ITEM (ORDER_HEADER_ID, ITEM_CODE, ORDER_ITEM_QUANTITY, PURCHASE_AMOUNT, SALES_AMOUNT, MARGIN_RATE, MARGIN_AMOUNT, FINAL_AMOUNT, REQUEST_DATE) VALUES (2409025971, 'SPKAURAS4BK', 1, 289000, 339000, 18, 61020.0, 339000, '2024-09-02');
--INSERT INTO ORDER_ITEM (ORDER_HEADER_ID, ITEM_CODE, ORDER_ITEM_QUANTITY, PURCHASE_AMOUNT, SALES_AMOUNT, MARGIN_RATE, MARGIN_AMOUNT, FINAL_AMOUNT, REQUEST_DATE) VALUES (2409025971, 'SPKBESOUNDA5', 4, 1690000, 1899000, 17, 322830.0, 7596000, '2024-09-02');
--INSERT INTO ORDER_ITEM (ORDER_HEADER_ID, ITEM_CODE, ORDER_ITEM_QUANTITY, PURCHASE_AMOUNT, SALES_AMOUNT, MARGIN_RATE, MARGIN_AMOUNT, FINAL_AMOUNT, REQUEST_DATE) VALUES (2409025971, 'HDSBEPLAYEX', 1, 459000, 509000, 16, 81440.0, 509000, '2024-09-02');
--INSERT INTO ORDER_ITEM (ORDER_HEADER_ID, ITEM_CODE, ORDER_ITEM_QUANTITY, PURCHASE_AMOUNT, SALES_AMOUNT, MARGIN_RATE, MARGIN_AMOUNT, FINAL_AMOUNT, REQUEST_DATE) VALUES (2408254090, 'SPKACTON3', 5, 479000, 589000, 19, 111910.0, 2945000, '2024-08-25');
--INSERT INTO ORDER_ITEM (ORDER_HEADER_ID, ITEM_CODE, ORDER_ITEM_QUANTITY, PURCHASE_AMOUNT, SALES_AMOUNT, MARGIN_RATE, MARGIN_AMOUNT, FINAL_AMOUNT, REQUEST_DATE) VALUES (2408254090, 'SPKBESOUNDA5', 3, 1690000, 1899000, 15, 284850.0, 5697000, '2024-08-25');
--INSERT INTO ORDER_ITEM (ORDER_HEADER_ID, ITEM_CODE, ORDER_ITEM_QUANTITY, PURCHASE_AMOUNT, SALES_AMOUNT, MARGIN_RATE, MARGIN_AMOUNT, FINAL_AMOUNT, REQUEST_DATE) VALUES (2408254090, 'SPKWOBURN3', 3, 989000, 1115000, 19, 211850.0, 3345000, '2024-08-25');
--INSERT INTO ORDER_ITEM (ORDER_HEADER_ID, ITEM_CODE, ORDER_ITEM_QUANTITY, PURCHASE_AMOUNT, SALES_AMOUNT, MARGIN_RATE, MARGIN_AMOUNT, FINAL_AMOUNT, REQUEST_DATE) VALUES (2408262271, 'HADRADIANCE2400BK', 4, 5700000, 6190000, 19, 1176100.0, 24760000, '2024-08-26');
--INSERT INTO ORDER_ITEM (ORDER_HEADER_ID, ITEM_CODE, ORDER_ITEM_QUANTITY, PURCHASE_AMOUNT, SALES_AMOUNT, MARGIN_RATE, MARGIN_AMOUNT, FINAL_AMOUNT, REQUEST_DATE) VALUES (2408262271, 'SPKBESOUNDBALANCE', 1, 4290000, 4799000, 10, 479900.0, 4799000, '2024-08-26');
--INSERT INTO ORDER_ITEM (ORDER_HEADER_ID, ITEM_CODE, ORDER_ITEM_QUANTITY, PURCHASE_AMOUNT, SALES_AMOUNT, MARGIN_RATE, MARGIN_AMOUNT, FINAL_AMOUNT, REQUEST_DATE) VALUES (2408262271, 'SPKBESOUNDEMERGE', 4, 1250000, 1299000, 10, 129900.0, 5196000, '2024-08-26');
--INSERT INTO ORDER_ITEM (ORDER_HEADER_ID, ITEM_CODE, ORDER_ITEM_QUANTITY, PURCHASE_AMOUNT, SALES_AMOUNT, MARGIN_RATE, MARGIN_AMOUNT, FINAL_AMOUNT, REQUEST_DATE) VALUES (2408262271, 'SPKSTICKS4BK', 1, 399000, 459000, 17, 78030.0, 459000, '2024-08-26');
--INSERT INTO ORDER_ITEM (ORDER_HEADER_ID, ITEM_CODE, ORDER_ITEM_QUANTITY, PURCHASE_AMOUNT, SALES_AMOUNT, MARGIN_RATE, MARGIN_AMOUNT, FINAL_AMOUNT, REQUEST_DATE) VALUES (2408203059, 'SPKBESOUNDBALANCE', 4, 4290000, 4799000, 19, 911810.0, 19196000, '2024-08-20');
--INSERT INTO ORDER_ITEM (ORDER_HEADER_ID, ITEM_CODE, ORDER_ITEM_QUANTITY, PURCHASE_AMOUNT, SALES_AMOUNT, MARGIN_RATE, MARGIN_AMOUNT, FINAL_AMOUNT, REQUEST_DATE) VALUES (2408203059, 'SPKBESOUNDA9', 3, 4790000, 5399000, 11, 593890.0, 16197000, '2024-08-20');
--INSERT INTO ORDER_ITEM (ORDER_HEADER_ID, ITEM_CODE, ORDER_ITEM_QUANTITY, PURCHASE_AMOUNT, SALES_AMOUNT, MARGIN_RATE, MARGIN_AMOUNT, FINAL_AMOUNT, REQUEST_DATE) VALUES (2408203059, 'SPKACTON3', 4, 479000, 589000, 17, 100130.0, 2356000, '2024-08-20');
--INSERT INTO ORDER_ITEM (ORDER_HEADER_ID, ITEM_CODE, ORDER_ITEM_QUANTITY, PURCHASE_AMOUNT, SALES_AMOUNT, MARGIN_RATE, MARGIN_AMOUNT, FINAL_AMOUNT, REQUEST_DATE) VALUES (2408163687, 'HDSBEPLAYEX', 2, 459000, 509000, 12, 61080.0, 1018000, '2024-08-16');
--INSERT INTO ORDER_ITEM (ORDER_HEADER_ID, ITEM_CODE, ORDER_ITEM_QUANTITY, PURCHASE_AMOUNT, SALES_AMOUNT, MARGIN_RATE, MARGIN_AMOUNT, FINAL_AMOUNT, REQUEST_DATE) VALUES (2408163687, 'SPKBESOUNDA9', 5, 4790000, 5399000, 11, 593890.0, 26995000, '2024-08-16');
--INSERT INTO ORDER_ITEM (ORDER_HEADER_ID, ITEM_CODE, ORDER_ITEM_QUANTITY, PURCHASE_AMOUNT, SALES_AMOUNT, MARGIN_RATE, MARGIN_AMOUNT, FINAL_AMOUNT, REQUEST_DATE) VALUES (2408163687, 'SPKBESOUNDEMERGE', 4, 1250000, 1299000, 10, 129900.0, 5196000, '2024-08-16');
--INSERT INTO ORDER_ITEM (ORDER_HEADER_ID, ITEM_CODE, ORDER_ITEM_QUANTITY, PURCHASE_AMOUNT, SALES_AMOUNT, MARGIN_RATE, MARGIN_AMOUNT, FINAL_AMOUNT, REQUEST_DATE) VALUES (2408163687, 'SPKBESOUNDBALANCE', 5, 4290000, 4799000, 12, 575880.0, 23995000, '2024-08-16');
--INSERT INTO ORDER_ITEM (ORDER_HEADER_ID, ITEM_CODE, ORDER_ITEM_QUANTITY, PURCHASE_AMOUNT, SALES_AMOUNT, MARGIN_RATE, MARGIN_AMOUNT, FINAL_AMOUNT, REQUEST_DATE) VALUES (2409112842, 'SPKSTICKS4BK', 1, 399000, 459000, 20, 91800.0, 459000, '2024-09-11');
--INSERT INTO ORDER_ITEM (ORDER_HEADER_ID, ITEM_CODE, ORDER_ITEM_QUANTITY, PURCHASE_AMOUNT, SALES_AMOUNT, MARGIN_RATE, MARGIN_AMOUNT, FINAL_AMOUNT, REQUEST_DATE) VALUES (2409112842, 'SPKBESOUNDA9', 5, 4790000, 5399000, 16, 863840.0, 26995000, '2024-09-11');
--INSERT INTO ORDER_ITEM (ORDER_HEADER_ID, ITEM_CODE, ORDER_ITEM_QUANTITY, PURCHASE_AMOUNT, SALES_AMOUNT, MARGIN_RATE, MARGIN_AMOUNT, FINAL_AMOUNT, REQUEST_DATE) VALUES (2409092357, 'SPKAURAS4BK', 5, 289000, 339000, 13, 44070.0, 1695000, '2024-09-09');
--INSERT INTO ORDER_ITEM (ORDER_HEADER_ID, ITEM_CODE, ORDER_ITEM_QUANTITY, PURCHASE_AMOUNT, SALES_AMOUNT, MARGIN_RATE, MARGIN_AMOUNT, FINAL_AMOUNT, REQUEST_DATE) VALUES (2409092357, 'SPKBESOUNDA9', 4, 4790000, 5399000, 15, 809850.0, 21596000, '2024-09-09');
--INSERT INTO ORDER_ITEM (ORDER_HEADER_ID, ITEM_CODE, ORDER_ITEM_QUANTITY, PURCHASE_AMOUNT, SALES_AMOUNT, MARGIN_RATE, MARGIN_AMOUNT, FINAL_AMOUNT, REQUEST_DATE) VALUES (2408144305, 'SPKBESOUNDEMERGE', 4, 1250000, 1299000, 19, 246810.0, 5196000, '2024-08-14');
--INSERT INTO ORDER_ITEM (ORDER_HEADER_ID, ITEM_CODE, ORDER_ITEM_QUANTITY, PURCHASE_AMOUNT, SALES_AMOUNT, MARGIN_RATE, MARGIN_AMOUNT, FINAL_AMOUNT, REQUEST_DATE) VALUES (2408310842, 'SPKSTANMORE3', 2, 679000, 759000, 14, 106260.0, 1518000, '2024-08-31');
--INSERT INTO ORDER_ITEM (ORDER_HEADER_ID, ITEM_CODE, ORDER_ITEM_QUANTITY, PURCHASE_AMOUNT, SALES_AMOUNT, MARGIN_RATE, MARGIN_AMOUNT, FINAL_AMOUNT, REQUEST_DATE) VALUES (2408292140, 'SPKBESOUNDEMERGE', 4, 1250000, 1299000, 14, 181860.0, 5196000, '2024-08-29');
--INSERT INTO ORDER_ITEM (ORDER_HEADER_ID, ITEM_CODE, ORDER_ITEM_QUANTITY, PURCHASE_AMOUNT, SALES_AMOUNT, MARGIN_RATE, MARGIN_AMOUNT, FINAL_AMOUNT, REQUEST_DATE) VALUES (2408292140, 'HADRADIANCE2400BK', 5, 5700000, 6190000, 13, 804700.0, 30950000, '2024-08-29');
--INSERT INTO ORDER_ITEM (ORDER_HEADER_ID, ITEM_CODE, ORDER_ITEM_QUANTITY, PURCHASE_AMOUNT, SALES_AMOUNT, MARGIN_RATE, MARGIN_AMOUNT, FINAL_AMOUNT, REQUEST_DATE) VALUES (2408292140, 'SPKSTICKS4BK', 4, 399000, 459000, 15, 68850.0, 1836000, '2024-08-29');
--INSERT INTO ORDER_ITEM (ORDER_HEADER_ID, ITEM_CODE, ORDER_ITEM_QUANTITY, PURCHASE_AMOUNT, SALES_AMOUNT, MARGIN_RATE, MARGIN_AMOUNT, FINAL_AMOUNT, REQUEST_DATE) VALUES (2408292140, 'SPKBESOUNDBALANCE', 3, 4290000, 4799000, 14, 671860.0, 14397000, '2024-08-29');
--INSERT INTO ORDER_ITEM (ORDER_HEADER_ID, ITEM_CODE, ORDER_ITEM_QUANTITY, PURCHASE_AMOUNT, SALES_AMOUNT, MARGIN_RATE, MARGIN_AMOUNT, FINAL_AMOUNT, REQUEST_DATE) VALUES (2409095126, 'SPKACTON3', 1, 479000, 589000, 10, 58900.0, 589000, '2024-09-09');
--INSERT INTO ORDER_ITEM (ORDER_HEADER_ID, ITEM_CODE, ORDER_ITEM_QUANTITY, PURCHASE_AMOUNT, SALES_AMOUNT, MARGIN_RATE, MARGIN_AMOUNT, FINAL_AMOUNT, REQUEST_DATE) VALUES (2409095126, 'SPKBESOUNDA5', 2, 1690000, 1899000, 20, 379800.0, 3798000, '2024-09-09');
--INSERT INTO ORDER_ITEM (ORDER_HEADER_ID, ITEM_CODE, ORDER_ITEM_QUANTITY, PURCHASE_AMOUNT, SALES_AMOUNT, MARGIN_RATE, MARGIN_AMOUNT, FINAL_AMOUNT, REQUEST_DATE) VALUES (2409093038, 'SPKSTICKS4BK', 1, 399000, 459000, 19, 87210.0, 459000, '2024-09-09');
--INSERT INTO ORDER_ITEM (ORDER_HEADER_ID, ITEM_CODE, ORDER_ITEM_QUANTITY, PURCHASE_AMOUNT, SALES_AMOUNT, MARGIN_RATE, MARGIN_AMOUNT, FINAL_AMOUNT, REQUEST_DATE) VALUES (2409093038, 'SDBCITAMB110GRAYS', 4, 1050000, 1150000, 12, 138000.0, 4600000, '2024-09-09');
--INSERT INTO ORDER_ITEM (ORDER_HEADER_ID, ITEM_CODE, ORDER_ITEM_QUANTITY, PURCHASE_AMOUNT, SALES_AMOUNT, MARGIN_RATE, MARGIN_AMOUNT, FINAL_AMOUNT, REQUEST_DATE) VALUES (2409027258, 'SPKBESOUNDA9', 5, 4790000, 5399000, 13, 701870.0, 26995000, '2024-09-02');
--INSERT INTO ORDER_ITEM (ORDER_HEADER_ID, ITEM_CODE, ORDER_ITEM_QUANTITY, PURCHASE_AMOUNT, SALES_AMOUNT, MARGIN_RATE, MARGIN_AMOUNT, FINAL_AMOUNT, REQUEST_DATE) VALUES (2409027258, 'SPKBESOUNDBALANCE', 2, 4290000, 4799000, 18, 863820.0, 9598000, '2024-09-02');
--INSERT INTO ORDER_ITEM (ORDER_HEADER_ID, ITEM_CODE, ORDER_ITEM_QUANTITY, PURCHASE_AMOUNT, SALES_AMOUNT, MARGIN_RATE, MARGIN_AMOUNT, FINAL_AMOUNT, REQUEST_DATE) VALUES (2409027258, 'SPKAURAS4BK', 3, 289000, 339000, 15, 50850.0, 1017000, '2024-09-02');
--INSERT INTO ORDER_ITEM (ORDER_HEADER_ID, ITEM_CODE, ORDER_ITEM_QUANTITY, PURCHASE_AMOUNT, SALES_AMOUNT, MARGIN_RATE, MARGIN_AMOUNT, FINAL_AMOUNT, REQUEST_DATE) VALUES (2409027258, 'SPKWOBURN3', 5, 989000, 1115000, 11, 122650.0, 5575000, '2024-09-02');
--INSERT INTO ORDER_ITEM (ORDER_HEADER_ID, ITEM_CODE, ORDER_ITEM_QUANTITY, PURCHASE_AMOUNT, SALES_AMOUNT, MARGIN_RATE, MARGIN_AMOUNT, FINAL_AMOUNT, REQUEST_DATE) VALUES (2409027258, 'HADRADIANCE2400BK', 5, 5700000, 6190000, 13, 804700.0, 30950000, '2024-09-02');
--INSERT INTO ORDER_ITEM (ORDER_HEADER_ID, ITEM_CODE, ORDER_ITEM_QUANTITY, PURCHASE_AMOUNT, SALES_AMOUNT, MARGIN_RATE, MARGIN_AMOUNT, FINAL_AMOUNT, REQUEST_DATE) VALUES (2408147262, 'SPKAURAS4BK', 3, 289000, 339000, 18, 61020.0, 1017000, '2024-08-14');
--INSERT INTO ORDER_ITEM (ORDER_HEADER_ID, ITEM_CODE, ORDER_ITEM_QUANTITY, PURCHASE_AMOUNT, SALES_AMOUNT, MARGIN_RATE, MARGIN_AMOUNT, FINAL_AMOUNT, REQUEST_DATE) VALUES (2408292801, 'SPKSTANMORE3', 5, 679000, 759000, 19, 144210.0, 3795000, '2024-08-29');
--INSERT INTO ORDER_ITEM (ORDER_HEADER_ID, ITEM_CODE, ORDER_ITEM_QUANTITY, PURCHASE_AMOUNT, SALES_AMOUNT, MARGIN_RATE, MARGIN_AMOUNT, FINAL_AMOUNT, REQUEST_DATE) VALUES (2408292801, 'SPKBESOUNDA9', 4, 4790000, 5399000, 12, 647880.0, 21596000, '2024-08-29');
--INSERT INTO ORDER_ITEM (ORDER_HEADER_ID, ITEM_CODE, ORDER_ITEM_QUANTITY, PURCHASE_AMOUNT, SALES_AMOUNT, MARGIN_RATE, MARGIN_AMOUNT, FINAL_AMOUNT, REQUEST_DATE) VALUES (2408292801, 'SPKBESOUNDBALANCE', 3, 4290000, 4799000, 18, 863820.0, 14397000, '2024-08-29');
--INSERT INTO ORDER_ITEM (ORDER_HEADER_ID, ITEM_CODE, ORDER_ITEM_QUANTITY, PURCHASE_AMOUNT, SALES_AMOUNT, MARGIN_RATE, MARGIN_AMOUNT, FINAL_AMOUNT, REQUEST_DATE) VALUES (2408292801, 'SPKAURAS4BK', 4, 289000, 339000, 14, 47460.0, 1356000, '2024-08-29');
--INSERT INTO ORDER_ITEM (ORDER_HEADER_ID, ITEM_CODE, ORDER_ITEM_QUANTITY, PURCHASE_AMOUNT, SALES_AMOUNT, MARGIN_RATE, MARGIN_AMOUNT, FINAL_AMOUNT, REQUEST_DATE) VALUES (2409036135, 'SPKWOBURN3', 3, 989000, 1115000, 14, 156100.0, 3345000, '2024-09-03');
--INSERT INTO ORDER_ITEM (ORDER_HEADER_ID, ITEM_CODE, ORDER_ITEM_QUANTITY, PURCHASE_AMOUNT, SALES_AMOUNT, MARGIN_RATE, MARGIN_AMOUNT, FINAL_AMOUNT, REQUEST_DATE) VALUES (2409036135, 'SPKBESOUNDA9', 5, 4790000, 5399000, 15, 809850.0, 26995000, '2024-09-03');
--INSERT INTO ORDER_ITEM (ORDER_HEADER_ID, ITEM_CODE, ORDER_ITEM_QUANTITY, PURCHASE_AMOUNT, SALES_AMOUNT, MARGIN_RATE, MARGIN_AMOUNT, FINAL_AMOUNT, REQUEST_DATE) VALUES (2409036135, 'HDSBEPLAYHX', 3, 759000, 819000, 18, 147420.0, 2457000, '2024-09-03');
--INSERT INTO ORDER_ITEM (ORDER_HEADER_ID, ITEM_CODE, ORDER_ITEM_QUANTITY, PURCHASE_AMOUNT, SALES_AMOUNT, MARGIN_RATE, MARGIN_AMOUNT, FINAL_AMOUNT, REQUEST_DATE) VALUES (2408208301, 'SPKSTICKS4BK', 1, 399000, 459000, 11, 50490.0, 459000, '2024-08-20');
--INSERT INTO ORDER_ITEM (ORDER_HEADER_ID, ITEM_CODE, ORDER_ITEM_QUANTITY, PURCHASE_AMOUNT, SALES_AMOUNT, MARGIN_RATE, MARGIN_AMOUNT, FINAL_AMOUNT, REQUEST_DATE) VALUES (2408208301, 'SPKWOBURN3', 3, 989000, 1115000, 14, 156100.0, 3345000, '2024-08-20');
--INSERT INTO ORDER_ITEM (ORDER_HEADER_ID, ITEM_CODE, ORDER_ITEM_QUANTITY, PURCHASE_AMOUNT, SALES_AMOUNT, MARGIN_RATE, MARGIN_AMOUNT, FINAL_AMOUNT, REQUEST_DATE) VALUES (2408208301, 'HDSBEPLAYHX', 5, 759000, 819000, 20, 163800.0, 4095000, '2024-08-20');
--INSERT INTO ORDER_ITEM (ORDER_HEADER_ID, ITEM_CODE, ORDER_ITEM_QUANTITY, PURCHASE_AMOUNT, SALES_AMOUNT, MARGIN_RATE, MARGIN_AMOUNT, FINAL_AMOUNT, REQUEST_DATE) VALUES (2409027944, 'HADRADIANCE2400BK', 3, 5700000, 6190000, 14, 866600.0, 18570000, '2024-09-02');
--INSERT INTO ORDER_ITEM (ORDER_HEADER_ID, ITEM_CODE, ORDER_ITEM_QUANTITY, PURCHASE_AMOUNT, SALES_AMOUNT, MARGIN_RATE, MARGIN_AMOUNT, FINAL_AMOUNT, REQUEST_DATE) VALUES (2409027944, 'SPKBESOUNDA5', 2, 1690000, 1899000, 10, 189900.0, 3798000, '2024-09-02');
--INSERT INTO ORDER_ITEM (ORDER_HEADER_ID, ITEM_CODE, ORDER_ITEM_QUANTITY, PURCHASE_AMOUNT, SALES_AMOUNT, MARGIN_RATE, MARGIN_AMOUNT, FINAL_AMOUNT, REQUEST_DATE) VALUES (2409122662, 'SPKBESOUNDA5', 4, 1690000, 1899000, 10, 189900.0, 7596000, '2024-09-12');
--INSERT INTO ORDER_ITEM (ORDER_HEADER_ID, ITEM_CODE, ORDER_ITEM_QUANTITY, PURCHASE_AMOUNT, SALES_AMOUNT, MARGIN_RATE, MARGIN_AMOUNT, FINAL_AMOUNT, REQUEST_DATE) VALUES (2409122662, 'SPKACTON3', 3, 479000, 589000, 10, 58900.0, 1767000, '2024-09-12');
--INSERT INTO ORDER_ITEM (ORDER_HEADER_ID, ITEM_CODE, ORDER_ITEM_QUANTITY, PURCHASE_AMOUNT, SALES_AMOUNT, MARGIN_RATE, MARGIN_AMOUNT, FINAL_AMOUNT, REQUEST_DATE) VALUES (2409122662, 'SPKBESOUNDA9', 2, 4790000, 5399000, 12, 647880.0, 10798000, '2024-09-12');
--INSERT INTO ORDER_ITEM (ORDER_HEADER_ID, ITEM_CODE, ORDER_ITEM_QUANTITY, PURCHASE_AMOUNT, SALES_AMOUNT, MARGIN_RATE, MARGIN_AMOUNT, FINAL_AMOUNT, REQUEST_DATE) VALUES (2409122662, 'SPKWOBURN3', 1, 989000, 1115000, 13, 144950.0, 1115000, '2024-09-12');
--INSERT INTO ORDER_ITEM (ORDER_HEADER_ID, ITEM_CODE, ORDER_ITEM_QUANTITY, PURCHASE_AMOUNT, SALES_AMOUNT, MARGIN_RATE, MARGIN_AMOUNT, FINAL_AMOUNT, REQUEST_DATE) VALUES (2409122662, 'SDBCITAMB110GRAYS', 2, 1050000, 1150000, 13, 149500.0, 2300000, '2024-09-12');
--INSERT INTO ORDER_ITEM (ORDER_HEADER_ID, ITEM_CODE, ORDER_ITEM_QUANTITY, PURCHASE_AMOUNT, SALES_AMOUNT, MARGIN_RATE, MARGIN_AMOUNT, FINAL_AMOUNT, REQUEST_DATE) VALUES (2409095393, 'SDBCITAMB110GRAYS', 5, 1050000, 1150000, 15, 172500.0, 5750000, '2024-09-09');
--INSERT INTO ORDER_ITEM (ORDER_HEADER_ID, ITEM_CODE, ORDER_ITEM_QUANTITY, PURCHASE_AMOUNT, SALES_AMOUNT, MARGIN_RATE, MARGIN_AMOUNT, FINAL_AMOUNT, REQUEST_DATE) VALUES (2409095393, 'HDSBEPLAYEX', 1, 459000, 509000, 16, 81440.0, 509000, '2024-09-09');
--INSERT INTO ORDER_ITEM (ORDER_HEADER_ID, ITEM_CODE, ORDER_ITEM_QUANTITY, PURCHASE_AMOUNT, SALES_AMOUNT, MARGIN_RATE, MARGIN_AMOUNT, FINAL_AMOUNT, REQUEST_DATE) VALUES (2409095393, 'SPKAURAS4BK', 1, 289000, 339000, 17, 57630.0, 339000, '2024-09-09');
--INSERT INTO ORDER_ITEM (ORDER_HEADER_ID, ITEM_CODE, ORDER_ITEM_QUANTITY, PURCHASE_AMOUNT, SALES_AMOUNT, MARGIN_RATE, MARGIN_AMOUNT, FINAL_AMOUNT, REQUEST_DATE) VALUES (2409095393, 'SPKACTON3', 4, 479000, 589000, 10, 58900.0, 2356000, '2024-09-09');
--INSERT INTO ORDER_ITEM (ORDER_HEADER_ID, ITEM_CODE, ORDER_ITEM_QUANTITY, PURCHASE_AMOUNT, SALES_AMOUNT, MARGIN_RATE, MARGIN_AMOUNT, FINAL_AMOUNT, REQUEST_DATE) VALUES (2409044641, 'SPKAURAS4BK', 1, 289000, 339000, 18, 61020.0, 339000, '2024-09-04');
--INSERT INTO ORDER_ITEM (ORDER_HEADER_ID, ITEM_CODE, ORDER_ITEM_QUANTITY, PURCHASE_AMOUNT, SALES_AMOUNT, MARGIN_RATE, MARGIN_AMOUNT, FINAL_AMOUNT, REQUEST_DATE) VALUES (2409044641, 'HDSBEPLAYEX', 1, 459000, 509000, 16, 81440.0, 509000, '2024-09-04');
--INSERT INTO ORDER_ITEM (ORDER_HEADER_ID, ITEM_CODE, ORDER_ITEM_QUANTITY, PURCHASE_AMOUNT, SALES_AMOUNT, MARGIN_RATE, MARGIN_AMOUNT, FINAL_AMOUNT, REQUEST_DATE) VALUES (2409044641, 'HADRADIANCE2400BK', 2, 5700000, 6190000, 16, 990400.0, 12380000, '2024-09-04');
--INSERT INTO ORDER_ITEM (ORDER_HEADER_ID, ITEM_CODE, ORDER_ITEM_QUANTITY, PURCHASE_AMOUNT, SALES_AMOUNT, MARGIN_RATE, MARGIN_AMOUNT, FINAL_AMOUNT, REQUEST_DATE) VALUES (2409091481, 'HDSBEPLAYHX', 5, 759000, 819000, 17, 139230.0, 4095000, '2024-09-09');
--INSERT INTO ORDER_ITEM (ORDER_HEADER_ID, ITEM_CODE, ORDER_ITEM_QUANTITY, PURCHASE_AMOUNT, SALES_AMOUNT, MARGIN_RATE, MARGIN_AMOUNT, FINAL_AMOUNT, REQUEST_DATE) VALUES (2409091481, 'SPKBESOUNDEMERGE', 1, 1250000, 1299000, 13, 168870.0, 1299000, '2024-09-09');
--INSERT INTO ORDER_ITEM (ORDER_HEADER_ID, ITEM_CODE, ORDER_ITEM_QUANTITY, PURCHASE_AMOUNT, SALES_AMOUNT, MARGIN_RATE, MARGIN_AMOUNT, FINAL_AMOUNT, REQUEST_DATE) VALUES (2409101949, 'HDSBEPLAYEX', 1, 459000, 509000, 14, 71260.0, 509000, '2024-09-10');
--INSERT INTO ORDER_ITEM (ORDER_HEADER_ID, ITEM_CODE, ORDER_ITEM_QUANTITY, PURCHASE_AMOUNT, SALES_AMOUNT, MARGIN_RATE, MARGIN_AMOUNT, FINAL_AMOUNT, REQUEST_DATE) VALUES (2409101949, 'SDBCITAMB110GRAYS', 3, 1050000, 1150000, 10, 115000.0, 3450000, '2024-09-10');
--INSERT INTO ORDER_ITEM (ORDER_HEADER_ID, ITEM_CODE, ORDER_ITEM_QUANTITY, PURCHASE_AMOUNT, SALES_AMOUNT, MARGIN_RATE, MARGIN_AMOUNT, FINAL_AMOUNT, REQUEST_DATE) VALUES (2409101949, 'SPKBESOUNDEMERGE', 4, 1250000, 1299000, 15, 194850.0, 5196000, '2024-09-10');
--INSERT INTO ORDER_ITEM (ORDER_HEADER_ID, ITEM_CODE, ORDER_ITEM_QUANTITY, PURCHASE_AMOUNT, SALES_AMOUNT, MARGIN_RATE, MARGIN_AMOUNT, FINAL_AMOUNT, REQUEST_DATE) VALUES (2409048206, 'SPKWOBURN3', 4, 989000, 1115000, 15, 167250.0, 4460000, '2024-09-04');
--INSERT INTO ORDER_ITEM (ORDER_HEADER_ID, ITEM_CODE, ORDER_ITEM_QUANTITY, PURCHASE_AMOUNT, SALES_AMOUNT, MARGIN_RATE, MARGIN_AMOUNT, FINAL_AMOUNT, REQUEST_DATE) VALUES (2409048206, 'HADRADIANCE2400BK', 4, 5700000, 6190000, 16, 990400.0, 24760000, '2024-09-04');
--INSERT INTO ORDER_ITEM (ORDER_HEADER_ID, ITEM_CODE, ORDER_ITEM_QUANTITY, PURCHASE_AMOUNT, SALES_AMOUNT, MARGIN_RATE, MARGIN_AMOUNT, FINAL_AMOUNT, REQUEST_DATE) VALUES (2408167894, 'HADRADIANCE2400BK', 3, 5700000, 6190000, 19, 1176100.0, 18570000, '2024-08-16');
--INSERT INTO ORDER_ITEM (ORDER_HEADER_ID, ITEM_CODE, ORDER_ITEM_QUANTITY, PURCHASE_AMOUNT, SALES_AMOUNT, MARGIN_RATE, MARGIN_AMOUNT, FINAL_AMOUNT, REQUEST_DATE) VALUES (2408167894, 'SPKACTON3', 5, 479000, 589000, 16, 94240.0, 2945000, '2024-08-16');
--INSERT INTO ORDER_ITEM (ORDER_HEADER_ID, ITEM_CODE, ORDER_ITEM_QUANTITY, PURCHASE_AMOUNT, SALES_AMOUNT, MARGIN_RATE, MARGIN_AMOUNT, FINAL_AMOUNT, REQUEST_DATE) VALUES (2408167894, 'SPKACTON3', 3, 479000, 589000, 14, 82460.0, 1767000, '2024-08-16');
--INSERT INTO ORDER_ITEM (ORDER_HEADER_ID, ITEM_CODE, ORDER_ITEM_QUANTITY, PURCHASE_AMOUNT, SALES_AMOUNT, MARGIN_RATE, MARGIN_AMOUNT, FINAL_AMOUNT, REQUEST_DATE) VALUES (2409044424, 'SPKWOBURN3', 3, 989000, 1115000, 18, 200700.0, 3345000, '2024-09-04');
--INSERT INTO ORDER_ITEM (ORDER_HEADER_ID, ITEM_CODE, ORDER_ITEM_QUANTITY, PURCHASE_AMOUNT, SALES_AMOUNT, MARGIN_RATE, MARGIN_AMOUNT, FINAL_AMOUNT, REQUEST_DATE) VALUES (2409044424, 'SPKBESOUNDBALANCE', 1, 4290000, 4799000, 18, 863820.0, 4799000, '2024-09-04');
--INSERT INTO ORDER_ITEM (ORDER_HEADER_ID, ITEM_CODE, ORDER_ITEM_QUANTITY, PURCHASE_AMOUNT, SALES_AMOUNT, MARGIN_RATE, MARGIN_AMOUNT, FINAL_AMOUNT, REQUEST_DATE) VALUES (2409044424, 'SPKWOBURN3', 5, 989000, 1115000, 12, 133800.0, 5575000, '2024-09-04');
--INSERT INTO ORDER_ITEM (ORDER_HEADER_ID, ITEM_CODE, ORDER_ITEM_QUANTITY, PURCHASE_AMOUNT, SALES_AMOUNT, MARGIN_RATE, MARGIN_AMOUNT, FINAL_AMOUNT, REQUEST_DATE) VALUES (2409044424, 'SPKBESOUNDA9', 1, 4790000, 5399000, 20, 1079800.0, 5399000, '2024-09-04');
--INSERT INTO ORDER_ITEM (ORDER_HEADER_ID, ITEM_CODE, ORDER_ITEM_QUANTITY, PURCHASE_AMOUNT, SALES_AMOUNT, MARGIN_RATE, MARGIN_AMOUNT, FINAL_AMOUNT, REQUEST_DATE) VALUES (2408148574, 'SDBCITAMB110GRAYS', 1, 1050000, 1150000, 12, 138000.0, 1150000, '2024-08-14');
--INSERT INTO ORDER_ITEM (ORDER_HEADER_ID, ITEM_CODE, ORDER_ITEM_QUANTITY, PURCHASE_AMOUNT, SALES_AMOUNT, MARGIN_RATE, MARGIN_AMOUNT, FINAL_AMOUNT, REQUEST_DATE) VALUES (2408148574, 'SPKAURAS4BK', 4, 289000, 339000, 16, 54240.0, 1356000, '2024-08-14');
--INSERT INTO ORDER_ITEM (ORDER_HEADER_ID, ITEM_CODE, ORDER_ITEM_QUANTITY, PURCHASE_AMOUNT, SALES_AMOUNT, MARGIN_RATE, MARGIN_AMOUNT, FINAL_AMOUNT, REQUEST_DATE) VALUES (2408148574, 'SPKWOBURN3', 4, 989000, 1115000, 14, 156100.0, 4460000, '2024-08-14');
--INSERT INTO ORDER_ITEM (ORDER_HEADER_ID, ITEM_CODE, ORDER_ITEM_QUANTITY, PURCHASE_AMOUNT, SALES_AMOUNT, MARGIN_RATE, MARGIN_AMOUNT, FINAL_AMOUNT, REQUEST_DATE) VALUES (2408143719, 'SPKBESOUNDA5', 1, 1690000, 1899000, 15, 284850.0, 1899000, '2024-08-14');
--INSERT INTO ORDER_ITEM (ORDER_HEADER_ID, ITEM_CODE, ORDER_ITEM_QUANTITY, PURCHASE_AMOUNT, SALES_AMOUNT, MARGIN_RATE, MARGIN_AMOUNT, FINAL_AMOUNT, REQUEST_DATE) VALUES (2408143719, 'SPKWOBURN3', 2, 989000, 1115000, 15, 167250.0, 2230000, '2024-08-14');
--INSERT INTO ORDER_ITEM (ORDER_HEADER_ID, ITEM_CODE, ORDER_ITEM_QUANTITY, PURCHASE_AMOUNT, SALES_AMOUNT, MARGIN_RATE, MARGIN_AMOUNT, FINAL_AMOUNT, REQUEST_DATE) VALUES (2408143719, 'SPKBESOUNDEMERGE', 3, 1250000, 1299000, 18, 233820.0, 3897000, '2024-08-14');
--INSERT INTO ORDER_ITEM (ORDER_HEADER_ID, ITEM_CODE, ORDER_ITEM_QUANTITY, PURCHASE_AMOUNT, SALES_AMOUNT, MARGIN_RATE, MARGIN_AMOUNT, FINAL_AMOUNT, REQUEST_DATE) VALUES (2408143719, 'SPKBESOUNDA9', 4, 4790000, 5399000, 16, 863840.0, 21596000, '2024-08-14');
--INSERT INTO ORDER_ITEM (ORDER_HEADER_ID, ITEM_CODE, ORDER_ITEM_QUANTITY, PURCHASE_AMOUNT, SALES_AMOUNT, MARGIN_RATE, MARGIN_AMOUNT, FINAL_AMOUNT, REQUEST_DATE) VALUES (2409033423, 'SPKACTON3', 4, 479000, 589000, 14, 82460.0, 2356000, '2024-09-03');
--INSERT INTO ORDER_ITEM (ORDER_HEADER_ID, ITEM_CODE, ORDER_ITEM_QUANTITY, PURCHASE_AMOUNT, SALES_AMOUNT, MARGIN_RATE, MARGIN_AMOUNT, FINAL_AMOUNT, REQUEST_DATE) VALUES (2409033423, 'SDBCITAMB110GRAYS', 1, 1050000, 1150000, 16, 184000.0, 1150000, '2024-09-03');
--INSERT INTO ORDER_ITEM (ORDER_HEADER_ID, ITEM_CODE, ORDER_ITEM_QUANTITY, PURCHASE_AMOUNT, SALES_AMOUNT, MARGIN_RATE, MARGIN_AMOUNT, FINAL_AMOUNT, REQUEST_DATE) VALUES (2409033423, 'HDSBEPLAYHX', 3, 759000, 819000, 18, 147420.0, 2457000, '2024-09-03');
--INSERT INTO ORDER_ITEM (ORDER_HEADER_ID, ITEM_CODE, ORDER_ITEM_QUANTITY, PURCHASE_AMOUNT, SALES_AMOUNT, MARGIN_RATE, MARGIN_AMOUNT, FINAL_AMOUNT, REQUEST_DATE) VALUES (2409033423, 'SPKBESOUNDEMERGE', 2, 1250000, 1299000, 12, 155880.0, 2598000, '2024-09-03');
--INSERT INTO ORDER_ITEM (ORDER_HEADER_ID, ITEM_CODE, ORDER_ITEM_QUANTITY, PURCHASE_AMOUNT, SALES_AMOUNT, MARGIN_RATE, MARGIN_AMOUNT, FINAL_AMOUNT, REQUEST_DATE) VALUES (2408274557, 'SPKBESOUNDA9', 5, 4790000, 5399000, 10, 539900.0, 26995000, '2024-08-27');
--INSERT INTO ORDER_ITEM (ORDER_HEADER_ID, ITEM_CODE, ORDER_ITEM_QUANTITY, PURCHASE_AMOUNT, SALES_AMOUNT, MARGIN_RATE, MARGIN_AMOUNT, FINAL_AMOUNT, REQUEST_DATE) VALUES (2408274557, 'SPKBESOUNDEMERGE', 3, 1250000, 1299000, 17, 220830.0, 3897000, '2024-08-27');
--INSERT INTO ORDER_ITEM (ORDER_HEADER_ID, ITEM_CODE, ORDER_ITEM_QUANTITY, PURCHASE_AMOUNT, SALES_AMOUNT, MARGIN_RATE, MARGIN_AMOUNT, FINAL_AMOUNT, REQUEST_DATE) VALUES (2408274557, 'SPKSTANMORE3', 5, 679000, 759000, 15, 113850.0, 3795000, '2024-08-27');
--INSERT INTO ORDER_ITEM (ORDER_HEADER_ID, ITEM_CODE, ORDER_ITEM_QUANTITY, PURCHASE_AMOUNT, SALES_AMOUNT, MARGIN_RATE, MARGIN_AMOUNT, FINAL_AMOUNT, REQUEST_DATE) VALUES (2408160982, 'SPKACTON3', 5, 479000, 589000, 20, 117800.0, 2945000, '2024-08-16');
--INSERT INTO ORDER_ITEM (ORDER_HEADER_ID, ITEM_CODE, ORDER_ITEM_QUANTITY, PURCHASE_AMOUNT, SALES_AMOUNT, MARGIN_RATE, MARGIN_AMOUNT, FINAL_AMOUNT, REQUEST_DATE) VALUES (2408319123, 'SPKBESOUNDA9', 4, 4790000, 5399000, 18, 971820.0, 21596000, '2024-08-31');
--INSERT INTO ORDER_ITEM (ORDER_HEADER_ID, ITEM_CODE, ORDER_ITEM_QUANTITY, PURCHASE_AMOUNT, SALES_AMOUNT, MARGIN_RATE, MARGIN_AMOUNT, FINAL_AMOUNT, REQUEST_DATE) VALUES (2408160359, 'SPKBESOUNDA5', 5, 1690000, 1899000, 12, 227880.0, 9495000, '2024-08-16');
--INSERT INTO ORDER_ITEM (ORDER_HEADER_ID, ITEM_CODE, ORDER_ITEM_QUANTITY, PURCHASE_AMOUNT, SALES_AMOUNT, MARGIN_RATE, MARGIN_AMOUNT, FINAL_AMOUNT, REQUEST_DATE) VALUES (2408160359, 'SPKAURAS4BK', 3, 289000, 339000, 17, 57630.0, 1017000, '2024-08-16');
--INSERT INTO ORDER_ITEM (ORDER_HEADER_ID, ITEM_CODE, ORDER_ITEM_QUANTITY, PURCHASE_AMOUNT, SALES_AMOUNT, MARGIN_RATE, MARGIN_AMOUNT, FINAL_AMOUNT, REQUEST_DATE) VALUES (2408160359, 'HADRADIANCE2400BK', 1, 5700000, 6190000, 19, 1176100.0, 6190000, '2024-08-16');
--INSERT INTO ORDER_ITEM (ORDER_HEADER_ID, ITEM_CODE, ORDER_ITEM_QUANTITY, PURCHASE_AMOUNT, SALES_AMOUNT, MARGIN_RATE, MARGIN_AMOUNT, FINAL_AMOUNT, REQUEST_DATE) VALUES (2408161972, 'SPKBESOUNDA9', 1, 4790000, 5399000, 12, 647880.0, 5399000, '2024-08-16');
--INSERT INTO ORDER_ITEM (ORDER_HEADER_ID, ITEM_CODE, ORDER_ITEM_QUANTITY, PURCHASE_AMOUNT, SALES_AMOUNT, MARGIN_RATE, MARGIN_AMOUNT, FINAL_AMOUNT, REQUEST_DATE) VALUES (2408161972, 'HDSBEPLAYHX', 1, 759000, 819000, 12, 98280.0, 819000, '2024-08-16');
--INSERT INTO ORDER_ITEM (ORDER_HEADER_ID, ITEM_CODE, ORDER_ITEM_QUANTITY, PURCHASE_AMOUNT, SALES_AMOUNT, MARGIN_RATE, MARGIN_AMOUNT, FINAL_AMOUNT, REQUEST_DATE) VALUES (2408161972, 'SDBCITAMB110GRAYS', 4, 1050000, 1150000, 18, 207000.0, 4600000, '2024-08-16');
--INSERT INTO ORDER_ITEM (ORDER_HEADER_ID, ITEM_CODE, ORDER_ITEM_QUANTITY, PURCHASE_AMOUNT, SALES_AMOUNT, MARGIN_RATE, MARGIN_AMOUNT, FINAL_AMOUNT, REQUEST_DATE) VALUES (2408316966, 'SDBCITAMB110GRAYS', 3, 1050000, 1150000, 15, 172500.0, 3450000, '2024-08-31');
--INSERT INTO ORDER_ITEM (ORDER_HEADER_ID, ITEM_CODE, ORDER_ITEM_QUANTITY, PURCHASE_AMOUNT, SALES_AMOUNT, MARGIN_RATE, MARGIN_AMOUNT, FINAL_AMOUNT, REQUEST_DATE) VALUES (2408316966, 'SPKSTICKS4BK', 1, 399000, 459000, 15, 68850.0, 459000, '2024-08-31');
--INSERT INTO ORDER_ITEM (ORDER_HEADER_ID, ITEM_CODE, ORDER_ITEM_QUANTITY, PURCHASE_AMOUNT, SALES_AMOUNT, MARGIN_RATE, MARGIN_AMOUNT, FINAL_AMOUNT, REQUEST_DATE) VALUES (2408316966, 'HADRADIANCE2400BK', 1, 5700000, 6190000, 14, 866600.0, 6190000, '2024-08-31');
--INSERT INTO ORDER_ITEM (ORDER_HEADER_ID, ITEM_CODE, ORDER_ITEM_QUANTITY, PURCHASE_AMOUNT, SALES_AMOUNT, MARGIN_RATE, MARGIN_AMOUNT, FINAL_AMOUNT, REQUEST_DATE) VALUES (2408316966, 'SPKAURAS4BK', 1, 289000, 339000, 12, 40680.0, 339000, '2024-08-31');
--INSERT INTO ORDER_ITEM (ORDER_HEADER_ID, ITEM_CODE, ORDER_ITEM_QUANTITY, PURCHASE_AMOUNT, SALES_AMOUNT, MARGIN_RATE, MARGIN_AMOUNT, FINAL_AMOUNT, REQUEST_DATE) VALUES (2408192832, 'SPKAURAS4BK', 2, 289000, 339000, 18, 61020.0, 678000, '2024-08-19');
--INSERT INTO ORDER_ITEM (ORDER_HEADER_ID, ITEM_CODE, ORDER_ITEM_QUANTITY, PURCHASE_AMOUNT, SALES_AMOUNT, MARGIN_RATE, MARGIN_AMOUNT, FINAL_AMOUNT, REQUEST_DATE) VALUES (2408192832, 'SPKBESOUNDBALANCE', 5, 4290000, 4799000, 12, 575880.0, 23995000, '2024-08-19');
--INSERT INTO ORDER_ITEM (ORDER_HEADER_ID, ITEM_CODE, ORDER_ITEM_QUANTITY, PURCHASE_AMOUNT, SALES_AMOUNT, MARGIN_RATE, MARGIN_AMOUNT, FINAL_AMOUNT, REQUEST_DATE) VALUES (2408226322, 'HDSBEPLAYEX', 2, 459000, 509000, 19, 96710.0, 1018000, '2024-08-22');
--INSERT INTO ORDER_ITEM (ORDER_HEADER_ID, ITEM_CODE, ORDER_ITEM_QUANTITY, PURCHASE_AMOUNT, SALES_AMOUNT, MARGIN_RATE, MARGIN_AMOUNT, FINAL_AMOUNT, REQUEST_DATE) VALUES (2408226322, 'SPKAURAS4BK', 2, 289000, 339000, 17, 57630.0, 678000, '2024-08-22');
--INSERT INTO ORDER_ITEM (ORDER_HEADER_ID, ITEM_CODE, ORDER_ITEM_QUANTITY, PURCHASE_AMOUNT, SALES_AMOUNT, MARGIN_RATE, MARGIN_AMOUNT, FINAL_AMOUNT, REQUEST_DATE) VALUES (2408207037, 'SPKSTICKS4BK', 5, 399000, 459000, 17, 78030.0, 2295000, '2024-08-20');
--INSERT INTO ORDER_ITEM (ORDER_HEADER_ID, ITEM_CODE, ORDER_ITEM_QUANTITY, PURCHASE_AMOUNT, SALES_AMOUNT, MARGIN_RATE, MARGIN_AMOUNT, FINAL_AMOUNT, REQUEST_DATE) VALUES (2409072884, 'SPKBESOUNDBALANCE', 5, 4290000, 4799000, 12, 575880.0, 23995000, '2024-09-07');
--INSERT INTO ORDER_ITEM (ORDER_HEADER_ID, ITEM_CODE, ORDER_ITEM_QUANTITY, PURCHASE_AMOUNT, SALES_AMOUNT, MARGIN_RATE, MARGIN_AMOUNT, FINAL_AMOUNT, REQUEST_DATE) VALUES (2409072884, 'SPKWOBURN3', 1, 989000, 1115000, 20, 223000.0, 1115000, '2024-09-07');
--INSERT INTO ORDER_ITEM (ORDER_HEADER_ID, ITEM_CODE, ORDER_ITEM_QUANTITY, PURCHASE_AMOUNT, SALES_AMOUNT, MARGIN_RATE, MARGIN_AMOUNT, FINAL_AMOUNT, REQUEST_DATE) VALUES (2409072884, 'SPKACTON3', 2, 479000, 589000, 18, 106020.0, 1178000, '2024-09-07');
--INSERT INTO ORDER_ITEM (ORDER_HEADER_ID, ITEM_CODE, ORDER_ITEM_QUANTITY, PURCHASE_AMOUNT, SALES_AMOUNT, MARGIN_RATE, MARGIN_AMOUNT, FINAL_AMOUNT, REQUEST_DATE) VALUES (2409072884, 'HADRADIANCE2400BK', 1, 5700000, 6190000, 10, 619000.0, 6190000, '2024-09-07');
--INSERT INTO ORDER_ITEM (ORDER_HEADER_ID, ITEM_CODE, ORDER_ITEM_QUANTITY, PURCHASE_AMOUNT, SALES_AMOUNT, MARGIN_RATE, MARGIN_AMOUNT, FINAL_AMOUNT, REQUEST_DATE) VALUES (2408301887, 'SPKSTANMORE3', 2, 679000, 759000, 20, 151800.0, 1518000, '2024-08-30');
--INSERT INTO ORDER_ITEM (ORDER_HEADER_ID, ITEM_CODE, ORDER_ITEM_QUANTITY, PURCHASE_AMOUNT, SALES_AMOUNT, MARGIN_RATE, MARGIN_AMOUNT, FINAL_AMOUNT, REQUEST_DATE) VALUES (2408301887, 'SPKWOBURN3', 5, 989000, 1115000, 17, 189550.0, 5575000, '2024-08-30');
--INSERT INTO ORDER_ITEM (ORDER_HEADER_ID, ITEM_CODE, ORDER_ITEM_QUANTITY, PURCHASE_AMOUNT, SALES_AMOUNT, MARGIN_RATE, MARGIN_AMOUNT, FINAL_AMOUNT, REQUEST_DATE) VALUES (2408301887, 'SDBCITAMB110GRAYS', 5, 1050000, 1150000, 10, 115000.0, 5750000, '2024-08-30');
--INSERT INTO ORDER_ITEM (ORDER_HEADER_ID, ITEM_CODE, ORDER_ITEM_QUANTITY, PURCHASE_AMOUNT, SALES_AMOUNT, MARGIN_RATE, MARGIN_AMOUNT, FINAL_AMOUNT, REQUEST_DATE) VALUES (2409113685, 'SPKSTANMORE3', 2, 679000, 759000, 20, 151800.0, 1518000, '2024-09-11');
--INSERT INTO ORDER_ITEM (ORDER_HEADER_ID, ITEM_CODE, ORDER_ITEM_QUANTITY, PURCHASE_AMOUNT, SALES_AMOUNT, MARGIN_RATE, MARGIN_AMOUNT, FINAL_AMOUNT, REQUEST_DATE) VALUES (2409113685, 'SPKSTANMORE3', 3, 679000, 759000, 10, 75900.0, 2277000, '2024-09-11');
--INSERT INTO ORDER_ITEM (ORDER_HEADER_ID, ITEM_CODE, ORDER_ITEM_QUANTITY, PURCHASE_AMOUNT, SALES_AMOUNT, MARGIN_RATE, MARGIN_AMOUNT, FINAL_AMOUNT, REQUEST_DATE) VALUES (2409113685, 'HDSBEPLAYEX', 3, 459000, 509000, 12, 61080.0, 1527000, '2024-09-11');
--INSERT INTO ORDER_ITEM (ORDER_HEADER_ID, ITEM_CODE, ORDER_ITEM_QUANTITY, PURCHASE_AMOUNT, SALES_AMOUNT, MARGIN_RATE, MARGIN_AMOUNT, FINAL_AMOUNT, REQUEST_DATE) VALUES (2409011860, 'SDBCITAMB110GRAYS', 2, 1050000, 1150000, 13, 149500.0, 2300000, '2024-09-01');
--INSERT INTO ORDER_ITEM (ORDER_HEADER_ID, ITEM_CODE, ORDER_ITEM_QUANTITY, PURCHASE_AMOUNT, SALES_AMOUNT, MARGIN_RATE, MARGIN_AMOUNT, FINAL_AMOUNT, REQUEST_DATE) VALUES (2409011860, 'SPKBESOUNDEMERGE', 4, 1250000, 1299000, 13, 168870.0, 5196000, '2024-09-01');
--INSERT INTO ORDER_ITEM (ORDER_HEADER_ID, ITEM_CODE, ORDER_ITEM_QUANTITY, PURCHASE_AMOUNT, SALES_AMOUNT, MARGIN_RATE, MARGIN_AMOUNT, FINAL_AMOUNT, REQUEST_DATE) VALUES (2409011860, 'SPKBESOUNDBALANCE', 4, 4290000, 4799000, 13, 623870.0, 19196000, '2024-09-01');
--INSERT INTO ORDER_ITEM (ORDER_HEADER_ID, ITEM_CODE, ORDER_ITEM_QUANTITY, PURCHASE_AMOUNT, SALES_AMOUNT, MARGIN_RATE, MARGIN_AMOUNT, FINAL_AMOUNT, REQUEST_DATE) VALUES (2409011860, 'SPKBESOUNDBALANCE', 5, 4290000, 4799000, 20, 959800.0, 23995000, '2024-09-01');
--INSERT INTO ORDER_ITEM (ORDER_HEADER_ID, ITEM_CODE, ORDER_ITEM_QUANTITY, PURCHASE_AMOUNT, SALES_AMOUNT, MARGIN_RATE, MARGIN_AMOUNT, FINAL_AMOUNT, REQUEST_DATE) VALUES (2409011860, 'SPKSTICKS4BK', 2, 399000, 459000, 20, 91800.0, 918000, '2024-09-01');
--INSERT INTO ORDER_ITEM (ORDER_HEADER_ID, ITEM_CODE, ORDER_ITEM_QUANTITY, PURCHASE_AMOUNT, SALES_AMOUNT, MARGIN_RATE, MARGIN_AMOUNT, FINAL_AMOUNT, REQUEST_DATE) VALUES (2408245311, 'SPKBESOUNDA9', 4, 4790000, 5399000, 12, 647880.0, 21596000, '2024-08-24');
--INSERT INTO ORDER_ITEM (ORDER_HEADER_ID, ITEM_CODE, ORDER_ITEM_QUANTITY, PURCHASE_AMOUNT, SALES_AMOUNT, MARGIN_RATE, MARGIN_AMOUNT, FINAL_AMOUNT, REQUEST_DATE) VALUES (2408245311, 'HDSBEPLAYEX', 1, 459000, 509000, 11, 55990.0, 509000, '2024-08-24');
--INSERT INTO ORDER_ITEM (ORDER_HEADER_ID, ITEM_CODE, ORDER_ITEM_QUANTITY, PURCHASE_AMOUNT, SALES_AMOUNT, MARGIN_RATE, MARGIN_AMOUNT, FINAL_AMOUNT, REQUEST_DATE) VALUES (2408245311, 'SPKAURAS4BK', 2, 289000, 339000, 14, 47460.0, 678000, '2024-08-24');
--INSERT INTO ORDER_ITEM (ORDER_HEADER_ID, ITEM_CODE, ORDER_ITEM_QUANTITY, PURCHASE_AMOUNT, SALES_AMOUNT, MARGIN_RATE, MARGIN_AMOUNT, FINAL_AMOUNT, REQUEST_DATE) VALUES (2408280118, 'SPKBESOUNDEMERGE', 5, 1250000, 1299000, 16, 207840.0, 6495000, '2024-08-28');
--INSERT INTO ORDER_ITEM (ORDER_HEADER_ID, ITEM_CODE, ORDER_ITEM_QUANTITY, PURCHASE_AMOUNT, SALES_AMOUNT, MARGIN_RATE, MARGIN_AMOUNT, FINAL_AMOUNT, REQUEST_DATE) VALUES (2408280118, 'HDSBEPLAYHX', 1, 759000, 819000, 16, 131040.0, 819000, '2024-08-28');
--INSERT INTO ORDER_ITEM (ORDER_HEADER_ID, ITEM_CODE, ORDER_ITEM_QUANTITY, PURCHASE_AMOUNT, SALES_AMOUNT, MARGIN_RATE, MARGIN_AMOUNT, FINAL_AMOUNT, REQUEST_DATE) VALUES (2408280118, 'SPKBESOUNDA9', 5, 4790000, 5399000, 20, 1079800.0, 26995000, '2024-08-28');
--INSERT INTO ORDER_ITEM (ORDER_HEADER_ID, ITEM_CODE, ORDER_ITEM_QUANTITY, PURCHASE_AMOUNT, SALES_AMOUNT, MARGIN_RATE, MARGIN_AMOUNT, FINAL_AMOUNT, REQUEST_DATE) VALUES (2408280118, 'HADRADIANCE2400BK', 5, 5700000, 6190000, 18, 1114200.0, 30950000, '2024-08-28');
--INSERT INTO ORDER_ITEM (ORDER_HEADER_ID, ITEM_CODE, ORDER_ITEM_QUANTITY, PURCHASE_AMOUNT, SALES_AMOUNT, MARGIN_RATE, MARGIN_AMOUNT, FINAL_AMOUNT, REQUEST_DATE) VALUES (2409061116, 'HDSBEPLAYEX', 4, 459000, 509000, 16, 81440.0, 2036000, '2024-09-06');
--INSERT INTO ORDER_ITEM (ORDER_HEADER_ID, ITEM_CODE, ORDER_ITEM_QUANTITY, PURCHASE_AMOUNT, SALES_AMOUNT, MARGIN_RATE, MARGIN_AMOUNT, FINAL_AMOUNT, REQUEST_DATE) VALUES (2409061116, 'HDSBEPLAYHX', 1, 759000, 819000, 11, 90090.0, 819000, '2024-09-06');
--INSERT INTO ORDER_ITEM (ORDER_HEADER_ID, ITEM_CODE, ORDER_ITEM_QUANTITY, PURCHASE_AMOUNT, SALES_AMOUNT, MARGIN_RATE, MARGIN_AMOUNT, FINAL_AMOUNT, REQUEST_DATE) VALUES (2408313099, 'HADRADIANCE2400BK', 2, 5700000, 6190000, 11, 680900.0, 12380000, '2024-08-31');
--INSERT INTO ORDER_ITEM (ORDER_HEADER_ID, ITEM_CODE, ORDER_ITEM_QUANTITY, PURCHASE_AMOUNT, SALES_AMOUNT, MARGIN_RATE, MARGIN_AMOUNT, FINAL_AMOUNT, REQUEST_DATE) VALUES (2408313099, 'SDBCITAMB110GRAYS', 3, 1050000, 1150000, 12, 138000.0, 3450000, '2024-08-31');
--INSERT INTO ORDER_ITEM (ORDER_HEADER_ID, ITEM_CODE, ORDER_ITEM_QUANTITY, PURCHASE_AMOUNT, SALES_AMOUNT, MARGIN_RATE, MARGIN_AMOUNT, FINAL_AMOUNT, REQUEST_DATE) VALUES (2408313099, 'SPKWOBURN3', 2, 989000, 1115000, 10, 111500.0, 2230000, '2024-08-31');
--INSERT INTO ORDER_ITEM (ORDER_HEADER_ID, ITEM_CODE, ORDER_ITEM_QUANTITY, PURCHASE_AMOUNT, SALES_AMOUNT, MARGIN_RATE, MARGIN_AMOUNT, FINAL_AMOUNT, REQUEST_DATE) VALUES (2408313099, 'SPKSTICKS4BK', 2, 399000, 459000, 19, 87210.0, 918000, '2024-08-31');
--INSERT INTO ORDER_ITEM (ORDER_HEADER_ID, ITEM_CODE, ORDER_ITEM_QUANTITY, PURCHASE_AMOUNT, SALES_AMOUNT, MARGIN_RATE, MARGIN_AMOUNT, FINAL_AMOUNT, REQUEST_DATE) VALUES (2408313099, 'SPKBESOUNDA5', 2, 1690000, 1899000, 13, 246870.0, 3798000, '2024-08-31');
--INSERT INTO ORDER_ITEM (ORDER_HEADER_ID, ITEM_CODE, ORDER_ITEM_QUANTITY, PURCHASE_AMOUNT, SALES_AMOUNT, MARGIN_RATE, MARGIN_AMOUNT, FINAL_AMOUNT, REQUEST_DATE) VALUES (2408229578, 'SPKAURAS4BK', 2, 289000, 339000, 19, 64410.0, 678000, '2024-08-22');
--INSERT INTO ORDER_ITEM (ORDER_HEADER_ID, ITEM_CODE, ORDER_ITEM_QUANTITY, PURCHASE_AMOUNT, SALES_AMOUNT, MARGIN_RATE, MARGIN_AMOUNT, FINAL_AMOUNT, REQUEST_DATE) VALUES (2408229578, 'SPKBESOUNDBALANCE', 5, 4290000, 4799000, 11, 527890.0, 23995000, '2024-08-22');
--INSERT INTO ORDER_ITEM (ORDER_HEADER_ID, ITEM_CODE, ORDER_ITEM_QUANTITY, PURCHASE_AMOUNT, SALES_AMOUNT, MARGIN_RATE, MARGIN_AMOUNT, FINAL_AMOUNT, REQUEST_DATE) VALUES (2408229578, 'HDSBEPLAYHX', 4, 759000, 819000, 10, 81900.0, 3276000, '2024-08-22');
--INSERT INTO ORDER_ITEM (ORDER_HEADER_ID, ITEM_CODE, ORDER_ITEM_QUANTITY, PURCHASE_AMOUNT, SALES_AMOUNT, MARGIN_RATE, MARGIN_AMOUNT, FINAL_AMOUNT, REQUEST_DATE) VALUES (2408222554, 'SPKSTICKS4BK', 4, 399000, 459000, 11, 50490.0, 1836000, '2024-08-22');
--INSERT INTO ORDER_ITEM (ORDER_HEADER_ID, ITEM_CODE, ORDER_ITEM_QUANTITY, PURCHASE_AMOUNT, SALES_AMOUNT, MARGIN_RATE, MARGIN_AMOUNT, FINAL_AMOUNT, REQUEST_DATE) VALUES (2408222554, 'SPKACTON3', 4, 479000, 589000, 15, 88350.0, 2356000, '2024-08-22');
--INSERT INTO ORDER_ITEM (ORDER_HEADER_ID, ITEM_CODE, ORDER_ITEM_QUANTITY, PURCHASE_AMOUNT, SALES_AMOUNT, MARGIN_RATE, MARGIN_AMOUNT, FINAL_AMOUNT, REQUEST_DATE) VALUES (2408222554, 'SPKAURAS4BK', 2, 289000, 339000, 14, 47460.0, 678000, '2024-08-22');
--INSERT INTO ORDER_ITEM (ORDER_HEADER_ID, ITEM_CODE, ORDER_ITEM_QUANTITY, PURCHASE_AMOUNT, SALES_AMOUNT, MARGIN_RATE, MARGIN_AMOUNT, FINAL_AMOUNT, REQUEST_DATE) VALUES (2408222554, 'SPKSTICKS4BK', 3, 399000, 459000, 16, 73440.0, 1377000, '2024-08-22');
--INSERT INTO ORDER_ITEM (ORDER_HEADER_ID, ITEM_CODE, ORDER_ITEM_QUANTITY, PURCHASE_AMOUNT, SALES_AMOUNT, MARGIN_RATE, MARGIN_AMOUNT, FINAL_AMOUNT, REQUEST_DATE) VALUES (2408156579, 'HDSBEPLAYHX', 2, 759000, 819000, 10, 81900.0, 1638000, '2024-08-15');
--INSERT INTO ORDER_ITEM (ORDER_HEADER_ID, ITEM_CODE, ORDER_ITEM_QUANTITY, PURCHASE_AMOUNT, SALES_AMOUNT, MARGIN_RATE, MARGIN_AMOUNT, FINAL_AMOUNT, REQUEST_DATE) VALUES (2408156579, 'SPKSTICKS4BK', 4, 399000, 459000, 16, 73440.0, 1836000, '2024-08-15');
--INSERT INTO ORDER_ITEM (ORDER_HEADER_ID, ITEM_CODE, ORDER_ITEM_QUANTITY, PURCHASE_AMOUNT, SALES_AMOUNT, MARGIN_RATE, MARGIN_AMOUNT, FINAL_AMOUNT, REQUEST_DATE) VALUES (2408156579, 'HDSBEPLAYEX', 1, 459000, 509000, 19, 96710.0, 509000, '2024-08-15');
--INSERT INTO ORDER_ITEM (ORDER_HEADER_ID, ITEM_CODE, ORDER_ITEM_QUANTITY, PURCHASE_AMOUNT, SALES_AMOUNT, MARGIN_RATE, MARGIN_AMOUNT, FINAL_AMOUNT, REQUEST_DATE) VALUES (2408156579, 'HDSBEPLAYEX', 3, 459000, 509000, 12, 61080.0, 1527000, '2024-08-15');
--INSERT INTO ORDER_ITEM (ORDER_HEADER_ID, ITEM_CODE, ORDER_ITEM_QUANTITY, PURCHASE_AMOUNT, SALES_AMOUNT, MARGIN_RATE, MARGIN_AMOUNT, FINAL_AMOUNT, REQUEST_DATE) VALUES (2408156579, 'HADRADIANCE2400BK', 5, 5700000, 6190000, 16, 990400.0, 30950000, '2024-08-15');
--INSERT INTO ORDER_ITEM (ORDER_HEADER_ID, ITEM_CODE, ORDER_ITEM_QUANTITY, PURCHASE_AMOUNT, SALES_AMOUNT, MARGIN_RATE, MARGIN_AMOUNT, FINAL_AMOUNT, REQUEST_DATE) VALUES (2409018174, 'SPKACTON3', 5, 479000, 589000, 11, 64790.0, 2945000, '2024-09-01');
--INSERT INTO ORDER_ITEM (ORDER_HEADER_ID, ITEM_CODE, ORDER_ITEM_QUANTITY, PURCHASE_AMOUNT, SALES_AMOUNT, MARGIN_RATE, MARGIN_AMOUNT, FINAL_AMOUNT, REQUEST_DATE) VALUES (2409122416, 'SDBCITAMB110GRAYS', 5, 1050000, 1150000, 15, 172500.0, 5750000, '2024-09-12');
--INSERT INTO ORDER_ITEM (ORDER_HEADER_ID, ITEM_CODE, ORDER_ITEM_QUANTITY, PURCHASE_AMOUNT, SALES_AMOUNT, MARGIN_RATE, MARGIN_AMOUNT, FINAL_AMOUNT, REQUEST_DATE) VALUES (2409122416, 'SPKSTANMORE3', 2, 679000, 759000, 16, 121440.0, 1518000, '2024-09-12');
--INSERT INTO ORDER_ITEM (ORDER_HEADER_ID, ITEM_CODE, ORDER_ITEM_QUANTITY, PURCHASE_AMOUNT, SALES_AMOUNT, MARGIN_RATE, MARGIN_AMOUNT, FINAL_AMOUNT, REQUEST_DATE) VALUES (2409122416, 'HADRADIANCE2400BK', 1, 5700000, 6190000, 11, 680900.0, 6190000, '2024-09-12');
--INSERT INTO ORDER_ITEM (ORDER_HEADER_ID, ITEM_CODE, ORDER_ITEM_QUANTITY, PURCHASE_AMOUNT, SALES_AMOUNT, MARGIN_RATE, MARGIN_AMOUNT, FINAL_AMOUNT, REQUEST_DATE) VALUES (2408222042, 'SPKAURAS4BK', 1, 289000, 339000, 16, 54240.0, 339000, '2024-08-22');
--INSERT INTO ORDER_ITEM (ORDER_HEADER_ID, ITEM_CODE, ORDER_ITEM_QUANTITY, PURCHASE_AMOUNT, SALES_AMOUNT, MARGIN_RATE, MARGIN_AMOUNT, FINAL_AMOUNT, REQUEST_DATE) VALUES (2408222042, 'SPKBESOUNDBALANCE', 2, 4290000, 4799000, 12, 575880.0, 9598000, '2024-08-22');
--INSERT INTO ORDER_ITEM (ORDER_HEADER_ID, ITEM_CODE, ORDER_ITEM_QUANTITY, PURCHASE_AMOUNT, SALES_AMOUNT, MARGIN_RATE, MARGIN_AMOUNT, FINAL_AMOUNT, REQUEST_DATE) VALUES (2408222042, 'HDSBEPLAYHX', 1, 759000, 819000, 15, 122850.0, 819000, '2024-08-22');
--INSERT INTO ORDER_ITEM (ORDER_HEADER_ID, ITEM_CODE, ORDER_ITEM_QUANTITY, PURCHASE_AMOUNT, SALES_AMOUNT, MARGIN_RATE, MARGIN_AMOUNT, FINAL_AMOUNT, REQUEST_DATE) VALUES (2408222042, 'SPKBESOUNDBALANCE', 4, 4290000, 4799000, 14, 671860.0, 19196000, '2024-08-22');
--INSERT INTO ORDER_ITEM (ORDER_HEADER_ID, ITEM_CODE, ORDER_ITEM_QUANTITY, PURCHASE_AMOUNT, SALES_AMOUNT, MARGIN_RATE, MARGIN_AMOUNT, FINAL_AMOUNT, REQUEST_DATE) VALUES (2408222042, 'SPKAURAS4BK', 1, 289000, 339000, 10, 33900.0, 339000, '2024-08-22');
--INSERT INTO ORDER_ITEM (ORDER_HEADER_ID, ITEM_CODE, ORDER_ITEM_QUANTITY, PURCHASE_AMOUNT, SALES_AMOUNT, MARGIN_RATE, MARGIN_AMOUNT, FINAL_AMOUNT, REQUEST_DATE) VALUES (2408183437, 'SPKBESOUNDA5', 4, 1690000, 1899000, 20, 379800.0, 7596000, '2024-08-18');
--INSERT INTO ORDER_ITEM (ORDER_HEADER_ID, ITEM_CODE, ORDER_ITEM_QUANTITY, PURCHASE_AMOUNT, SALES_AMOUNT, MARGIN_RATE, MARGIN_AMOUNT, FINAL_AMOUNT, REQUEST_DATE) VALUES (2408183437, 'SPKBESOUNDA5', 3, 1690000, 1899000, 19, 360810.0, 5697000, '2024-08-18');
--INSERT INTO ORDER_ITEM (ORDER_HEADER_ID, ITEM_CODE, ORDER_ITEM_QUANTITY, PURCHASE_AMOUNT, SALES_AMOUNT, MARGIN_RATE, MARGIN_AMOUNT, FINAL_AMOUNT, REQUEST_DATE) VALUES (2408183437, 'SPKBESOUNDA9', 1, 4790000, 5399000, 18, 971820.0, 5399000, '2024-08-18');
--INSERT INTO ORDER_ITEM (ORDER_HEADER_ID, ITEM_CODE, ORDER_ITEM_QUANTITY, PURCHASE_AMOUNT, SALES_AMOUNT, MARGIN_RATE, MARGIN_AMOUNT, FINAL_AMOUNT, REQUEST_DATE) VALUES (2408183437, 'SPKBESOUNDA9', 4, 4790000, 5399000, 16, 863840.0, 21596000, '2024-08-18');
--INSERT INTO ORDER_ITEM (ORDER_HEADER_ID, ITEM_CODE, ORDER_ITEM_QUANTITY, PURCHASE_AMOUNT, SALES_AMOUNT, MARGIN_RATE, MARGIN_AMOUNT, FINAL_AMOUNT, REQUEST_DATE) VALUES (2408308474, 'SPKBESOUNDBALANCE', 5, 4290000, 4799000, 18, 863820.0, 23995000, '2024-08-30');
--INSERT INTO ORDER_ITEM (ORDER_HEADER_ID, ITEM_CODE, ORDER_ITEM_QUANTITY, PURCHASE_AMOUNT, SALES_AMOUNT, MARGIN_RATE, MARGIN_AMOUNT, FINAL_AMOUNT, REQUEST_DATE) VALUES (2408308474, 'HDSBEPLAYHX', 5, 759000, 819000, 15, 122850.0, 4095000, '2024-08-30');
--INSERT INTO ORDER_ITEM (ORDER_HEADER_ID, ITEM_CODE, ORDER_ITEM_QUANTITY, PURCHASE_AMOUNT, SALES_AMOUNT, MARGIN_RATE, MARGIN_AMOUNT, FINAL_AMOUNT, REQUEST_DATE) VALUES (2408152874, 'SPKSTANMORE3', 4, 679000, 759000, 17, 129030.0, 3036000, '2024-08-15');
--INSERT INTO ORDER_ITEM (ORDER_HEADER_ID, ITEM_CODE, ORDER_ITEM_QUANTITY, PURCHASE_AMOUNT, SALES_AMOUNT, MARGIN_RATE, MARGIN_AMOUNT, FINAL_AMOUNT, REQUEST_DATE) VALUES (2408152874, 'SPKSTANMORE3', 4, 679000, 759000, 14, 106260.0, 3036000, '2024-08-15');
--INSERT INTO ORDER_ITEM (ORDER_HEADER_ID, ITEM_CODE, ORDER_ITEM_QUANTITY, PURCHASE_AMOUNT, SALES_AMOUNT, MARGIN_RATE, MARGIN_AMOUNT, FINAL_AMOUNT, REQUEST_DATE) VALUES (2408152874, 'SPKWOBURN3', 3, 989000, 1115000, 11, 122650.0, 3345000, '2024-08-15');
--INSERT INTO ORDER_ITEM (ORDER_HEADER_ID, ITEM_CODE, ORDER_ITEM_QUANTITY, PURCHASE_AMOUNT, SALES_AMOUNT, MARGIN_RATE, MARGIN_AMOUNT, FINAL_AMOUNT, REQUEST_DATE) VALUES (2409126928, 'SPKSTICKS4BK', 5, 399000, 459000, 12, 55080.0, 2295000, '2024-09-12');
--INSERT INTO ORDER_ITEM (ORDER_HEADER_ID, ITEM_CODE, ORDER_ITEM_QUANTITY, PURCHASE_AMOUNT, SALES_AMOUNT, MARGIN_RATE, MARGIN_AMOUNT, FINAL_AMOUNT, REQUEST_DATE) VALUES (2409126928, 'SPKWOBURN3', 1, 989000, 1115000, 14, 156100.0, 1115000, '2024-09-12');
--INSERT INTO ORDER_ITEM (ORDER_HEADER_ID, ITEM_CODE, ORDER_ITEM_QUANTITY, PURCHASE_AMOUNT, SALES_AMOUNT, MARGIN_RATE, MARGIN_AMOUNT, FINAL_AMOUNT, REQUEST_DATE) VALUES (2409126928, 'SPKACTON3', 5, 479000, 589000, 15, 88350.0, 2945000, '2024-09-12');
--INSERT INTO ORDER_ITEM (ORDER_HEADER_ID, ITEM_CODE, ORDER_ITEM_QUANTITY, PURCHASE_AMOUNT, SALES_AMOUNT, MARGIN_RATE, MARGIN_AMOUNT, FINAL_AMOUNT, REQUEST_DATE) VALUES (2409126928, 'SPKBESOUNDA9', 3, 4790000, 5399000, 16, 863840.0, 16197000, '2024-09-12');
--INSERT INTO ORDER_ITEM (ORDER_HEADER_ID, ITEM_CODE, ORDER_ITEM_QUANTITY, PURCHASE_AMOUNT, SALES_AMOUNT, MARGIN_RATE, MARGIN_AMOUNT, FINAL_AMOUNT, REQUEST_DATE) VALUES (2409126928, 'SPKBESOUNDA5', 5, 1690000, 1899000, 14, 265860.0, 9495000, '2024-09-12');
--INSERT INTO ORDER_ITEM (ORDER_HEADER_ID, ITEM_CODE, ORDER_ITEM_QUANTITY, PURCHASE_AMOUNT, SALES_AMOUNT, MARGIN_RATE, MARGIN_AMOUNT, FINAL_AMOUNT, REQUEST_DATE) VALUES (2409059468, 'HADRADIANCE2400BK', 3, 5700000, 6190000, 13, 804700.0, 18570000, '2024-09-05');
--INSERT INTO ORDER_ITEM (ORDER_HEADER_ID, ITEM_CODE, ORDER_ITEM_QUANTITY, PURCHASE_AMOUNT, SALES_AMOUNT, MARGIN_RATE, MARGIN_AMOUNT, FINAL_AMOUNT, REQUEST_DATE) VALUES (2409059468, 'SPKWOBURN3', 2, 989000, 1115000, 14, 156100.0, 2230000, '2024-09-05');
--INSERT INTO ORDER_ITEM (ORDER_HEADER_ID, ITEM_CODE, ORDER_ITEM_QUANTITY, PURCHASE_AMOUNT, SALES_AMOUNT, MARGIN_RATE, MARGIN_AMOUNT, FINAL_AMOUNT, REQUEST_DATE) VALUES (2408204895, 'SPKBESOUNDA9', 2, 4790000, 5399000, 14, 755860.0, 10798000, '2024-08-20');
--INSERT INTO ORDER_ITEM (ORDER_HEADER_ID, ITEM_CODE, ORDER_ITEM_QUANTITY, PURCHASE_AMOUNT, SALES_AMOUNT, MARGIN_RATE, MARGIN_AMOUNT, FINAL_AMOUNT, REQUEST_DATE) VALUES (2408204895, 'SPKACTON3', 4, 479000, 589000, 15, 88350.0, 2356000, '2024-08-20');
--INSERT INTO ORDER_ITEM (ORDER_HEADER_ID, ITEM_CODE, ORDER_ITEM_QUANTITY, PURCHASE_AMOUNT, SALES_AMOUNT, MARGIN_RATE, MARGIN_AMOUNT, FINAL_AMOUNT, REQUEST_DATE) VALUES (2408204895, 'SPKACTON3', 4, 479000, 589000, 18, 106020.0, 2356000, '2024-08-20');
--INSERT INTO ORDER_ITEM (ORDER_HEADER_ID, ITEM_CODE, ORDER_ITEM_QUANTITY, PURCHASE_AMOUNT, SALES_AMOUNT, MARGIN_RATE, MARGIN_AMOUNT, FINAL_AMOUNT, REQUEST_DATE) VALUES (2408293366, 'SPKACTON3', 4, 479000, 589000, 11, 64790.0, 2356000, '2024-08-29');
--INSERT INTO ORDER_ITEM (ORDER_HEADER_ID, ITEM_CODE, ORDER_ITEM_QUANTITY, PURCHASE_AMOUNT, SALES_AMOUNT, MARGIN_RATE, MARGIN_AMOUNT, FINAL_AMOUNT, REQUEST_DATE) VALUES (2408274810, 'SPKWOBURN3', 4, 989000, 1115000, 19, 211850.0, 4460000, '2024-08-27');
--INSERT INTO ORDER_ITEM (ORDER_HEADER_ID, ITEM_CODE, ORDER_ITEM_QUANTITY, PURCHASE_AMOUNT, SALES_AMOUNT, MARGIN_RATE, MARGIN_AMOUNT, FINAL_AMOUNT, REQUEST_DATE) VALUES (2408274810, 'HDSBEPLAYEX', 1, 459000, 509000, 11, 55990.0, 509000, '2024-08-27');
--INSERT INTO ORDER_ITEM (ORDER_HEADER_ID, ITEM_CODE, ORDER_ITEM_QUANTITY, PURCHASE_AMOUNT, SALES_AMOUNT, MARGIN_RATE, MARGIN_AMOUNT, FINAL_AMOUNT, REQUEST_DATE) VALUES (2408274810, 'HDSBEPLAYHX', 4, 759000, 819000, 10, 81900.0, 3276000, '2024-08-27');
--INSERT INTO ORDER_ITEM (ORDER_HEADER_ID, ITEM_CODE, ORDER_ITEM_QUANTITY, PURCHASE_AMOUNT, SALES_AMOUNT, MARGIN_RATE, MARGIN_AMOUNT, FINAL_AMOUNT, REQUEST_DATE) VALUES (2408274810, 'HADRADIANCE2400BK', 5, 5700000, 6190000, 20, 1238000.0, 30950000, '2024-08-27');
--INSERT INTO ORDER_ITEM (ORDER_HEADER_ID, ITEM_CODE, ORDER_ITEM_QUANTITY, PURCHASE_AMOUNT, SALES_AMOUNT, MARGIN_RATE, MARGIN_AMOUNT, FINAL_AMOUNT, REQUEST_DATE) VALUES (2409027521, 'SDBCITAMB110GRAYS', 3, 1050000, 1150000, 15, 172500.0, 3450000, '2024-09-02');
--INSERT INTO ORDER_ITEM (ORDER_HEADER_ID, ITEM_CODE, ORDER_ITEM_QUANTITY, PURCHASE_AMOUNT, SALES_AMOUNT, MARGIN_RATE, MARGIN_AMOUNT, FINAL_AMOUNT, REQUEST_DATE) VALUES (2409027521, 'SDBCITAMB110GRAYS', 2, 1050000, 1150000, 18, 207000.0, 2300000, '2024-09-02');
--INSERT INTO ORDER_ITEM (ORDER_HEADER_ID, ITEM_CODE, ORDER_ITEM_QUANTITY, PURCHASE_AMOUNT, SALES_AMOUNT, MARGIN_RATE, MARGIN_AMOUNT, FINAL_AMOUNT, REQUEST_DATE) VALUES (2409027521, 'SPKBESOUNDBALANCE', 1, 4290000, 4799000, 13, 623870.0, 4799000, '2024-09-02');
--INSERT INTO ORDER_ITEM (ORDER_HEADER_ID, ITEM_CODE, ORDER_ITEM_QUANTITY, PURCHASE_AMOUNT, SALES_AMOUNT, MARGIN_RATE, MARGIN_AMOUNT, FINAL_AMOUNT, REQUEST_DATE) VALUES (2408306544, 'SPKBESOUNDEMERGE', 3, 1250000, 1299000, 19, 246810.0, 3897000, '2024-08-30');
--INSERT INTO ORDER_ITEM (ORDER_HEADER_ID, ITEM_CODE, ORDER_ITEM_QUANTITY, PURCHASE_AMOUNT, SALES_AMOUNT, MARGIN_RATE, MARGIN_AMOUNT, FINAL_AMOUNT, REQUEST_DATE) VALUES (2408306544, 'HADRADIANCE2400BK', 5, 5700000, 6190000, 17, 1052300.0, 30950000, '2024-08-30');
--INSERT INTO ORDER_ITEM (ORDER_HEADER_ID, ITEM_CODE, ORDER_ITEM_QUANTITY, PURCHASE_AMOUNT, SALES_AMOUNT, MARGIN_RATE, MARGIN_AMOUNT, FINAL_AMOUNT, REQUEST_DATE) VALUES (2408306544, 'HDSBEPLAYEX', 5, 459000, 509000, 18, 91620.0, 2545000, '2024-08-30');
--INSERT INTO ORDER_ITEM (ORDER_HEADER_ID, ITEM_CODE, ORDER_ITEM_QUANTITY, PURCHASE_AMOUNT, SALES_AMOUNT, MARGIN_RATE, MARGIN_AMOUNT, FINAL_AMOUNT, REQUEST_DATE) VALUES (2408306544, 'SPKAURAS4BK', 4, 289000, 339000, 17, 57630.0, 1356000, '2024-08-30');
--INSERT INTO ORDER_ITEM (ORDER_HEADER_ID, ITEM_CODE, ORDER_ITEM_QUANTITY, PURCHASE_AMOUNT, SALES_AMOUNT, MARGIN_RATE, MARGIN_AMOUNT, FINAL_AMOUNT, REQUEST_DATE) VALUES (2408306544, 'SPKBESOUNDA5', 3, 1690000, 1899000, 19, 360810.0, 5697000, '2024-08-30');
--INSERT INTO ORDER_ITEM (ORDER_HEADER_ID, ITEM_CODE, ORDER_ITEM_QUANTITY, PURCHASE_AMOUNT, SALES_AMOUNT, MARGIN_RATE, MARGIN_AMOUNT, FINAL_AMOUNT, REQUEST_DATE) VALUES (2408148424, 'SDBCITAMB110GRAYS', 5, 1050000, 1150000, 10, 115000.0, 5750000, '2024-08-14');
--INSERT INTO ORDER_ITEM (ORDER_HEADER_ID, ITEM_CODE, ORDER_ITEM_QUANTITY, PURCHASE_AMOUNT, SALES_AMOUNT, MARGIN_RATE, MARGIN_AMOUNT, FINAL_AMOUNT, REQUEST_DATE) VALUES (2408148424, 'SPKSTANMORE3', 3, 679000, 759000, 19, 144210.0, 2277000, '2024-08-14');
--INSERT INTO ORDER_ITEM (ORDER_HEADER_ID, ITEM_CODE, ORDER_ITEM_QUANTITY, PURCHASE_AMOUNT, SALES_AMOUNT, MARGIN_RATE, MARGIN_AMOUNT, FINAL_AMOUNT, REQUEST_DATE) VALUES (2408148424, 'SPKAURAS4BK', 2, 289000, 339000, 18, 61020.0, 678000, '2024-08-14');
--INSERT INTO ORDER_ITEM (ORDER_HEADER_ID, ITEM_CODE, ORDER_ITEM_QUANTITY, PURCHASE_AMOUNT, SALES_AMOUNT, MARGIN_RATE, MARGIN_AMOUNT, FINAL_AMOUNT, REQUEST_DATE) VALUES (2409126735, 'SPKBESOUNDA5', 4, 1690000, 1899000, 11, 208890.0, 7596000, '2024-09-12');
--INSERT INTO ORDER_ITEM (ORDER_HEADER_ID, ITEM_CODE, ORDER_ITEM_QUANTITY, PURCHASE_AMOUNT, SALES_AMOUNT, MARGIN_RATE, MARGIN_AMOUNT, FINAL_AMOUNT, REQUEST_DATE) VALUES (2409126735, 'HDSBEPLAYEX', 5, 459000, 509000, 19, 96710.0, 2545000, '2024-09-12');
--INSERT INTO ORDER_ITEM (ORDER_HEADER_ID, ITEM_CODE, ORDER_ITEM_QUANTITY, PURCHASE_AMOUNT, SALES_AMOUNT, MARGIN_RATE, MARGIN_AMOUNT, FINAL_AMOUNT, REQUEST_DATE) VALUES (2409126735, 'SDBCITAMB110GRAYS', 1, 1050000, 1150000, 13, 149500.0, 1150000, '2024-09-12');
--INSERT INTO ORDER_ITEM (ORDER_HEADER_ID, ITEM_CODE, ORDER_ITEM_QUANTITY, PURCHASE_AMOUNT, SALES_AMOUNT, MARGIN_RATE, MARGIN_AMOUNT, FINAL_AMOUNT, REQUEST_DATE) VALUES (2409126735, 'SDBCITAMB110GRAYS', 1, 1050000, 1150000, 10, 115000.0, 1150000, '2024-09-12');
--INSERT INTO ORDER_ITEM (ORDER_HEADER_ID, ITEM_CODE, ORDER_ITEM_QUANTITY, PURCHASE_AMOUNT, SALES_AMOUNT, MARGIN_RATE, MARGIN_AMOUNT, FINAL_AMOUNT, REQUEST_DATE) VALUES (2409126735, 'SPKAURAS4BK', 1, 289000, 339000, 14, 47460.0, 339000, '2024-09-12');
--INSERT INTO ORDER_ITEM (ORDER_HEADER_ID, ITEM_CODE, ORDER_ITEM_QUANTITY, PURCHASE_AMOUNT, SALES_AMOUNT, MARGIN_RATE, MARGIN_AMOUNT, FINAL_AMOUNT, REQUEST_DATE) VALUES (2409090268, 'SPKSTANMORE3', 3, 679000, 759000, 12, 91080.0, 2277000, '2024-09-09');
--INSERT INTO ORDER_ITEM (ORDER_HEADER_ID, ITEM_CODE, ORDER_ITEM_QUANTITY, PURCHASE_AMOUNT, SALES_AMOUNT, MARGIN_RATE, MARGIN_AMOUNT, FINAL_AMOUNT, REQUEST_DATE) VALUES (2409070491, 'SPKBESOUNDA5', 1, 1690000, 1899000, 15, 284850.0, 1899000, '2024-09-07');
--INSERT INTO ORDER_ITEM (ORDER_HEADER_ID, ITEM_CODE, ORDER_ITEM_QUANTITY, PURCHASE_AMOUNT, SALES_AMOUNT, MARGIN_RATE, MARGIN_AMOUNT, FINAL_AMOUNT, REQUEST_DATE) VALUES (2409070491, 'HDSBEPLAYEX', 1, 459000, 509000, 13, 66170.0, 509000, '2024-09-07');
--INSERT INTO ORDER_ITEM (ORDER_HEADER_ID, ITEM_CODE, ORDER_ITEM_QUANTITY, PURCHASE_AMOUNT, SALES_AMOUNT, MARGIN_RATE, MARGIN_AMOUNT, FINAL_AMOUNT, REQUEST_DATE) VALUES (2408162730, 'SPKACTON3', 2, 479000, 589000, 12, 70680.0, 1178000, '2024-08-16');
--INSERT INTO ORDER_ITEM (ORDER_HEADER_ID, ITEM_CODE, ORDER_ITEM_QUANTITY, PURCHASE_AMOUNT, SALES_AMOUNT, MARGIN_RATE, MARGIN_AMOUNT, FINAL_AMOUNT, REQUEST_DATE) VALUES (2408162730, 'SPKBESOUNDEMERGE', 5, 1250000, 1299000, 14, 181860.0, 6495000, '2024-08-16');
--INSERT INTO ORDER_ITEM (ORDER_HEADER_ID, ITEM_CODE, ORDER_ITEM_QUANTITY, PURCHASE_AMOUNT, SALES_AMOUNT, MARGIN_RATE, MARGIN_AMOUNT, FINAL_AMOUNT, REQUEST_DATE) VALUES (2408162730, 'HADRADIANCE2400BK', 3, 5700000, 6190000, 18, 1114200.0, 18570000, '2024-08-16');
--INSERT INTO ORDER_ITEM (ORDER_HEADER_ID, ITEM_CODE, ORDER_ITEM_QUANTITY, PURCHASE_AMOUNT, SALES_AMOUNT, MARGIN_RATE, MARGIN_AMOUNT, FINAL_AMOUNT, REQUEST_DATE) VALUES (2408162730, 'SPKBESOUNDA9', 5, 4790000, 5399000, 11, 593890.0, 26995000, '2024-08-16');
--INSERT INTO ORDER_ITEM (ORDER_HEADER_ID, ITEM_CODE, ORDER_ITEM_QUANTITY, PURCHASE_AMOUNT, SALES_AMOUNT, MARGIN_RATE, MARGIN_AMOUNT, FINAL_AMOUNT, REQUEST_DATE) VALUES (2408203466, 'SPKACTON3', 3, 479000, 589000, 14, 82460.0, 1767000, '2024-08-20');
--INSERT INTO ORDER_ITEM (ORDER_HEADER_ID, ITEM_CODE, ORDER_ITEM_QUANTITY, PURCHASE_AMOUNT, SALES_AMOUNT, MARGIN_RATE, MARGIN_AMOUNT, FINAL_AMOUNT, REQUEST_DATE) VALUES (2408203466, 'SPKAURAS4BK', 2, 289000, 339000, 16, 54240.0, 678000, '2024-08-20');
--INSERT INTO ORDER_ITEM (ORDER_HEADER_ID, ITEM_CODE, ORDER_ITEM_QUANTITY, PURCHASE_AMOUNT, SALES_AMOUNT, MARGIN_RATE, MARGIN_AMOUNT, FINAL_AMOUNT, REQUEST_DATE) VALUES (2408203466, 'SPKSTICKS4BK', 4, 399000, 459000, 17, 78030.0, 1836000, '2024-08-20');
--INSERT INTO ORDER_ITEM (ORDER_HEADER_ID, ITEM_CODE, ORDER_ITEM_QUANTITY, PURCHASE_AMOUNT, SALES_AMOUNT, MARGIN_RATE, MARGIN_AMOUNT, FINAL_AMOUNT, REQUEST_DATE) VALUES (2408203466, 'SPKACTON3', 1, 479000, 589000, 15, 88350.0, 589000, '2024-08-20');
--INSERT INTO ORDER_ITEM (ORDER_HEADER_ID, ITEM_CODE, ORDER_ITEM_QUANTITY, PURCHASE_AMOUNT, SALES_AMOUNT, MARGIN_RATE, MARGIN_AMOUNT, FINAL_AMOUNT, REQUEST_DATE) VALUES (2409061892, 'SPKWOBURN3', 2, 989000, 1115000, 19, 211850.0, 2230000, '2024-09-06');
--INSERT INTO ORDER_ITEM (ORDER_HEADER_ID, ITEM_CODE, ORDER_ITEM_QUANTITY, PURCHASE_AMOUNT, SALES_AMOUNT, MARGIN_RATE, MARGIN_AMOUNT, FINAL_AMOUNT, REQUEST_DATE) VALUES (2409061892, 'SPKAURAS4BK', 3, 289000, 339000, 17, 57630.0, 1017000, '2024-09-06');
--INSERT INTO ORDER_ITEM (ORDER_HEADER_ID, ITEM_CODE, ORDER_ITEM_QUANTITY, PURCHASE_AMOUNT, SALES_AMOUNT, MARGIN_RATE, MARGIN_AMOUNT, FINAL_AMOUNT, REQUEST_DATE) VALUES (2409061892, 'SPKBESOUNDBALANCE', 3, 4290000, 4799000, 18, 863820.0, 14397000, '2024-09-06');
--INSERT INTO ORDER_ITEM (ORDER_HEADER_ID, ITEM_CODE, ORDER_ITEM_QUANTITY, PURCHASE_AMOUNT, SALES_AMOUNT, MARGIN_RATE, MARGIN_AMOUNT, FINAL_AMOUNT, REQUEST_DATE) VALUES (2408189676, 'SPKACTON3', 3, 479000, 589000, 11, 64790.0, 1767000, '2024-08-18');
--INSERT INTO ORDER_ITEM (ORDER_HEADER_ID, ITEM_CODE, ORDER_ITEM_QUANTITY, PURCHASE_AMOUNT, SALES_AMOUNT, MARGIN_RATE, MARGIN_AMOUNT, FINAL_AMOUNT, REQUEST_DATE) VALUES (2408189676, 'SPKSTANMORE3', 4, 679000, 759000, 15, 113850.0, 3036000, '2024-08-18');
--INSERT INTO ORDER_ITEM (ORDER_HEADER_ID, ITEM_CODE, ORDER_ITEM_QUANTITY, PURCHASE_AMOUNT, SALES_AMOUNT, MARGIN_RATE, MARGIN_AMOUNT, FINAL_AMOUNT, REQUEST_DATE) VALUES (2408189676, 'SPKSTANMORE3', 3, 679000, 759000, 19, 144210.0, 2277000, '2024-08-18');
--INSERT INTO ORDER_ITEM (ORDER_HEADER_ID, ITEM_CODE, ORDER_ITEM_QUANTITY, PURCHASE_AMOUNT, SALES_AMOUNT, MARGIN_RATE, MARGIN_AMOUNT, FINAL_AMOUNT, REQUEST_DATE) VALUES (2408189676, 'SPKSTICKS4BK', 4, 399000, 459000, 19, 87210.0, 1836000, '2024-08-18');
--INSERT INTO ORDER_ITEM (ORDER_HEADER_ID, ITEM_CODE, ORDER_ITEM_QUANTITY, PURCHASE_AMOUNT, SALES_AMOUNT, MARGIN_RATE, MARGIN_AMOUNT, FINAL_AMOUNT, REQUEST_DATE) VALUES (2408247204, 'SPKWOBURN3', 5, 989000, 1115000, 18, 200700.0, 5575000, '2024-08-24');
--INSERT INTO ORDER_ITEM (ORDER_HEADER_ID, ITEM_CODE, ORDER_ITEM_QUANTITY, PURCHASE_AMOUNT, SALES_AMOUNT, MARGIN_RATE, MARGIN_AMOUNT, FINAL_AMOUNT, REQUEST_DATE) VALUES (2408247204, 'HDSBEPLAYHX', 1, 759000, 819000, 15, 122850.0, 819000, '2024-08-24');
--INSERT INTO ORDER_ITEM (ORDER_HEADER_ID, ITEM_CODE, ORDER_ITEM_QUANTITY, PURCHASE_AMOUNT, SALES_AMOUNT, MARGIN_RATE, MARGIN_AMOUNT, FINAL_AMOUNT, REQUEST_DATE) VALUES (2408247204, 'SPKBESOUNDEMERGE', 1, 1250000, 1299000, 16, 207840.0, 1299000, '2024-08-24');
--INSERT INTO ORDER_ITEM (ORDER_HEADER_ID, ITEM_CODE, ORDER_ITEM_QUANTITY, PURCHASE_AMOUNT, SALES_AMOUNT, MARGIN_RATE, MARGIN_AMOUNT, FINAL_AMOUNT, REQUEST_DATE) VALUES (2408247204, 'SPKBESOUNDEMERGE', 1, 1250000, 1299000, 16, 207840.0, 1299000, '2024-08-24');
--INSERT INTO ORDER_ITEM (ORDER_HEADER_ID, ITEM_CODE, ORDER_ITEM_QUANTITY, PURCHASE_AMOUNT, SALES_AMOUNT, MARGIN_RATE, MARGIN_AMOUNT, FINAL_AMOUNT, REQUEST_DATE) VALUES (2409015373, 'SPKWOBURN3', 4, 989000, 1115000, 10, 111500.0, 4460000, '2024-09-01');
--INSERT INTO ORDER_ITEM (ORDER_HEADER_ID, ITEM_CODE, ORDER_ITEM_QUANTITY, PURCHASE_AMOUNT, SALES_AMOUNT, MARGIN_RATE, MARGIN_AMOUNT, FINAL_AMOUNT, REQUEST_DATE) VALUES (2409015373, 'SPKWOBURN3', 3, 989000, 1115000, 20, 223000.0, 3345000, '2024-09-01');
--INSERT INTO ORDER_ITEM (ORDER_HEADER_ID, ITEM_CODE, ORDER_ITEM_QUANTITY, PURCHASE_AMOUNT, SALES_AMOUNT, MARGIN_RATE, MARGIN_AMOUNT, FINAL_AMOUNT, REQUEST_DATE) VALUES (2409015373, 'HDSBEPLAYHX', 1, 759000, 819000, 15, 122850.0, 819000, '2024-09-01');
--INSERT INTO ORDER_ITEM (ORDER_HEADER_ID, ITEM_CODE, ORDER_ITEM_QUANTITY, PURCHASE_AMOUNT, SALES_AMOUNT, MARGIN_RATE, MARGIN_AMOUNT, FINAL_AMOUNT, REQUEST_DATE) VALUES (2409015373, 'HDSBEPLAYEX', 4, 459000, 509000, 17, 86530.0, 2036000, '2024-09-01');
--INSERT INTO ORDER_ITEM (ORDER_HEADER_ID, ITEM_CODE, ORDER_ITEM_QUANTITY, PURCHASE_AMOUNT, SALES_AMOUNT, MARGIN_RATE, MARGIN_AMOUNT, FINAL_AMOUNT, REQUEST_DATE) VALUES (2409015373, 'HDSBEPLAYHX', 5, 759000, 819000, 13, 106470.0, 4095000, '2024-09-01');
--INSERT INTO ORDER_ITEM (ORDER_HEADER_ID, ITEM_CODE, ORDER_ITEM_QUANTITY, PURCHASE_AMOUNT, SALES_AMOUNT, MARGIN_RATE, MARGIN_AMOUNT, FINAL_AMOUNT, REQUEST_DATE) VALUES (2409077882, 'SPKBESOUNDBALANCE', 4, 4290000, 4799000, 16, 767840.0, 19196000, '2024-09-07');
--INSERT INTO ORDER_ITEM (ORDER_HEADER_ID, ITEM_CODE, ORDER_ITEM_QUANTITY, PURCHASE_AMOUNT, SALES_AMOUNT, MARGIN_RATE, MARGIN_AMOUNT, FINAL_AMOUNT, REQUEST_DATE) VALUES (2409077882, 'SPKSTANMORE3', 1, 679000, 759000, 18, 136620.0, 759000, '2024-09-07');
--INSERT INTO ORDER_ITEM (ORDER_HEADER_ID, ITEM_CODE, ORDER_ITEM_QUANTITY, PURCHASE_AMOUNT, SALES_AMOUNT, MARGIN_RATE, MARGIN_AMOUNT, FINAL_AMOUNT, REQUEST_DATE) VALUES (2409077882, 'SPKBESOUNDEMERGE', 1, 1250000, 1299000, 17, 220830.0, 1299000, '2024-09-07');
--INSERT INTO ORDER_ITEM (ORDER_HEADER_ID, ITEM_CODE, ORDER_ITEM_QUANTITY, PURCHASE_AMOUNT, SALES_AMOUNT, MARGIN_RATE, MARGIN_AMOUNT, FINAL_AMOUNT, REQUEST_DATE) VALUES (2409077882, 'HDSBEPLAYEX', 2, 459000, 509000, 15, 76350.0, 1018000, '2024-09-07');
--INSERT INTO ORDER_ITEM (ORDER_HEADER_ID, ITEM_CODE, ORDER_ITEM_QUANTITY, PURCHASE_AMOUNT, SALES_AMOUNT, MARGIN_RATE, MARGIN_AMOUNT, FINAL_AMOUNT, REQUEST_DATE) VALUES (2408289377, 'SPKSTICKS4BK', 1, 399000, 459000, 15, 68850.0, 459000, '2024-08-28');
--INSERT INTO ORDER_ITEM (ORDER_HEADER_ID, ITEM_CODE, ORDER_ITEM_QUANTITY, PURCHASE_AMOUNT, SALES_AMOUNT, MARGIN_RATE, MARGIN_AMOUNT, FINAL_AMOUNT, REQUEST_DATE) VALUES (2408289377, 'SDBCITAMB110GRAYS', 2, 1050000, 1150000, 18, 207000.0, 2300000, '2024-08-28');
--INSERT INTO ORDER_ITEM (ORDER_HEADER_ID, ITEM_CODE, ORDER_ITEM_QUANTITY, PURCHASE_AMOUNT, SALES_AMOUNT, MARGIN_RATE, MARGIN_AMOUNT, FINAL_AMOUNT, REQUEST_DATE) VALUES (2408289377, 'HDSBEPLAYEX', 4, 459000, 509000, 14, 71260.0, 2036000, '2024-08-28');
--INSERT INTO ORDER_ITEM (ORDER_HEADER_ID, ITEM_CODE, ORDER_ITEM_QUANTITY, PURCHASE_AMOUNT, SALES_AMOUNT, MARGIN_RATE, MARGIN_AMOUNT, FINAL_AMOUNT, REQUEST_DATE) VALUES (2408289377, 'HDSBEPLAYHX', 1, 759000, 819000, 20, 163800.0, 819000, '2024-08-28');
--INSERT INTO ORDER_ITEM (ORDER_HEADER_ID, ITEM_CODE, ORDER_ITEM_QUANTITY, PURCHASE_AMOUNT, SALES_AMOUNT, MARGIN_RATE, MARGIN_AMOUNT, FINAL_AMOUNT, REQUEST_DATE) VALUES (2408313919, 'SPKSTANMORE3', 1, 679000, 759000, 20, 151800.0, 759000, '2024-08-31');
--INSERT INTO ORDER_ITEM (ORDER_HEADER_ID, ITEM_CODE, ORDER_ITEM_QUANTITY, PURCHASE_AMOUNT, SALES_AMOUNT, MARGIN_RATE, MARGIN_AMOUNT, FINAL_AMOUNT, REQUEST_DATE) VALUES (2408313919, 'SPKBESOUNDBALANCE', 5, 4290000, 4799000, 18, 863820.0, 23995000, '2024-08-31');
--INSERT INTO ORDER_ITEM (ORDER_HEADER_ID, ITEM_CODE, ORDER_ITEM_QUANTITY, PURCHASE_AMOUNT, SALES_AMOUNT, MARGIN_RATE, MARGIN_AMOUNT, FINAL_AMOUNT, REQUEST_DATE) VALUES (2408313919, 'SPKBESOUNDBALANCE', 5, 4290000, 4799000, 17, 815830.0, 23995000, '2024-08-31');
--INSERT INTO ORDER_ITEM (ORDER_HEADER_ID, ITEM_CODE, ORDER_ITEM_QUANTITY, PURCHASE_AMOUNT, SALES_AMOUNT, MARGIN_RATE, MARGIN_AMOUNT, FINAL_AMOUNT, REQUEST_DATE) VALUES (2408313919, 'HDSBEPLAYHX', 1, 759000, 819000, 10, 81900.0, 819000, '2024-08-31');
--INSERT INTO ORDER_ITEM (ORDER_HEADER_ID, ITEM_CODE, ORDER_ITEM_QUANTITY, PURCHASE_AMOUNT, SALES_AMOUNT, MARGIN_RATE, MARGIN_AMOUNT, FINAL_AMOUNT, REQUEST_DATE) VALUES (2408313919, 'HADRADIANCE2400BK', 1, 5700000, 6190000, 10, 619000.0, 6190000, '2024-08-31');
--INSERT INTO ORDER_ITEM (ORDER_HEADER_ID, ITEM_CODE, ORDER_ITEM_QUANTITY, PURCHASE_AMOUNT, SALES_AMOUNT, MARGIN_RATE, MARGIN_AMOUNT, FINAL_AMOUNT, REQUEST_DATE) VALUES (2408188855, 'SPKBESOUNDA5', 1, 1690000, 1899000, 10, 189900.0, 1899000, '2024-08-18');
--INSERT INTO ORDER_ITEM (ORDER_HEADER_ID, ITEM_CODE, ORDER_ITEM_QUANTITY, PURCHASE_AMOUNT, SALES_AMOUNT, MARGIN_RATE, MARGIN_AMOUNT, FINAL_AMOUNT, REQUEST_DATE) VALUES (2408188855, 'SPKBESOUNDBALANCE', 5, 4290000, 4799000, 18, 863820.0, 23995000, '2024-08-18');
--INSERT INTO ORDER_ITEM (ORDER_HEADER_ID, ITEM_CODE, ORDER_ITEM_QUANTITY, PURCHASE_AMOUNT, SALES_AMOUNT, MARGIN_RATE, MARGIN_AMOUNT, FINAL_AMOUNT, REQUEST_DATE) VALUES (2408188855, 'SPKBESOUNDA9', 2, 4790000, 5399000, 13, 701870.0, 10798000, '2024-08-18');
--INSERT INTO ORDER_ITEM (ORDER_HEADER_ID, ITEM_CODE, ORDER_ITEM_QUANTITY, PURCHASE_AMOUNT, SALES_AMOUNT, MARGIN_RATE, MARGIN_AMOUNT, FINAL_AMOUNT, REQUEST_DATE) VALUES (2409012091, 'SPKBESOUNDBALANCE', 4, 4290000, 4799000, 20, 959800.0, 19196000, '2024-09-01');
--INSERT INTO ORDER_ITEM (ORDER_HEADER_ID, ITEM_CODE, ORDER_ITEM_QUANTITY, PURCHASE_AMOUNT, SALES_AMOUNT, MARGIN_RATE, MARGIN_AMOUNT, FINAL_AMOUNT, REQUEST_DATE) VALUES (2409012091, 'HDSBEPLAYHX', 1, 759000, 819000, 16, 131040.0, 819000, '2024-09-01');
--INSERT INTO ORDER_ITEM (ORDER_HEADER_ID, ITEM_CODE, ORDER_ITEM_QUANTITY, PURCHASE_AMOUNT, SALES_AMOUNT, MARGIN_RATE, MARGIN_AMOUNT, FINAL_AMOUNT, REQUEST_DATE) VALUES (2408299280, 'SDBCITAMB110GRAYS', 3, 1050000, 1150000, 20, 230000.0, 3450000, '2024-08-29');
--INSERT INTO ORDER_ITEM (ORDER_HEADER_ID, ITEM_CODE, ORDER_ITEM_QUANTITY, PURCHASE_AMOUNT, SALES_AMOUNT, MARGIN_RATE, MARGIN_AMOUNT, FINAL_AMOUNT, REQUEST_DATE) VALUES (2408299280, 'SDBCITAMB110GRAYS', 5, 1050000, 1150000, 10, 115000.0, 5750000, '2024-08-29');
--INSERT INTO ORDER_ITEM (ORDER_HEADER_ID, ITEM_CODE, ORDER_ITEM_QUANTITY, PURCHASE_AMOUNT, SALES_AMOUNT, MARGIN_RATE, MARGIN_AMOUNT, FINAL_AMOUNT, REQUEST_DATE) VALUES (2408299280, 'SPKBESOUNDEMERGE', 3, 1250000, 1299000, 13, 168870.0, 3897000, '2024-08-29');
--INSERT INTO ORDER_ITEM (ORDER_HEADER_ID, ITEM_CODE, ORDER_ITEM_QUANTITY, PURCHASE_AMOUNT, SALES_AMOUNT, MARGIN_RATE, MARGIN_AMOUNT, FINAL_AMOUNT, REQUEST_DATE) VALUES (2408299280, 'SPKSTANMORE3', 4, 679000, 759000, 13, 98670.0, 3036000, '2024-08-29');
--INSERT INTO ORDER_ITEM (ORDER_HEADER_ID, ITEM_CODE, ORDER_ITEM_QUANTITY, PURCHASE_AMOUNT, SALES_AMOUNT, MARGIN_RATE, MARGIN_AMOUNT, FINAL_AMOUNT, REQUEST_DATE) VALUES (2408299280, 'SPKBESOUNDBALANCE', 1, 4290000, 4799000, 18, 863820.0, 4799000, '2024-08-29');
--INSERT INTO ORDER_ITEM (ORDER_HEADER_ID, ITEM_CODE, ORDER_ITEM_QUANTITY, PURCHASE_AMOUNT, SALES_AMOUNT, MARGIN_RATE, MARGIN_AMOUNT, FINAL_AMOUNT, REQUEST_DATE) VALUES (2408233741, 'SPKWOBURN3', 5, 989000, 1115000, 11, 122650.0, 5575000, '2024-08-23');
--INSERT INTO ORDER_ITEM (ORDER_HEADER_ID, ITEM_CODE, ORDER_ITEM_QUANTITY, PURCHASE_AMOUNT, SALES_AMOUNT, MARGIN_RATE, MARGIN_AMOUNT, FINAL_AMOUNT, REQUEST_DATE) VALUES (2409100561, 'SDBCITAMB110GRAYS', 3, 1050000, 1150000, 20, 230000.0, 3450000, '2024-09-10');
--INSERT INTO ORDER_ITEM (ORDER_HEADER_ID, ITEM_CODE, ORDER_ITEM_QUANTITY, PURCHASE_AMOUNT, SALES_AMOUNT, MARGIN_RATE, MARGIN_AMOUNT, FINAL_AMOUNT, REQUEST_DATE) VALUES (2409129961, 'HADRADIANCE2400BK', 5, 5700000, 6190000, 11, 680900.0, 30950000, '2024-09-12');
--INSERT INTO ORDER_ITEM (ORDER_HEADER_ID, ITEM_CODE, ORDER_ITEM_QUANTITY, PURCHASE_AMOUNT, SALES_AMOUNT, MARGIN_RATE, MARGIN_AMOUNT, FINAL_AMOUNT, REQUEST_DATE) VALUES (2409129961, 'SPKSTANMORE3', 5, 679000, 759000, 10, 75900.0, 3795000, '2024-09-12');
--INSERT INTO ORDER_ITEM (ORDER_HEADER_ID, ITEM_CODE, ORDER_ITEM_QUANTITY, PURCHASE_AMOUNT, SALES_AMOUNT, MARGIN_RATE, MARGIN_AMOUNT, FINAL_AMOUNT, REQUEST_DATE) VALUES (2408177412, 'SPKAURAS4BK', 5, 289000, 339000, 15, 50850.0, 1695000, '2024-08-17');
--INSERT INTO ORDER_ITEM (ORDER_HEADER_ID, ITEM_CODE, ORDER_ITEM_QUANTITY, PURCHASE_AMOUNT, SALES_AMOUNT, MARGIN_RATE, MARGIN_AMOUNT, FINAL_AMOUNT, REQUEST_DATE) VALUES (2408177412, 'SPKAURAS4BK', 2, 289000, 339000, 19, 64410.0, 678000, '2024-08-17');
--INSERT INTO ORDER_ITEM (ORDER_HEADER_ID, ITEM_CODE, ORDER_ITEM_QUANTITY, PURCHASE_AMOUNT, SALES_AMOUNT, MARGIN_RATE, MARGIN_AMOUNT, FINAL_AMOUNT, REQUEST_DATE) VALUES (2408177412, 'SPKBESOUNDEMERGE', 3, 1250000, 1299000, 10, 129900.0, 3897000, '2024-08-17');
--INSERT INTO ORDER_ITEM (ORDER_HEADER_ID, ITEM_CODE, ORDER_ITEM_QUANTITY, PURCHASE_AMOUNT, SALES_AMOUNT, MARGIN_RATE, MARGIN_AMOUNT, FINAL_AMOUNT, REQUEST_DATE) VALUES (2408285929, 'HADRADIANCE2400BK', 1, 5700000, 6190000, 19, 1176100.0, 6190000, '2024-08-28');
--INSERT INTO ORDER_ITEM (ORDER_HEADER_ID, ITEM_CODE, ORDER_ITEM_QUANTITY, PURCHASE_AMOUNT, SALES_AMOUNT, MARGIN_RATE, MARGIN_AMOUNT, FINAL_AMOUNT, REQUEST_DATE) VALUES (2408285929, 'SPKSTANMORE3', 2, 679000, 759000, 17, 129030.0, 1518000, '2024-08-28');
--INSERT INTO ORDER_ITEM (ORDER_HEADER_ID, ITEM_CODE, ORDER_ITEM_QUANTITY, PURCHASE_AMOUNT, SALES_AMOUNT, MARGIN_RATE, MARGIN_AMOUNT, FINAL_AMOUNT, REQUEST_DATE) VALUES (2408285929, 'SPKSTANMORE3', 5, 679000, 759000, 12, 91080.0, 3795000, '2024-08-28');
--INSERT INTO ORDER_ITEM (ORDER_HEADER_ID, ITEM_CODE, ORDER_ITEM_QUANTITY, PURCHASE_AMOUNT, SALES_AMOUNT, MARGIN_RATE, MARGIN_AMOUNT, FINAL_AMOUNT, REQUEST_DATE) VALUES (2408285929, 'HDSBEPLAYEX', 5, 459000, 509000, 17, 86530.0, 2545000, '2024-08-28');
--INSERT INTO ORDER_ITEM (ORDER_HEADER_ID, ITEM_CODE, ORDER_ITEM_QUANTITY, PURCHASE_AMOUNT, SALES_AMOUNT, MARGIN_RATE, MARGIN_AMOUNT, FINAL_AMOUNT, REQUEST_DATE) VALUES (2408285929, 'HDSBEPLAYHX', 2, 759000, 819000, 18, 147420.0, 1638000, '2024-08-28');
--INSERT INTO ORDER_ITEM (ORDER_HEADER_ID, ITEM_CODE, ORDER_ITEM_QUANTITY, PURCHASE_AMOUNT, SALES_AMOUNT, MARGIN_RATE, MARGIN_AMOUNT, FINAL_AMOUNT, REQUEST_DATE) VALUES (2408307231, 'HDSBEPLAYHX', 4, 759000, 819000, 18, 147420.0, 3276000, '2024-08-30');
--INSERT INTO ORDER_ITEM (ORDER_HEADER_ID, ITEM_CODE, ORDER_ITEM_QUANTITY, PURCHASE_AMOUNT, SALES_AMOUNT, MARGIN_RATE, MARGIN_AMOUNT, FINAL_AMOUNT, REQUEST_DATE) VALUES (2408307231, 'SPKBESOUNDBALANCE', 2, 4290000, 4799000, 14, 671860.0, 9598000, '2024-08-30');
--INSERT INTO ORDER_ITEM (ORDER_HEADER_ID, ITEM_CODE, ORDER_ITEM_QUANTITY, PURCHASE_AMOUNT, SALES_AMOUNT, MARGIN_RATE, MARGIN_AMOUNT, FINAL_AMOUNT, REQUEST_DATE) VALUES (2408281218, 'SPKBESOUNDEMERGE', 4, 1250000, 1299000, 12, 155880.0, 5196000, '2024-08-28');
--INSERT INTO ORDER_ITEM (ORDER_HEADER_ID, ITEM_CODE, ORDER_ITEM_QUANTITY, PURCHASE_AMOUNT, SALES_AMOUNT, MARGIN_RATE, MARGIN_AMOUNT, FINAL_AMOUNT, REQUEST_DATE) VALUES (2408281218, 'SPKBESOUNDA9', 2, 4790000, 5399000, 11, 593890.0, 10798000, '2024-08-28');
--INSERT INTO ORDER_ITEM (ORDER_HEADER_ID, ITEM_CODE, ORDER_ITEM_QUANTITY, PURCHASE_AMOUNT, SALES_AMOUNT, MARGIN_RATE, MARGIN_AMOUNT, FINAL_AMOUNT, REQUEST_DATE) VALUES (2408281218, 'SPKSTICKS4BK', 3, 399000, 459000, 11, 50490.0, 1377000, '2024-08-28');
--INSERT INTO ORDER_ITEM (ORDER_HEADER_ID, ITEM_CODE, ORDER_ITEM_QUANTITY, PURCHASE_AMOUNT, SALES_AMOUNT, MARGIN_RATE, MARGIN_AMOUNT, FINAL_AMOUNT, REQUEST_DATE) VALUES (2408281218, 'SPKBESOUNDBALANCE', 3, 4290000, 4799000, 11, 527890.0, 14397000, '2024-08-28');
--INSERT INTO ORDER_ITEM (ORDER_HEADER_ID, ITEM_CODE, ORDER_ITEM_QUANTITY, PURCHASE_AMOUNT, SALES_AMOUNT, MARGIN_RATE, MARGIN_AMOUNT, FINAL_AMOUNT, REQUEST_DATE) VALUES (2409078184, 'HDSBEPLAYEX', 4, 459000, 509000, 16, 81440.0, 2036000, '2024-09-07');
--INSERT INTO ORDER_ITEM (ORDER_HEADER_ID, ITEM_CODE, ORDER_ITEM_QUANTITY, PURCHASE_AMOUNT, SALES_AMOUNT, MARGIN_RATE, MARGIN_AMOUNT, FINAL_AMOUNT, REQUEST_DATE) VALUES (2409078184, 'SPKSTANMORE3', 4, 679000, 759000, 20, 151800.0, 3036000, '2024-09-07');
--INSERT INTO ORDER_ITEM (ORDER_HEADER_ID, ITEM_CODE, ORDER_ITEM_QUANTITY, PURCHASE_AMOUNT, SALES_AMOUNT, MARGIN_RATE, MARGIN_AMOUNT, FINAL_AMOUNT, REQUEST_DATE) VALUES (2409078184, 'SPKAURAS4BK', 1, 289000, 339000, 16, 54240.0, 339000, '2024-09-07');
--INSERT INTO ORDER_ITEM (ORDER_HEADER_ID, ITEM_CODE, ORDER_ITEM_QUANTITY, PURCHASE_AMOUNT, SALES_AMOUNT, MARGIN_RATE, MARGIN_AMOUNT, FINAL_AMOUNT, REQUEST_DATE) VALUES (2409078184, 'SPKSTANMORE3', 2, 679000, 759000, 11, 83490.0, 1518000, '2024-09-07');
--INSERT INTO ORDER_ITEM (ORDER_HEADER_ID, ITEM_CODE, ORDER_ITEM_QUANTITY, PURCHASE_AMOUNT, SALES_AMOUNT, MARGIN_RATE, MARGIN_AMOUNT, FINAL_AMOUNT, REQUEST_DATE) VALUES (2409033195, 'SPKSTANMORE3', 4, 679000, 759000, 16, 121440.0, 3036000, '2024-09-03');
--INSERT INTO ORDER_ITEM (ORDER_HEADER_ID, ITEM_CODE, ORDER_ITEM_QUANTITY, PURCHASE_AMOUNT, SALES_AMOUNT, MARGIN_RATE, MARGIN_AMOUNT, FINAL_AMOUNT, REQUEST_DATE) VALUES (2409123493, 'SPKBESOUNDA9', 4, 4790000, 5399000, 10, 539900.0, 21596000, '2024-09-12');
--INSERT INTO ORDER_ITEM (ORDER_HEADER_ID, ITEM_CODE, ORDER_ITEM_QUANTITY, PURCHASE_AMOUNT, SALES_AMOUNT, MARGIN_RATE, MARGIN_AMOUNT, FINAL_AMOUNT, REQUEST_DATE) VALUES (2408228516, 'SPKSTICKS4BK', 5, 399000, 459000, 15, 68850.0, 2295000, '2024-08-22');
--INSERT INTO ORDER_ITEM (ORDER_HEADER_ID, ITEM_CODE, ORDER_ITEM_QUANTITY, PURCHASE_AMOUNT, SALES_AMOUNT, MARGIN_RATE, MARGIN_AMOUNT, FINAL_AMOUNT, REQUEST_DATE) VALUES (2408228516, 'HADRADIANCE2400BK', 3, 5700000, 6190000, 20, 1238000.0, 18570000, '2024-08-22');
--INSERT INTO ORDER_ITEM (ORDER_HEADER_ID, ITEM_CODE, ORDER_ITEM_QUANTITY, PURCHASE_AMOUNT, SALES_AMOUNT, MARGIN_RATE, MARGIN_AMOUNT, FINAL_AMOUNT, REQUEST_DATE) VALUES (2408228516, 'HDSBEPLAYHX', 4, 759000, 819000, 20, 163800.0, 3276000, '2024-08-22');
--INSERT INTO ORDER_ITEM (ORDER_HEADER_ID, ITEM_CODE, ORDER_ITEM_QUANTITY, PURCHASE_AMOUNT, SALES_AMOUNT, MARGIN_RATE, MARGIN_AMOUNT, FINAL_AMOUNT, REQUEST_DATE) VALUES (2408228516, 'SPKACTON3', 5, 479000, 589000, 13, 76570.0, 2945000, '2024-08-22');
--INSERT INTO ORDER_ITEM (ORDER_HEADER_ID, ITEM_CODE, ORDER_ITEM_QUANTITY, PURCHASE_AMOUNT, SALES_AMOUNT, MARGIN_RATE, MARGIN_AMOUNT, FINAL_AMOUNT, REQUEST_DATE) VALUES (2408228516, 'HADRADIANCE2400BK', 3, 5700000, 6190000, 17, 1052300.0, 18570000, '2024-08-22');
--INSERT INTO ORDER_ITEM (ORDER_HEADER_ID, ITEM_CODE, ORDER_ITEM_QUANTITY, PURCHASE_AMOUNT, SALES_AMOUNT, MARGIN_RATE, MARGIN_AMOUNT, FINAL_AMOUNT, REQUEST_DATE) VALUES (2409043833, 'HDSBEPLAYEX', 5, 459000, 509000, 12, 61080.0, 2545000, '2024-09-04');
--INSERT INTO ORDER_ITEM (ORDER_HEADER_ID, ITEM_CODE, ORDER_ITEM_QUANTITY, PURCHASE_AMOUNT, SALES_AMOUNT, MARGIN_RATE, MARGIN_AMOUNT, FINAL_AMOUNT, REQUEST_DATE) VALUES (2409044589, 'SPKSTANMORE3', 5, 679000, 759000, 12, 91080.0, 3795000, '2024-09-04');
--INSERT INTO ORDER_ITEM (ORDER_HEADER_ID, ITEM_CODE, ORDER_ITEM_QUANTITY, PURCHASE_AMOUNT, SALES_AMOUNT, MARGIN_RATE, MARGIN_AMOUNT, FINAL_AMOUNT, REQUEST_DATE) VALUES (2409044589, 'SPKBESOUNDA5', 4, 1690000, 1899000, 20, 379800.0, 7596000, '2024-09-04');
--INSERT INTO ORDER_ITEM (ORDER_HEADER_ID, ITEM_CODE, ORDER_ITEM_QUANTITY, PURCHASE_AMOUNT, SALES_AMOUNT, MARGIN_RATE, MARGIN_AMOUNT, FINAL_AMOUNT, REQUEST_DATE) VALUES (2409044589, 'SPKWOBURN3', 1, 989000, 1115000, 18, 200700.0, 1115000, '2024-09-04');
--INSERT INTO ORDER_ITEM (ORDER_HEADER_ID, ITEM_CODE, ORDER_ITEM_QUANTITY, PURCHASE_AMOUNT, SALES_AMOUNT, MARGIN_RATE, MARGIN_AMOUNT, FINAL_AMOUNT, REQUEST_DATE) VALUES (2409045643, 'HDSBEPLAYEX', 2, 459000, 509000, 11, 55990.0, 1018000, '2024-09-04');
--INSERT INTO ORDER_ITEM (ORDER_HEADER_ID, ITEM_CODE, ORDER_ITEM_QUANTITY, PURCHASE_AMOUNT, SALES_AMOUNT, MARGIN_RATE, MARGIN_AMOUNT, FINAL_AMOUNT, REQUEST_DATE) VALUES (2409045643, 'HADRADIANCE2400BK', 5, 5700000, 6190000, 20, 1238000.0, 30950000, '2024-09-04');
--INSERT INTO ORDER_ITEM (ORDER_HEADER_ID, ITEM_CODE, ORDER_ITEM_QUANTITY, PURCHASE_AMOUNT, SALES_AMOUNT, MARGIN_RATE, MARGIN_AMOUNT, FINAL_AMOUNT, REQUEST_DATE) VALUES (2409045643, 'HADRADIANCE2400BK', 1, 5700000, 6190000, 13, 804700.0, 6190000, '2024-09-04');
--INSERT INTO ORDER_ITEM (ORDER_HEADER_ID, ITEM_CODE, ORDER_ITEM_QUANTITY, PURCHASE_AMOUNT, SALES_AMOUNT, MARGIN_RATE, MARGIN_AMOUNT, FINAL_AMOUNT, REQUEST_DATE) VALUES (2408265963, 'HDSBEPLAYEX', 5, 459000, 509000, 10, 50900.0, 2545000, '2024-08-26');
--INSERT INTO ORDER_ITEM (ORDER_HEADER_ID, ITEM_CODE, ORDER_ITEM_QUANTITY, PURCHASE_AMOUNT, SALES_AMOUNT, MARGIN_RATE, MARGIN_AMOUNT, FINAL_AMOUNT, REQUEST_DATE) VALUES (2408265963, 'SPKSTICKS4BK', 3, 399000, 459000, 13, 59670.0, 1377000, '2024-08-26');
--INSERT INTO ORDER_ITEM (ORDER_HEADER_ID, ITEM_CODE, ORDER_ITEM_QUANTITY, PURCHASE_AMOUNT, SALES_AMOUNT, MARGIN_RATE, MARGIN_AMOUNT, FINAL_AMOUNT, REQUEST_DATE) VALUES (2408265963, 'SPKBESOUNDA5', 3, 1690000, 1899000, 13, 246870.0, 5697000, '2024-08-26');
--INSERT INTO ORDER_ITEM (ORDER_HEADER_ID, ITEM_CODE, ORDER_ITEM_QUANTITY, PURCHASE_AMOUNT, SALES_AMOUNT, MARGIN_RATE, MARGIN_AMOUNT, FINAL_AMOUNT, REQUEST_DATE) VALUES (2408145872, 'SDBCITAMB110GRAYS', 5, 1050000, 1150000, 12, 138000.0, 5750000, '2024-08-14');
--INSERT INTO ORDER_ITEM (ORDER_HEADER_ID, ITEM_CODE, ORDER_ITEM_QUANTITY, PURCHASE_AMOUNT, SALES_AMOUNT, MARGIN_RATE, MARGIN_AMOUNT, FINAL_AMOUNT, REQUEST_DATE) VALUES (2408145872, 'SPKSTICKS4BK', 4, 399000, 459000, 20, 91800.0, 1836000, '2024-08-14');
--INSERT INTO ORDER_ITEM (ORDER_HEADER_ID, ITEM_CODE, ORDER_ITEM_QUANTITY, PURCHASE_AMOUNT, SALES_AMOUNT, MARGIN_RATE, MARGIN_AMOUNT, FINAL_AMOUNT, REQUEST_DATE) VALUES (2408223849, 'HADRADIANCE2400BK', 5, 5700000, 6190000, 18, 1114200.0, 30950000, '2024-08-22');
--INSERT INTO ORDER_ITEM (ORDER_HEADER_ID, ITEM_CODE, ORDER_ITEM_QUANTITY, PURCHASE_AMOUNT, SALES_AMOUNT, MARGIN_RATE, MARGIN_AMOUNT, FINAL_AMOUNT, REQUEST_DATE) VALUES (2408223849, 'SPKBESOUNDA5', 3, 1690000, 1899000, 19, 360810.0, 5697000, '2024-08-22');
--INSERT INTO ORDER_ITEM (ORDER_HEADER_ID, ITEM_CODE, ORDER_ITEM_QUANTITY, PURCHASE_AMOUNT, SALES_AMOUNT, MARGIN_RATE, MARGIN_AMOUNT, FINAL_AMOUNT, REQUEST_DATE) VALUES (2408223849, 'SPKBESOUNDEMERGE', 2, 1250000, 1299000, 10, 129900.0, 2598000, '2024-08-22');
--INSERT INTO ORDER_ITEM (ORDER_HEADER_ID, ITEM_CODE, ORDER_ITEM_QUANTITY, PURCHASE_AMOUNT, SALES_AMOUNT, MARGIN_RATE, MARGIN_AMOUNT, FINAL_AMOUNT, REQUEST_DATE) VALUES (2408223849, 'SPKBESOUNDBALANCE', 5, 4290000, 4799000, 19, 911810.0, 23995000, '2024-08-22');
--INSERT INTO ORDER_ITEM (ORDER_HEADER_ID, ITEM_CODE, ORDER_ITEM_QUANTITY, PURCHASE_AMOUNT, SALES_AMOUNT, MARGIN_RATE, MARGIN_AMOUNT, FINAL_AMOUNT, REQUEST_DATE) VALUES (2409107692, 'SDBCITAMB110GRAYS', 5, 1050000, 1150000, 12, 138000.0, 5750000, '2024-09-10');
--INSERT INTO ORDER_ITEM (ORDER_HEADER_ID, ITEM_CODE, ORDER_ITEM_QUANTITY, PURCHASE_AMOUNT, SALES_AMOUNT, MARGIN_RATE, MARGIN_AMOUNT, FINAL_AMOUNT, REQUEST_DATE) VALUES (2409107692, 'SPKBESOUNDBALANCE', 5, 4290000, 4799000, 13, 623870.0, 23995000, '2024-09-10');
--INSERT INTO ORDER_ITEM (ORDER_HEADER_ID, ITEM_CODE, ORDER_ITEM_QUANTITY, PURCHASE_AMOUNT, SALES_AMOUNT, MARGIN_RATE, MARGIN_AMOUNT, FINAL_AMOUNT, REQUEST_DATE) VALUES (2409107692, 'SDBCITAMB110GRAYS', 1, 1050000, 1150000, 17, 195500.0, 1150000, '2024-09-10');
--INSERT INTO ORDER_ITEM (ORDER_HEADER_ID, ITEM_CODE, ORDER_ITEM_QUANTITY, PURCHASE_AMOUNT, SALES_AMOUNT, MARGIN_RATE, MARGIN_AMOUNT, FINAL_AMOUNT, REQUEST_DATE) VALUES (2409107692, 'SPKSTICKS4BK', 4, 399000, 459000, 11, 50490.0, 1836000, '2024-09-10');
--INSERT INTO ORDER_ITEM (ORDER_HEADER_ID, ITEM_CODE, ORDER_ITEM_QUANTITY, PURCHASE_AMOUNT, SALES_AMOUNT, MARGIN_RATE, MARGIN_AMOUNT, FINAL_AMOUNT, REQUEST_DATE) VALUES (2409107692, 'HADRADIANCE2400BK', 1, 5700000, 6190000, 13, 804700.0, 6190000, '2024-09-10');
--INSERT INTO ORDER_ITEM (ORDER_HEADER_ID, ITEM_CODE, ORDER_ITEM_QUANTITY, PURCHASE_AMOUNT, SALES_AMOUNT, MARGIN_RATE, MARGIN_AMOUNT, FINAL_AMOUNT, REQUEST_DATE) VALUES (2409107760, 'HADRADIANCE2400BK', 5, 5700000, 6190000, 15, 928500.0, 30950000, '2024-09-10');
--INSERT INTO ORDER_ITEM (ORDER_HEADER_ID, ITEM_CODE, ORDER_ITEM_QUANTITY, PURCHASE_AMOUNT, SALES_AMOUNT, MARGIN_RATE, MARGIN_AMOUNT, FINAL_AMOUNT, REQUEST_DATE) VALUES (2409107760, 'SPKSTICKS4BK', 5, 399000, 459000, 15, 68850.0, 2295000, '2024-09-10');
--INSERT INTO ORDER_ITEM (ORDER_HEADER_ID, ITEM_CODE, ORDER_ITEM_QUANTITY, PURCHASE_AMOUNT, SALES_AMOUNT, MARGIN_RATE, MARGIN_AMOUNT, FINAL_AMOUNT, REQUEST_DATE) VALUES (2409107760, 'SPKWOBURN3', 1, 989000, 1115000, 16, 178400.0, 1115000, '2024-09-10');
--INSERT INTO ORDER_ITEM (ORDER_HEADER_ID, ITEM_CODE, ORDER_ITEM_QUANTITY, PURCHASE_AMOUNT, SALES_AMOUNT, MARGIN_RATE, MARGIN_AMOUNT, FINAL_AMOUNT, REQUEST_DATE) VALUES (2409054304, 'SPKBESOUNDEMERGE', 5, 1250000, 1299000, 18, 233820.0, 6495000, '2024-09-05');
--INSERT INTO ORDER_ITEM (ORDER_HEADER_ID, ITEM_CODE, ORDER_ITEM_QUANTITY, PURCHASE_AMOUNT, SALES_AMOUNT, MARGIN_RATE, MARGIN_AMOUNT, FINAL_AMOUNT, REQUEST_DATE) VALUES (2409054304, 'SPKSTICKS4BK', 1, 399000, 459000, 16, 73440.0, 459000, '2024-09-05');
--INSERT INTO ORDER_ITEM (ORDER_HEADER_ID, ITEM_CODE, ORDER_ITEM_QUANTITY, PURCHASE_AMOUNT, SALES_AMOUNT, MARGIN_RATE, MARGIN_AMOUNT, FINAL_AMOUNT, REQUEST_DATE) VALUES (2409054304, 'SPKAURAS4BK', 5, 289000, 339000, 14, 47460.0, 1695000, '2024-09-05');
--INSERT INTO ORDER_ITEM (ORDER_HEADER_ID, ITEM_CODE, ORDER_ITEM_QUANTITY, PURCHASE_AMOUNT, SALES_AMOUNT, MARGIN_RATE, MARGIN_AMOUNT, FINAL_AMOUNT, REQUEST_DATE) VALUES (2409054304, 'HADRADIANCE2400BK', 5, 5700000, 6190000, 20, 1238000.0, 30950000, '2024-09-05');
--INSERT INTO ORDER_ITEM (ORDER_HEADER_ID, ITEM_CODE, ORDER_ITEM_QUANTITY, PURCHASE_AMOUNT, SALES_AMOUNT, MARGIN_RATE, MARGIN_AMOUNT, FINAL_AMOUNT, REQUEST_DATE) VALUES (2409054304, 'SPKBESOUNDA5', 4, 1690000, 1899000, 10, 189900.0, 7596000, '2024-09-05');
--INSERT INTO ORDER_ITEM (ORDER_HEADER_ID, ITEM_CODE, ORDER_ITEM_QUANTITY, PURCHASE_AMOUNT, SALES_AMOUNT, MARGIN_RATE, MARGIN_AMOUNT, FINAL_AMOUNT, REQUEST_DATE) VALUES (2408186587, 'HADRADIANCE2400BK', 4, 5700000, 6190000, 12, 742800.0, 24760000, '2024-08-18');
--INSERT INTO ORDER_ITEM (ORDER_HEADER_ID, ITEM_CODE, ORDER_ITEM_QUANTITY, PURCHASE_AMOUNT, SALES_AMOUNT, MARGIN_RATE, MARGIN_AMOUNT, FINAL_AMOUNT, REQUEST_DATE) VALUES (2408186587, 'SDBCITAMB110GRAYS', 3, 1050000, 1150000, 13, 149500.0, 3450000, '2024-08-18');
--INSERT INTO ORDER_ITEM (ORDER_HEADER_ID, ITEM_CODE, ORDER_ITEM_QUANTITY, PURCHASE_AMOUNT, SALES_AMOUNT, MARGIN_RATE, MARGIN_AMOUNT, FINAL_AMOUNT, REQUEST_DATE) VALUES (2408187444, 'SDBCITAMB110GRAYS', 3, 1050000, 1150000, 11, 126500.0, 3450000, '2024-08-18');
--INSERT INTO ORDER_ITEM (ORDER_HEADER_ID, ITEM_CODE, ORDER_ITEM_QUANTITY, PURCHASE_AMOUNT, SALES_AMOUNT, MARGIN_RATE, MARGIN_AMOUNT, FINAL_AMOUNT, REQUEST_DATE) VALUES (2409029854, 'SDBCITAMB110GRAYS', 5, 1050000, 1150000, 17, 195500.0, 5750000, '2024-09-02');
--INSERT INTO ORDER_ITEM (ORDER_HEADER_ID, ITEM_CODE, ORDER_ITEM_QUANTITY, PURCHASE_AMOUNT, SALES_AMOUNT, MARGIN_RATE, MARGIN_AMOUNT, FINAL_AMOUNT, REQUEST_DATE) VALUES (2409029854, 'SPKAURAS4BK', 2, 289000, 339000, 13, 44070.0, 678000, '2024-09-02');
--INSERT INTO ORDER_ITEM (ORDER_HEADER_ID, ITEM_CODE, ORDER_ITEM_QUANTITY, PURCHASE_AMOUNT, SALES_AMOUNT, MARGIN_RATE, MARGIN_AMOUNT, FINAL_AMOUNT, REQUEST_DATE) VALUES (2409029854, 'HDSBEPLAYEX', 4, 459000, 509000, 20, 101800.0, 2036000, '2024-09-02');
--INSERT INTO ORDER_ITEM (ORDER_HEADER_ID, ITEM_CODE, ORDER_ITEM_QUANTITY, PURCHASE_AMOUNT, SALES_AMOUNT, MARGIN_RATE, MARGIN_AMOUNT, FINAL_AMOUNT, REQUEST_DATE) VALUES (2409056342, 'SPKBESOUNDEMERGE', 3, 1250000, 1299000, 14, 181860.0, 3897000, '2024-09-05');
--INSERT INTO ORDER_ITEM (ORDER_HEADER_ID, ITEM_CODE, ORDER_ITEM_QUANTITY, PURCHASE_AMOUNT, SALES_AMOUNT, MARGIN_RATE, MARGIN_AMOUNT, FINAL_AMOUNT, REQUEST_DATE) VALUES (2409056342, 'SPKBESOUNDBALANCE', 2, 4290000, 4799000, 14, 671860.0, 9598000, '2024-09-05');
--INSERT INTO ORDER_ITEM (ORDER_HEADER_ID, ITEM_CODE, ORDER_ITEM_QUANTITY, PURCHASE_AMOUNT, SALES_AMOUNT, MARGIN_RATE, MARGIN_AMOUNT, FINAL_AMOUNT, REQUEST_DATE) VALUES (2408253096, 'SPKAURAS4BK', 2, 289000, 339000, 12, 40680.0, 678000, '2024-08-25');
--INSERT INTO ORDER_ITEM (ORDER_HEADER_ID, ITEM_CODE, ORDER_ITEM_QUANTITY, PURCHASE_AMOUNT, SALES_AMOUNT, MARGIN_RATE, MARGIN_AMOUNT, FINAL_AMOUNT, REQUEST_DATE) VALUES (2408292633, 'SPKBESOUNDBALANCE', 4, 4290000, 4799000, 16, 767840.0, 19196000, '2024-08-29');
--INSERT INTO ORDER_ITEM (ORDER_HEADER_ID, ITEM_CODE, ORDER_ITEM_QUANTITY, PURCHASE_AMOUNT, SALES_AMOUNT, MARGIN_RATE, MARGIN_AMOUNT, FINAL_AMOUNT, REQUEST_DATE) VALUES (2408292633, 'HADRADIANCE2400BK', 4, 5700000, 6190000, 10, 619000.0, 24760000, '2024-08-29');
--INSERT INTO ORDER_ITEM (ORDER_HEADER_ID, ITEM_CODE, ORDER_ITEM_QUANTITY, PURCHASE_AMOUNT, SALES_AMOUNT, MARGIN_RATE, MARGIN_AMOUNT, FINAL_AMOUNT, REQUEST_DATE) VALUES (2408292633, 'SPKBESOUNDEMERGE', 5, 1250000, 1299000, 13, 168870.0, 6495000, '2024-08-29');
--INSERT INTO ORDER_ITEM (ORDER_HEADER_ID, ITEM_CODE, ORDER_ITEM_QUANTITY, PURCHASE_AMOUNT, SALES_AMOUNT, MARGIN_RATE, MARGIN_AMOUNT, FINAL_AMOUNT, REQUEST_DATE) VALUES (2408292633, 'SPKACTON3', 4, 479000, 589000, 13, 76570.0, 2356000, '2024-08-29');
--INSERT INTO ORDER_ITEM (ORDER_HEADER_ID, ITEM_CODE, ORDER_ITEM_QUANTITY, PURCHASE_AMOUNT, SALES_AMOUNT, MARGIN_RATE, MARGIN_AMOUNT, FINAL_AMOUNT, REQUEST_DATE) VALUES (2408292633, 'HDSBEPLAYHX', 4, 759000, 819000, 14, 114660.0, 3276000, '2024-08-29');
--INSERT INTO ORDER_ITEM (ORDER_HEADER_ID, ITEM_CODE, ORDER_ITEM_QUANTITY, PURCHASE_AMOUNT, SALES_AMOUNT, MARGIN_RATE, MARGIN_AMOUNT, FINAL_AMOUNT, REQUEST_DATE) VALUES (2409128119, 'SPKWOBURN3', 1, 989000, 1115000, 15, 167250.0, 1115000, '2024-09-12');
--INSERT INTO ORDER_ITEM (ORDER_HEADER_ID, ITEM_CODE, ORDER_ITEM_QUANTITY, PURCHASE_AMOUNT, SALES_AMOUNT, MARGIN_RATE, MARGIN_AMOUNT, FINAL_AMOUNT, REQUEST_DATE) VALUES (2409128119, 'HADRADIANCE2400BK', 2, 5700000, 6190000, 19, 1176100.0, 12380000, '2024-09-12');
--INSERT INTO ORDER_ITEM (ORDER_HEADER_ID, ITEM_CODE, ORDER_ITEM_QUANTITY, PURCHASE_AMOUNT, SALES_AMOUNT, MARGIN_RATE, MARGIN_AMOUNT, FINAL_AMOUNT, REQUEST_DATE) VALUES (2409055272, 'SPKBESOUNDEMERGE', 5, 1250000, 1299000, 12, 155880.0, 6495000, '2024-09-05');
--INSERT INTO ORDER_ITEM (ORDER_HEADER_ID, ITEM_CODE, ORDER_ITEM_QUANTITY, PURCHASE_AMOUNT, SALES_AMOUNT, MARGIN_RATE, MARGIN_AMOUNT, FINAL_AMOUNT, REQUEST_DATE) VALUES (2409055272, 'SPKBESOUNDA9', 4, 4790000, 5399000, 11, 593890.0, 21596000, '2024-09-05');
--INSERT INTO ORDER_ITEM (ORDER_HEADER_ID, ITEM_CODE, ORDER_ITEM_QUANTITY, PURCHASE_AMOUNT, SALES_AMOUNT, MARGIN_RATE, MARGIN_AMOUNT, FINAL_AMOUNT, REQUEST_DATE) VALUES (2409055272, 'SPKBESOUNDEMERGE', 4, 1250000, 1299000, 12, 155880.0, 5196000, '2024-09-05');
--INSERT INTO ORDER_ITEM (ORDER_HEADER_ID, ITEM_CODE, ORDER_ITEM_QUANTITY, PURCHASE_AMOUNT, SALES_AMOUNT, MARGIN_RATE, MARGIN_AMOUNT, FINAL_AMOUNT, REQUEST_DATE) VALUES (2409055272, 'SPKAURAS4BK', 3, 289000, 339000, 14, 47460.0, 1017000, '2024-09-05');
--INSERT INTO ORDER_ITEM (ORDER_HEADER_ID, ITEM_CODE, ORDER_ITEM_QUANTITY, PURCHASE_AMOUNT, SALES_AMOUNT, MARGIN_RATE, MARGIN_AMOUNT, FINAL_AMOUNT, REQUEST_DATE) VALUES (2408198900, 'SPKSTICKS4BK', 4, 399000, 459000, 13, 59670.0, 1836000, '2024-08-19');
--INSERT INTO ORDER_ITEM (ORDER_HEADER_ID, ITEM_CODE, ORDER_ITEM_QUANTITY, PURCHASE_AMOUNT, SALES_AMOUNT, MARGIN_RATE, MARGIN_AMOUNT, FINAL_AMOUNT, REQUEST_DATE) VALUES (2408178079, 'SPKWOBURN3', 4, 989000, 1115000, 19, 211850.0, 4460000, '2024-08-17');
--INSERT INTO ORDER_ITEM (ORDER_HEADER_ID, ITEM_CODE, ORDER_ITEM_QUANTITY, PURCHASE_AMOUNT, SALES_AMOUNT, MARGIN_RATE, MARGIN_AMOUNT, FINAL_AMOUNT, REQUEST_DATE) VALUES (2408178079, 'HADRADIANCE2400BK', 3, 5700000, 6190000, 15, 928500.0, 18570000, '2024-08-17');
--INSERT INTO ORDER_ITEM (ORDER_HEADER_ID, ITEM_CODE, ORDER_ITEM_QUANTITY, PURCHASE_AMOUNT, SALES_AMOUNT, MARGIN_RATE, MARGIN_AMOUNT, FINAL_AMOUNT, REQUEST_DATE) VALUES (2408178079, 'SPKAURAS4BK', 4, 289000, 339000, 12, 40680.0, 1356000, '2024-08-17');
--INSERT INTO ORDER_ITEM (ORDER_HEADER_ID, ITEM_CODE, ORDER_ITEM_QUANTITY, PURCHASE_AMOUNT, SALES_AMOUNT, MARGIN_RATE, MARGIN_AMOUNT, FINAL_AMOUNT, REQUEST_DATE) VALUES (2408178079, 'SDBCITAMB110GRAYS', 2, 1050000, 1150000, 20, 230000.0, 2300000, '2024-08-17');
--INSERT INTO ORDER_ITEM (ORDER_HEADER_ID, ITEM_CODE, ORDER_ITEM_QUANTITY, PURCHASE_AMOUNT, SALES_AMOUNT, MARGIN_RATE, MARGIN_AMOUNT, FINAL_AMOUNT, REQUEST_DATE) VALUES (2408155884, 'SDBCITAMB110GRAYS', 1, 1050000, 1150000, 10, 115000.0, 1150000, '2024-08-15');
--INSERT INTO ORDER_ITEM (ORDER_HEADER_ID, ITEM_CODE, ORDER_ITEM_QUANTITY, PURCHASE_AMOUNT, SALES_AMOUNT, MARGIN_RATE, MARGIN_AMOUNT, FINAL_AMOUNT, REQUEST_DATE) VALUES (2408155884, 'HDSBEPLAYHX', 2, 759000, 819000, 16, 131040.0, 1638000, '2024-08-15');
--INSERT INTO ORDER_ITEM (ORDER_HEADER_ID, ITEM_CODE, ORDER_ITEM_QUANTITY, PURCHASE_AMOUNT, SALES_AMOUNT, MARGIN_RATE, MARGIN_AMOUNT, FINAL_AMOUNT, REQUEST_DATE) VALUES (2408155884, 'SPKSTANMORE3', 3, 679000, 759000, 10, 75900.0, 2277000, '2024-08-15');