-- m_supplier 테이블 데이터 삽입
INSERT INTO SUPPLIER (SUPPLIER_CODE, SUPPLIER_NAME, SUPPLIER_ADDRESS, SUPPLIER_PHONE, SUPPLIER_EMAIL, SUPPLIER_STATUS) VALUES
('HK', '하만카돈', '서울특별시 강남구 테헤란로 87', '02-567-8901', 'sales@harmankardon.co.kr', 'ACTIVE'),
('BO', '뱅엔울룹슨', '서울특별시 서초구 사임당로 34', '02-345-6789', 'support@bangolufsen.co.kr', 'ACTIVE'),
('MS', '마샬', '서울특별시 용산구 한강대로 42', '02-789-4567', 'info@marshallkorea.co.kr', 'ACTIVE'),
('BS', '보스', '서울특별시 종로구 삼봉로 71', '02-890-1234', 'contact@boseaudio.co.kr', 'ACTIVE'),
('GR', '제네렉', '서울특별시 마포구 상암산로 38', '02-456-7890', 'service@genelecsound.co.kr', 'ACTIVE');

-- m_item 테이블 데이터 삽입
INSERT INTO ITEM (ITEM_CODE, ITEM_NAME, UNIT, SPECS, ITEM_STATUS, CREATED_AT, MODIFIED_AT) VALUES
('SPKAURAS4BK', 'AURA STUDIO 4', 'EA', '블루투스 스피커, 360도 사운드, 2.5cm 트위터, 4.5인치 서브우퍼, 듀얼 패시브 라디에이터', 'ON_SALE', CURRENT_TIMESTAMP, CURRENT_TIMESTAMP),
('SPKSTICKS4BK', 'SOUND STICKS 4', 'EA', '2.1채널 블루투스 스피커, 유선/무선 연결 지원, 20Hz-20kHz 주파수 응답, 8인치 서브우퍼', 'ON_SALE', CURRENT_TIMESTAMP, CURRENT_TIMESTAMP),
('HADRADIANCE2400BK', 'RADIANCE 2400', 'SET', '고해상도 홈 오디오 시스템, 24비트/96kHz 해상도, 무선 서브우퍼 포함, 2000W 출력', 'ON_SALE', CURRENT_TIMESTAMP, CURRENT_TIMESTAMP),
('SDBCITAMB110GRAYS', 'CITATION MULTIBEAM 1100', 'EA', '5.1채널 사운드바, 멀티빔 서라운드, 돌비 애트모스, HDMI ARC 지원, 590W 출력', 'ON_SALE', CURRENT_TIMESTAMP, CURRENT_TIMESTAMP),
('SPKBESOUNDA9', 'BEOSOUND A9', 'EA', '프리미엄 무선 스피커, 구글 어시스턴트 내장, 360도 사운드, 480W 출력, Wi-Fi 및 블루투스 지원', 'ON_SALE', CURRENT_TIMESTAMP, CURRENT_TIMESTAMP),
('SPKBESOUNDA5', 'BEOSOUND A5', 'EA', '휴대용 블루투스 스피커, 180도 사운드, 24시간 배터리 수명, 240W 출력', 'ON_SALE', CURRENT_TIMESTAMP, CURRENT_TIMESTAMP),
('SPKBESOUNDBALANCE', 'BEOSOUND BALANCE', 'EA', '스마트 홈 스피커, 구글 어시스턴트 및 애플 에어플레이 2 지원, 880W 출력', 'ON_SALE', CURRENT_TIMESTAMP, CURRENT_TIMESTAMP),
('SPKBESOUNDEMERGE', 'BEOSOUND EMERGE', 'EA', '콤팩트 스마트 스피커, Wi-Fi 및 블루투스 지원, 180W 출력, 구글 어시스턴트 내장', 'ON_SALE', CURRENT_TIMESTAMP, CURRENT_TIMESTAMP),
('HDSBEPLAYEX', 'BEOPLAY EX', 'EA', '무선 이어폰, 액티브 노이즈 캔슬링(ANC), 최대 35시간 재생, IP57 방수/방진', 'ON_SALE', CURRENT_TIMESTAMP, CURRENT_TIMESTAMP),
('HDSBEPLAYHX', 'BEOPLAY HX', 'EA', '무선 헤드폰, 액티브 노이즈 캔슬링(ANC), 최대 35시간 재생, 40mm 드라이버, 가죽 이어패드', 'ON_SALE', CURRENT_TIMESTAMP, CURRENT_TIMESTAMP),
('HDSBEPLAYH95', 'BEOPLAY H95', 'EA', '프리미엄 무선 헤드폰, 액티브 노이즈 캔슬링(ANC), 최대 38시간 재생, 티타늄 드라이버', 'ON_SALE', CURRENT_TIMESTAMP, CURRENT_TIMESTAMP),
('SPKACTON3', 'ACTON 3', 'EA', '블루투스 스피커, 3.5인치 우퍼, 2개의 0.75인치 트위터, 30W 출력, 블루투스 5.0', 'ON_SALE', CURRENT_TIMESTAMP, CURRENT_TIMESTAMP),
('SPKEMBERTON2', 'EMBERTON 2', 'EA', '휴대용 블루투스 스피커, 20시간 배터리, IP67 방수/방진, 블루투스 5.0, 10W 출력', 'ON_SALE', CURRENT_TIMESTAMP, CURRENT_TIMESTAMP),
('SPKWOBURN3', 'WOBURN 3', 'EA', '대형 블루투스 스피커, 50W 출력, 듀얼 우퍼 및 트위터, RCA 입력 및 3.5mm 잭 지원', 'ON_SALE', CURRENT_TIMESTAMP, CURRENT_TIMESTAMP),
('SPKSTANMORE3', 'STANMORE 3', 'EA', '클래식 블루투스 스피커, 2개의 15W 트위터, 50W 서브우퍼, RCA 및 3.5mm 잭 지원', 'ON_SALE', CURRENT_TIMESTAMP, CURRENT_TIMESTAMP),
('HDSMONITOR2ANC', 'MONITOR 2 ANC', 'EA', '무선 헤드폰, 액티브 노이즈 캔슬링(ANC), 최대 45시간 재생, 폴딩 디자인', 'ON_SALE', CURRENT_TIMESTAMP, CURRENT_TIMESTAMP),
('HDSMAJORV', 'MAJOR V', 'EA', '블루투스 헤드폰, 최대 30시간 재생, IPX4 방수 등급, 유선 연결 가능', 'ON_SALE', CURRENT_TIMESTAMP, CURRENT_TIMESTAMP),
('SPKREVOLVEPLUS2', 'REVOLVE+ 2', 'EA', '360도 사운드 포터블 스피커, 17시간 배터리, IP55 방수/방진, 블루투스 5.1', 'ON_SALE', CURRENT_TIMESTAMP, CURRENT_TIMESTAMP),
('SPKMAXPORTABLE', 'MAX PORTABLE', 'EA', '포터블 스피커, 20시간 배터리, IP67 방수/방진, 저음 강조 기능, 블루투스 5.0', 'ON_SALE', CURRENT_TIMESTAMP, CURRENT_TIMESTAMP),
('HDSQCULTRA', 'QC ULTRA', 'EA', '무선 헤드폰, 액티브 노이즈 캔슬링(ANC), 최대 24시간 재생, 블루투스 5.1', 'ON_SALE', CURRENT_TIMESTAMP, CURRENT_TIMESTAMP),
('HDSQC45', 'QC 45', 'EA', '무선 헤드폰, 액티브 노이즈 캔슬링(ANC), 최대 24시간 재생, 블루투스 5.0', 'ON_SALE', CURRENT_TIMESTAMP, CURRENT_TIMESTAMP),
('SPK8361A', '8361AW', 'EA', '스튜디오 모니터 스피커, 트라이앰프 디자인, 10인치 우퍼, 150W 출력, 36Hz-20kHz 응답', 'ON_SALE', CURRENT_TIMESTAMP, CURRENT_TIMESTAMP),
('SPK8050B', '8050B', 'EA', '스튜디오 모니터 스피커, 8인치 우퍼, 150W 출력, 35Hz-20kHz 응답', 'ON_SALE', CURRENT_TIMESTAMP, CURRENT_TIMESTAMP);

-- m_purchase_price 테이블 데이터 삽입
INSERT INTO PURCHASE_PRICE (SUPPLIER_CODE, ITEM_CODE, PURCHASE_AMOUNT, RECEIPT_DATE, STOCK_QUANTITY) VALUES
('HK', 'SPKAURAS4BK', 289000, '2023-09-01 10:00:00', 100),
('HK', 'SPKSTICKS4BK', 399000, '2023-09-05 14:00:00', 80),
('HK', 'HADRADIANCE2400BK', 5700000, '2023-08-20 11:30:00', 20),
('HK', 'SDBCITAMB110GRAYS', 1050000, '2023-07-25 09:45:00', 30),
('BO', 'SPKBESOUNDA9', 4790000, '2023-09-10 13:00:00', 50),
('BO', 'SPKBESOUNDA5', 1690000, '2023-08-15 15:20:00', 70),
('BO', 'SPKBESOUNDBALANCE', 4290000, '2023-07-30 16:00:00', 40),
('BO', 'SPKBESOUNDEMERGE', 1250000, '2023-08-10 12:00:00', 60),
('BO', 'HDSBEPLAYEX', 459000, '2023-09-01 10:00:00', 120),
('BO', 'HDSBEPLAYHX', 759000, '2023-09-15 11:00:00', 90),
('BO', 'HDSBEPLAYH95', 1390000, '2023-08-25 09:00:00', 40),
('MS', 'SPKACTON3', 479000, '2023-08-10 13:30:00', 100),
('MS', 'SPKEMBERTON2', 289000, '2023-09-05 12:45:00', 110),
('MS', 'SPKWOBURN3', 989000, '2023-08-20 14:15:00', 70),
('MS', 'SPKSTANMORE3', 679000, '2023-09-15 15:30:00', 90),
('MS', 'HDSMONITOR2ANC', 409000, '2023-09-01 11:00:00', 100),
('MS', 'HDSMAJORV', 180000, '2023-09-20 10:30:00', 150),
('BS', 'SPKREVOLVEPLUS2', 359000, '2023-08-25 12:00:00', 100),
('BS', 'SPKMAXPORTABLE', 479000, '2023-07-30 14:00:00', 90),
('BS', 'HDSQCULTRA', 459000, '2023-09-05 13:30:00', 120),
('BS', 'HDSQC45', 319000, '2023-09-10 14:30:00', 110),
('GR', 'SPK8361A', 9800000, '2023-08-15 09:45:00', 10),
('GR', 'SPK8050B', 3590000, '2023-09-05 10:00:00', 30);

-- m_customer 테이블 데이터 삽입
INSERT INTO CUSTOMER (CUSTOMER_CODE, CUSTOMER_NAME, MANAGER, CUSTOMER_ADDRESS, CUSTOMER_PHONE, CUSTOMER_EMAIL, CUSTOMER_STATUS, CREATED_AT, MODIFIED_AT) VALUES
('HM', '하이마트', '서준호', '서울특별시 강남구 테헤란로 12', '02-3012-4567', 'sejun.ho@himart.co.kr', 'ACTIVE', CURRENT_TIMESTAMP, CURRENT_TIMESTAMP),
('EM', '일렉트로마트', '이서연', '서울특별시 송파구 올림픽로 25', '02-5112-3421', 'seoyeon.lee@electromart.co.kr', 'ACTIVE', CURRENT_TIMESTAMP, CURRENT_TIMESTAMP),
('BS', '비케이사운드', '김지후', '서울특별시 마포구 상암동 45', '02-6789-1234', 'jihu.kim@bksound.co.kr', 'ACTIVE', CURRENT_TIMESTAMP, CURRENT_TIMESTAMP),
('MS', '몬스터사운드', '정하윤', '서울특별시 서초구 사임당로 23', '02-7812-2345', 'hayun.jung@monstersound.co.kr', 'ACTIVE', CURRENT_TIMESTAMP, CURRENT_TIMESTAMP),
('SS', '소리샵', '최민서', '서울특별시 용산구 한강대로 88', '02-9321-8765', 'minseo.choi@sorishop.co.kr', 'ACTIVE', CURRENT_TIMESTAMP, CURRENT_TIMESTAMP);

-- m_sales_price 테이블 데이터 삽입
INSERT INTO SALES_PRICE (ITEM_CODE, CUSTOMER_CODE, SALES_AMOUNT, START_DATE, END_DATE) VALUES
('SPKAURAS4BK', 'HM', 339000, '2023-09-01', '9999-12-31'),
('SPKAURAS4BK', 'EM', 329000, '2023-09-01', '9999-12-31'),
('SPKSTICKS4BK', 'HM', 459000, '2023-09-01', '9999-12-31'),
('SPKSTICKS4BK', 'BS', 449000, '2023-09-01', '9999-12-31'),
('HADRADIANCE2400BK', 'SS', 6190000, '2023-09-01', '9999-12-31'),
('HADRADIANCE2400BK', 'EM', 6090000, '2023-09-01', '9999-12-31'),
('SDBCITAMB110GRAYS', 'MS', 1150000, '2023-09-01', '9999-12-31'),
('SDBCITAMB110GRAYS', 'HM', 1199000, '2023-09-01', '9999-12-31'),
('SPKBESOUNDA9', 'SS', 5399000, '2023-09-01', '9999-12-31'),
('SPKBESOUNDA9', 'EM', 5299000, '2023-09-01', '9999-12-31'),
('SPKBESOUNDA5', 'BS', 1899000, '2023-09-01', '9999-12-31'),
('SPKBESOUNDA5', 'HM', 1799000, '2023-09-01', '9999-12-31'),
('SPKBESOUNDBALANCE', 'MS', 4799000, '2023-09-01', '9999-12-31'),
('SPKBESOUNDBALANCE', 'SS', 4699000, '2023-09-01', '9999-12-31'),
('SPKBESOUNDEMERGE', 'BS', 1299000, '2023-09-01', '9999-12-31'),
('SPKBESOUNDEMERGE', 'EM', 1279000, '2023-09-01', '9999-12-31'),
('HDSBEPLAYEX', 'HM', 509000, '2023-09-01', '9999-12-31'),
('HDSBEPLAYEX', 'MS', 499000, '2023-09-01', '9999-12-31'),
('HDSBEPLAYHX', 'EM', 819000, '2023-09-01', '9999-12-31'),
('HDSBEPLAYHX', 'SS', 809000, '2023-09-01', '9999-12-31'),
('SPKWOBURN3', 'MS', 1115000, '2023-09-01', '9999-12-31'),
('SPKWOBURN3', 'HM', 1065000, '2023-09-01', '9999-12-31'),
('SPKSTANMORE3', 'BS', 759000, '2023-09-01', '9999-12-31');


-- t_member 테이블 데이터 삽입
INSERT INTO MEMBER (MEMBER_ID, MEMBER_NAME, PASSWORD, POSITION, DEPARTMENT, MEMBER_STATUS) VALUES
('SLS001', '은하늘', '{bcrypt}$2b$12$xj.fPghO59mXgqQHQ91WSOC2VIcNSYlx1C/aJDTbUcXEjDzWkRdJW', '팀장', '영업4팀', 'ACTIVE'),
('SLS002', '박원일', '{bcrypt}$2b$12$FXzdhsipwWq7SH1shJgIXuBLF2x8HrkKAHiVtBExejgwsJBp5TcFW', '사원', '영업4팀', 'ACTIVE'),
('SLS003', '고경범', '{bcrypt}$2b$12$rtb5g6wdJfJ64My3BdwXsecJRTVJIvEPRINgPZb2vEM.s/tN4gkbm', '사원', '영업4팀', 'ACTIVE'),
('SLS004', '황해진', '{bcrypt}$2b$12$r6jVgPJ8nF8PjsCe.cOpIeMI5rDem.dFtboS0elja1Lkph6qASEL2', '사원', '영업4팀', 'ACTIVE'),
('SLS005', '옥성민', '{bcrypt}$2b$12$PHIB4XXYHRFSc/ge05/VVOTZge.mx0yp6XBoYcEuUXopQQrtpEsSS', '사원', '영업4팀', 'ACTIVE');

-- t_member_permissions 테이블 데이터 삽입
INSERT INTO MEMBER_PERMISSIONS (MEMBER_MEMBER_ID, PERMISSIONS) VALUES
('SLS001', 'TL'),
('SLS001', 'TM'),
('SLS002', 'TM'),
('SLS003', 'TM'),
('SLS004', 'TM'),
('SLS005', 'TM');

INSERT INTO ORDER_HEADER (ORDER_HEADER_ID, CUSTOMER_CODE, MEMBER_ID, ORDER_DATE, ACCEPT_DATE, ORDER_HEADER_STATUS) VALUES
(1, 'HM', 'SLS001', '2023-09-01', '2023-09-02', 'ACCEPT'),
(2, 'EM', 'SLS002', '2023-09-01', '2023-09-02', 'ACCEPT'),
(3, 'BS', 'SLS003', '2023-09-02', '2023-09-03', 'ACCEPT'),
(4, 'MS', 'SLS004', '2023-09-02', '2023-09-03', 'ACCEPT'),
(5, 'SS', 'SLS005', '2023-09-03', '2023-09-04', 'ACCEPT'),
(6, 'HM', 'SLS001', '2023-09-03', '2023-09-04', 'ACCEPT'),
(7, 'EM', 'SLS002', '2023-09-04', '2023-09-05', 'ACCEPT'),
(8, 'BS', 'SLS003', '2023-09-04', '2023-09-05', 'ACCEPT'),
(9, 'MS', 'SLS004', '2023-09-05', '2023-09-06', 'ACCEPT'),
(10, 'SS', 'SLS005', '2023-09-05', '2023-09-06', 'ACCEPT'),
(11, 'HM', 'SLS001', '2023-09-06', '2023-09-07', 'ACCEPT'),
(12, 'EM', 'SLS002', '2023-09-06', '2023-09-07', 'ACCEPT'),
(13, 'BS', 'SLS003', '2023-09-07', '2023-09-08', 'ACCEPT'),
(14, 'MS', 'SLS004', '2023-09-07', '2023-09-08', 'ACCEPT'),
(15, 'SS', 'SLS005', '2023-09-08', '2023-09-09', 'ACCEPT'),
(16, 'HM', 'SLS001', '2023-09-08', '2023-09-09', 'ACCEPT'),
(17, 'EM', 'SLS002', '2023-09-09', '2023-09-10', 'ACCEPT'),
(18, 'BS', 'SLS003', '2023-09-09', '2023-09-10', 'ACCEPT'),
(19, 'MS', 'SLS004', '2023-09-10', '2023-09-11', 'ACCEPT'),
(20, 'SS', 'SLS005', '2023-09-10', '2023-09-11', 'ACCEPT'),
(21, 'HM', 'SLS001', '2023-09-11', '2023-09-12', 'ACCEPT'),
(22, 'EM', 'SLS002', '2023-09-11', '2023-09-12', 'ACCEPT'),
(23, 'BS', 'SLS003', '2023-09-12', '2023-09-13', 'ACCEPT'),
(24, 'MS', 'SLS004', '2023-09-12', '2023-09-13', 'ACCEPT'),
(25, 'SS', 'SLS005', '2023-09-13', '2023-09-14', 'ACCEPT'),
(26, 'HM', 'SLS001', '2023-09-13', '2023-09-14', 'ACCEPT'),
(27, 'EM', 'SLS002', '2023-09-14', '2023-09-15', 'ACCEPT'),
(28, 'BS', 'SLS003', '2023-09-14', '2023-09-15', 'ACCEPT'),
(29, 'MS', 'SLS004', '2023-09-15', '2023-09-16', 'ACCEPT'),
(30, 'SS', 'SLS005', '2023-09-15', '2023-09-16', 'ACCEPT'),
(31, 'HM', 'SLS001', '2023-09-16', '2023-09-17', 'ACCEPT'),
(32, 'EM', 'SLS002', '2023-09-16', '2023-09-17', 'ACCEPT'),
(33, 'BS', 'SLS003', '2023-09-17', '2023-09-18', 'ACCEPT'),
(34, 'MS', 'SLS004', '2023-09-17', '2023-09-18', 'ACCEPT'),
(35, 'SS', 'SLS005', '2023-09-18', '2023-09-19', 'ACCEPT'),
(36, 'HM', 'SLS001', '2023-09-18', '2023-09-19', 'ACCEPT'),
(37, 'EM', 'SLS002', '2023-09-19', '2023-09-20', 'ACCEPT'),
(38, 'BS', 'SLS003', '2023-09-19', '2023-09-20', 'ACCEPT'),
(39, 'MS', 'SLS004', '2023-09-20', '2023-09-21', 'ACCEPT'),
(40, 'SS', 'SLS005', '2023-09-20', '2023-09-21', 'ACCEPT'),
(41, 'HM', 'SLS001', '2023-09-21', '2023-09-22', 'ACCEPT'),
(42, 'EM', 'SLS002', '2023-09-21', '2023-09-22', 'ACCEPT'),
(43, 'BS', 'SLS003', '2023-09-22', '2023-09-23', 'ACCEPT'),
(44, 'MS', 'SLS004', '2023-09-22', '2023-09-23', 'ACCEPT'),
(45, 'SS', 'SLS005', '2023-09-23', '2023-09-24', 'ACCEPT'),
(46, 'HM', 'SLS001', '2023-09-23', '2023-09-24', 'ACCEPT'),
(47, 'EM', 'SLS002', '2023-09-24', '2023-09-25', 'ACCEPT'),
(48, 'BS', 'SLS003', '2023-09-24', '2023-09-25', 'ACCEPT'),
(49, 'MS', 'SLS004', '2023-09-25', '2023-09-26', 'ACCEPT'),
(50, 'SS', 'SLS005', '2023-09-25', '2023-09-26', 'ACCEPT'),
(51, 'HM', 'SLS001', '2023-09-26', '2023-09-27', 'ACCEPT'),
(52, 'EM', 'SLS002', '2023-09-26', '2023-09-27', 'ACCEPT'),
(53, 'BS', 'SLS003', '2023-09-27', '2023-09-28', 'ACCEPT'),
(54, 'MS', 'SLS004', '2023-09-27', '2023-09-28', 'ACCEPT'),
(55, 'SS', 'SLS005', '2023-09-28', '2023-09-29', 'ACCEPT'),
(56, 'HM', 'SLS001', '2023-09-28', '2023-09-29', 'ACCEPT'),
(57, 'EM', 'SLS002', '2023-09-29', '2023-09-30', 'ACCEPT'),
(58, 'BS', 'SLS003', '2023-09-29', '2023-09-30', 'ACCEPT'),
(59, 'MS', 'SLS004', '2023-09-30', '2023-10-01', 'ACCEPT'),
(60, 'SS', 'SLS005', '2023-09-30', '2023-10-01', 'ACCEPT'),
(61, 'HM', 'SLS001', '2023-10-01', '2023-10-02', 'ACCEPT'),
(62, 'EM', 'SLS002', '2023-10-01', '2023-10-02', 'ACCEPT'),
(63, 'BS', 'SLS003', '2023-10-02', '2023-10-03', 'ACCEPT'),
(64, 'MS', 'SLS004', '2023-10-02', '2023-10-03', 'ACCEPT'),
(65, 'SS', 'SLS005', '2023-10-03', '2023-10-04', 'ACCEPT'),
(66, 'HM', 'SLS001', '2023-10-03', '2023-10-04', 'ACCEPT'),
(67, 'EM', 'SLS002', '2023-10-04', '2023-10-05', 'ACCEPT'),
(68, 'BS', 'SLS003', '2023-10-04', '2023-10-05', 'ACCEPT'),
(69, 'MS', 'SLS004', '2023-10-05', '2023-10-06', 'ACCEPT'),
(70, 'SS', 'SLS005', '2023-10-05', '2023-10-06', 'ACCEPT'),
(71, 'HM', 'SLS001', '2023-10-06', '2023-10-07', 'ACCEPT'),
(72, 'EM', 'SLS002', '2023-10-06', '2023-10-07', 'ACCEPT'),
(73, 'BS', 'SLS003', '2023-10-07', '2023-10-08', 'ACCEPT'),
(74, 'MS', 'SLS004', '2023-10-07', '2023-10-08', 'ACCEPT'),
(75, 'SS', 'SLS005', '2023-10-08', '2023-10-09', 'ACCEPT'),
(76, 'HM', 'SLS001', '2023-10-08', '2023-10-09', 'ACCEPT'),
(77, 'EM', 'SLS002', '2023-10-09', '2023-10-10', 'ACCEPT'),
(78, 'BS', 'SLS003', '2023-10-09', '2023-10-10', 'ACCEPT'),
(79, 'MS', 'SLS004', '2023-10-10', '2023-10-11', 'ACCEPT'),
(80, 'SS', 'SLS005', '2023-10-10', '2023-10-11', 'ACCEPT'),
(81, 'HM', 'SLS001', '2023-10-11', '2023-10-12', 'ACCEPT'),
(82, 'EM', 'SLS002', '2023-10-11', '2023-10-12', 'ACCEPT'),
(83, 'BS', 'SLS003', '2023-10-12', '2023-10-13', 'ACCEPT'),
(84, 'MS', 'SLS004', '2023-10-12', '2023-10-13', 'ACCEPT'),
(85, 'SS', 'SLS005', '2023-10-13', '2023-10-14', 'ACCEPT'),
(86, 'HM', 'SLS001', '2023-10-13', '2023-10-14', 'ACCEPT'),
(87, 'EM', 'SLS002', '2023-10-14', '2023-10-15', 'ACCEPT'),
(88, 'BS', 'SLS003', '2023-10-14', '2023-10-15', 'ACCEPT'),
(89, 'MS', 'SLS004', '2023-10-15', '2023-10-16', 'ACCEPT'),
(90, 'SS', 'SLS005', '2023-10-15', '2023-10-16', 'ACCEPT'),
(91, 'HM', 'SLS001', '2023-10-16', '2023-10-17', 'ACCEPT'),
(92, 'EM', 'SLS002', '2023-10-16', '2023-10-17', 'ACCEPT'),
(93, 'BS', 'SLS003', '2023-10-17', '2023-10-18', 'ACCEPT'),
(94, 'MS', 'SLS004', '2023-10-17', '2023-10-18', 'ACCEPT'),
(95, 'SS', 'SLS005', '2023-10-18', '2023-10-19', 'ACCEPT'),
(96, 'HM', 'SLS001', '2023-10-18', '2023-10-19', 'ACCEPT'),
(97, 'EM', 'SLS002', '2023-10-19', '2023-10-20', 'ACCEPT'),
(98, 'BS', 'SLS003', '2023-10-19', '2023-10-20', 'ACCEPT'),
(99, 'MS', 'SLS004', '2023-10-20', '2023-10-21', 'ACCEPT'),
(100, 'SS', 'SLS005', '2023-10-20', '2023-10-21', 'ACCEPT'),
(101, 'HM', 'SLS001', '2023-10-21', '2023-10-22', 'ACCEPT'),
(102, 'EM', 'SLS002', '2023-10-21', '2023-10-22', 'ACCEPT'),
(103, 'BS', 'SLS003', '2023-10-22', '2023-10-23', 'ACCEPT'),
(104, 'MS', 'SLS004', '2023-10-22', '2023-10-23', 'ACCEPT'),
(105, 'SS', 'SLS005', '2023-10-23', '2023-10-24', 'ACCEPT'),
(106, 'HM', 'SLS001', '2023-10-23', '2023-10-24', 'ACCEPT'),
(107, 'EM', 'SLS002', '2023-10-24', '2023-10-25', 'ACCEPT'),
(108, 'BS', 'SLS003', '2023-10-24', '2023-10-25', 'ACCEPT'),
(109, 'MS', 'SLS004', '2023-10-25', '2023-10-26', 'ACCEPT'),
(110, 'SS', 'SLS005', '2023-10-25', '2023-10-26', 'ACCEPT'),
(111, 'HM', 'SLS001', '2023-10-26', '2023-10-27', 'ACCEPT'),
(112, 'EM', 'SLS002', '2023-10-26', '2023-10-27', 'ACCEPT'),
(113, 'BS', 'SLS003', '2023-10-27', '2023-10-28', 'ACCEPT'),
(114, 'MS', 'SLS004', '2023-10-27', '2023-10-28', 'ACCEPT'),
(115, 'SS', 'SLS005', '2023-10-28', '2023-10-29', 'ACCEPT'),
(116, 'HM', 'SLS001', '2023-10-28', '2023-10-29', 'ACCEPT'),
(117, 'EM', 'SLS002', '2023-10-29', '2023-10-30', 'ACCEPT'),
(118, 'BS', 'SLS003', '2023-10-29', '2023-10-30', 'ACCEPT'),
(119, 'MS', 'SLS004', '2023-10-30', '2023-10-31', 'ACCEPT'),
(120, 'SS', 'SLS005', '2023-10-30', '2023-10-31', 'ACCEPT'),
(121, 'HM', 'SLS001', '2023-10-31', '2023-11-01', 'ACCEPT'),
(122, 'EM', 'SLS002', '2023-10-31', '2023-11-01', 'ACCEPT'),
(123, 'BS', 'SLS003', '2023-11-01', '2023-11-02', 'ACCEPT'),
(124, 'MS', 'SLS004', '2023-11-01', '2023-11-02', 'ACCEPT'),
(125, 'SS', 'SLS005', '2023-11-02', '2023-11-03', 'ACCEPT'),
(126, 'HM', 'SLS001', '2023-11-02', '2023-11-03', 'ACCEPT'),
(127, 'EM', 'SLS002', '2023-11-03', '2023-11-04', 'ACCEPT'),
(128, 'BS', 'SLS003', '2023-11-03', '2023-11-04', 'ACCEPT'),
(129, 'MS', 'SLS004', '2023-11-04', '2023-11-05', 'ACCEPT'),
(130, 'SS', 'SLS005', '2023-11-04', '2023-11-05', 'ACCEPT'),
(131, 'HM', 'SLS001', '2023-11-05', '2023-11-06', 'ACCEPT'),
(132, 'EM', 'SLS002', '2023-11-05', '2023-11-06', 'ACCEPT'),
(133, 'BS', 'SLS003', '2023-11-06', '2023-11-07', 'ACCEPT'),
(134, 'MS', 'SLS004', '2023-11-06', '2023-11-07', 'ACCEPT'),
(135, 'SS', 'SLS005', '2023-11-07', '2023-11-08', 'ACCEPT'),
(136, 'HM', 'SLS001', '2023-11-07', '2023-11-08', 'ACCEPT'),
(137, 'EM', 'SLS002', '2023-11-08', '2023-11-09', 'ACCEPT'),
(138, 'BS', 'SLS003', '2023-11-08', '2023-11-09', 'ACCEPT'),
(139, 'MS', 'SLS004', '2023-11-09', '2023-11-10', 'ACCEPT'),
(140, 'SS', 'SLS005', '2023-11-09', '2023-11-10', 'ACCEPT'),
(141, 'HM', 'SLS001', '2023-11-10', '2023-11-11', 'ACCEPT'),
(142, 'EM', 'SLS002', '2023-11-10', '2023-11-11', 'ACCEPT'),
(143, 'BS', 'SLS003', '2023-11-11', '2023-11-12', 'ACCEPT'),
(144, 'MS', 'SLS004', '2023-11-11', '2023-11-12', 'ACCEPT'),
(145, 'SS', 'SLS005', '2023-11-12', '2023-11-13', 'ACCEPT'),
(146, 'HM', 'SLS001', '2023-11-12', '2023-11-13', 'ACCEPT'),
(147, 'EM', 'SLS002', '2023-11-13', '2023-11-14', 'ACCEPT'),
(148, 'BS', 'SLS003', '2023-11-13', '2023-11-14', 'ACCEPT'),
(149, 'MS', 'SLS004', '2023-11-14', '2023-11-15', 'ACCEPT'),
(150, 'SS', 'SLS005', '2023-11-14', '2023-11-15', 'ACCEPT'),
(151, 'HM', 'SLS001', '2023-11-15', '2023-11-16', 'ACCEPT'),
(152, 'EM', 'SLS002', '2023-11-15', '2023-11-16', 'ACCEPT'),
(153, 'BS', 'SLS003', '2023-11-16', '2023-11-17', 'ACCEPT'),
(154, 'MS', 'SLS004', '2023-11-16', '2023-11-17', 'ACCEPT'),
(155, 'SS', 'SLS005', '2023-11-17', '2023-11-18', 'ACCEPT'),
(156, 'HM', 'SLS001', '2023-11-17', '2023-11-18', 'ACCEPT'),
(157, 'EM', 'SLS002', '2023-11-18', '2023-11-19', 'ACCEPT'),
(158, 'BS', 'SLS003', '2023-11-18', '2023-11-19', 'ACCEPT'),
(159, 'MS', 'SLS004', '2023-11-19', '2023-11-20', 'ACCEPT'),
(160, 'SS', 'SLS005', '2023-11-19', '2023-11-20', 'ACCEPT'),
(161, 'HM', 'SLS001', '2023-11-20', '2023-11-21', 'ACCEPT'),
(162, 'EM', 'SLS002', '2023-11-20', '2023-11-21', 'ACCEPT'),
(163, 'BS', 'SLS003', '2023-11-21', '2023-11-22', 'ACCEPT'),
(164, 'MS', 'SLS004', '2023-11-21', '2023-11-22', 'ACCEPT'),
(165, 'SS', 'SLS005', '2023-11-22', '2023-11-23', 'ACCEPT'),
(166, 'HM', 'SLS001', '2023-11-22', '2023-11-23', 'ACCEPT'),
(167, 'EM', 'SLS002', '2023-11-23', '2023-11-24', 'ACCEPT'),
(168, 'BS', 'SLS003', '2023-11-23', '2023-11-24', 'ACCEPT'),
(169, 'MS', 'SLS004', '2023-11-24', '2023-11-25', 'ACCEPT'),
(170, 'SS', 'SLS005', '2023-11-24', '2023-11-25', 'ACCEPT'),
(171, 'HM', 'SLS001', '2023-11-25', '2023-11-26', 'ACCEPT'),
(172, 'EM', 'SLS002', '2023-11-25', '2023-11-26', 'ACCEPT'),
(173, 'BS', 'SLS003', '2023-11-26', '2023-11-27', 'ACCEPT'),
(174, 'MS', 'SLS004', '2023-11-26', '2023-11-27', 'ACCEPT'),
(175, 'SS', 'SLS005', '2023-11-27', '2023-11-28', 'ACCEPT'),
(176, 'HM', 'SLS001', '2023-11-27', '2023-11-28', 'ACCEPT'),
(177, 'EM', 'SLS002', '2023-11-28', '2023-11-29', 'ACCEPT'),
(178, 'BS', 'SLS003', '2023-11-28', '2023-11-29', 'ACCEPT'),
(179, 'MS', 'SLS004', '2023-11-29', '2023-11-30', 'ACCEPT'),
(180, 'SS', 'SLS005', '2023-11-29', '2023-11-30', 'ACCEPT'),
(181, 'HM', 'SLS001', '2023-11-30', '2023-12-01', 'ACCEPT'),
(182, 'EM', 'SLS002', '2023-11-30', '2023-12-01', 'ACCEPT'),
(183, 'BS', 'SLS003', '2023-12-01', '2023-12-02', 'ACCEPT'),
(184, 'MS', 'SLS004', '2023-12-01', '2023-12-02', 'ACCEPT');

INSERT INTO ORDER_ITEM (ORDER_ITEM_ID, ORDER_HEADER_ID, ITEM_CODE, ORDER_ITEM_QUANTITY, PURCHASE_AMOUNT, SALES_AMOUNT, MARGIN_RATE, MARGIN_AMOUNT, FINAL_AMOUNT, REQUEST_DATE) VALUES
(1, 1, 'SPKAURAS4BK', 2, 289000, 339000, 10, 28900, 678000, '2023-09-01'),
(2, 1, 'SPKBESOUNDA9', 3, 4790000, 5399000, 12, 574800, 16197000, '2023-09-01'),
(3, 2, 'SPKACTON3', 2, 479000, 589000, 15, 71850, 1178000, '2023-09-01'),
(4, 2, 'SPKSTICKS4BK', 3, 399000, 459000, 12, 47880, 1377000, '2023-09-01'),
(5, 3, 'HADRADIANCE2400BK', 2, 5700000, 6290000, 12, 684000, 12580000, '2023-09-02'),
(6, 3, 'SPKWOBURN3', 3, 989000, 1115000, 15, 148350, 3345000, '2023-09-02'),
(7, 4, 'SPKSTANMORE3', 2, 679000, 759000, 13, 88270, 1518000, '2023-09-02'),
(8, 4, 'HDSQCULTRA', 3, 459000, 499000, 9, 41310, 1497000, '2023-09-02'),
(9, 5, 'HDSBEPLAYEX', 2, 459000, 509000, 10, 45900, 1018000, '2023-09-03'),
(10, 5, 'SPKBESOUNDBALANCE', 3, 4290000, 4699000, 11, 471900, 14097000, '2023-09-03'),
(11, 6, 'SPKAURAS4BK', 2, 289000, 339000, 10, 28900, 678000, '2023-09-03'),
(12, 6, 'SPKBESOUNDA9', 3, 4790000, 5399000, 12, 574800, 16197000, '2023-09-03'),
(13, 7, 'SPKACTON3', 2, 479000, 589000, 15, 71850, 1178000, '2023-09-04'),
(14, 7, 'SPKSTICKS4BK', 3, 399000, 459000, 12, 47880, 1377000, '2023-09-04'),
(15, 8, 'HADRADIANCE2400BK', 2, 5700000, 6290000, 12, 684000, 12580000, '2023-09-04'),
(16, 8, 'SPKWOBURN3', 3, 989000, 1115000, 15, 148350, 3345000, '2023-09-04'),
(17, 9, 'SPKSTANMORE3', 2, 679000, 759000, 13, 88270, 1518000, '2023-09-05'),
(18, 9, 'HDSQCULTRA', 3, 459000, 499000, 9, 41310, 1497000, '2023-09-05'),
(19, 10, 'HDSBEPLAYEX', 2, 459000, 509000, 10, 45900, 1018000, '2023-09-05'),
(20, 10, 'SPKBESOUNDBALANCE', 3, 4290000, 4699000, 11, 471900, 14097000, '2023-09-05'),
(21, 11, 'SPKAURAS4BK', 2, 289000, 339000, 10, 28900, 678000, '2023-09-06'),
(22, 11, 'SPKBESOUNDA9', 3, 4790000, 5399000, 12, 574800, 16197000, '2023-09-06'),
(23, 12, 'SPKACTON3', 2, 479000, 589000, 15, 71850, 1178000, '2023-09-06'),
(24, 12, 'SPKSTICKS4BK', 3, 399000, 459000, 12, 47880, 1377000, '2023-09-06'),
(25, 13, 'HADRADIANCE2400BK', 2, 5700000, 6290000, 12, 684000, 12580000, '2023-09-07'),
(26, 13, 'SPKWOBURN3', 3, 989000, 1115000, 15, 148350, 3345000, '2023-09-07'),
(27, 14, 'SPKSTANMORE3', 2, 679000, 759000, 13, 88270, 1518000, '2023-09-07'),
(28, 14, 'HDSQCULTRA', 3, 459000, 499000, 9, 41310, 1497000, '2023-09-07'),
(29, 15, 'HDSBEPLAYEX', 2, 459000, 509000, 10, 45900, 1018000, '2023-09-08'),
(30, 15, 'SPKBESOUNDBALANCE', 3, 4290000, 4699000, 11, 471900, 14097000, '2023-09-08'),
(31, 16, 'SPKAURAS4BK', 2, 289000, 339000, 10, 28900, 678000, '2023-09-08'),
(32, 16, 'SPKBESOUNDA9', 3, 4790000, 5399000, 12, 574800, 16197000, '2023-09-08'),
(33, 17, 'SPKACTON3', 2, 479000, 589000, 15, 71850, 1178000, '2023-09-09'),
(34, 17, 'SPKSTICKS4BK', 3, 399000, 459000, 12, 47880, 1377000, '2023-09-09'),
(35, 18, 'HADRADIANCE2400BK', 2, 5700000, 6290000, 12, 684000, 12580000, '2023-09-09'),
(36, 18, 'SPKWOBURN3', 3, 989000, 1115000, 15, 148350, 3345000, '2023-09-09'),
(37, 19, 'SPKSTANMORE3', 2, 679000, 759000, 13, 88270, 1518000, '2023-09-10'),
(38, 19, 'HDSQCULTRA', 3, 459000, 499000, 9, 41310, 1497000, '2023-09-10'),
(39, 20, 'HDSBEPLAYEX', 2, 459000, 509000, 10, 45900, 1018000, '2023-09-10'),
(40, 20, 'SPKBESOUNDBALANCE', 3, 4290000, 4699000, 11, 471900, 14097000, '2023-09-10'),
(41, 21, 'SPKAURAS4BK', 2, 289000, 339000, 10, 28900, 678000, '2023-09-11'),
(42, 21, 'SPKBESOUNDA9', 3, 4790000, 5399000, 12, 574800, 16197000, '2023-09-11'),
(43, 22, 'SPKACTON3', 2, 479000, 589000, 15, 71850, 1178000, '2023-09-11'),
(44, 22, 'SPKSTICKS4BK', 3, 399000, 459000, 12, 47880, 1377000, '2023-09-11'),
(45, 23, 'HADRADIANCE2400BK', 2, 5700000, 6290000, 12, 684000, 12580000, '2023-09-12'),
(46, 23, 'SPKWOBURN3', 3, 989000, 1115000, 15, 148350, 3345000, '2023-09-12'),
(47, 24, 'SPKSTANMORE3', 2, 679000, 759000, 13, 88270, 1518000, '2023-09-12'),
(48, 24, 'HDSQCULTRA', 3, 459000, 499000, 9, 41310, 1497000, '2023-09-12'),
(49, 25, 'HDSBEPLAYEX', 2, 459000, 509000, 10, 45900, 1018000, '2023-09-13'),
(50, 25, 'SPKBESOUNDBALANCE', 3, 4290000, 4699000, 11, 471900, 14097000, '2023-09-13'),
(51, 26, 'SPKAURAS4BK', 2, 289000, 339000, 10, 28900, 678000, '2023-09-13'),
(52, 26, 'SPKBESOUNDA9', 3, 4790000, 5399000, 12, 574800, 16197000, '2023-09-13'),
(53, 27, 'SPKACTON3', 2, 479000, 589000, 15, 71850, 1178000, '2023-09-14'),
(54, 27, 'SPKSTICKS4BK', 3, 399000, 459000, 12, 47880, 1377000, '2023-09-14'),
(55, 28, 'HADRADIANCE2400BK', 2, 5700000, 6290000, 12, 684000, 12580000, '2023-09-14'),
(56, 28, 'SPKWOBURN3', 3, 989000, 1115000, 15, 148350, 3345000, '2023-09-14'),
(57, 29, 'SPKSTANMORE3', 2, 679000, 759000, 13, 88270, 1518000, '2023-09-15'),
(58, 29, 'HDSQCULTRA', 3, 459000, 499000, 9, 41310, 1497000, '2023-09-15'),
(59, 30, 'HDSBEPLAYEX', 2, 459000, 509000, 10, 45900, 1018000, '2023-09-15'),
(60, 30, 'SPKBESOUNDBALANCE', 3, 4290000, 4699000, 11, 471900, 14097000, '2023-09-15'),
(61, 31, 'SPKAURAS4BK', 2, 289000, 339000, 10, 28900, 678000, '2023-09-16'),
(62, 31, 'SPKBESOUNDA9', 3, 4790000, 5399000, 12, 574800, 16197000, '2023-09-16'),
(63, 32, 'SPKACTON3', 2, 479000, 589000, 15, 71850, 1178000, '2023-09-16'),
(64, 32, 'SPKSTICKS4BK', 3, 399000, 459000, 12, 47880, 1377000, '2023-09-16'),
(65, 33, 'HADRADIANCE2400BK', 2, 5700000, 6290000, 12, 684000, 12580000, '2023-09-17'),
(66, 33, 'SPKWOBURN3', 3, 989000, 1115000, 15, 148350, 3345000, '2023-09-17'),
(67, 34, 'SPKSTANMORE3', 2, 679000, 759000, 13, 88270, 1518000, '2023-09-17'),
(68, 34, 'HDSQCULTRA', 3, 459000, 499000, 9, 41310, 1497000, '2023-09-17'),
(69, 35, 'HDSBEPLAYEX', 2, 459000, 509000, 10, 45900, 1018000, '2023-09-18'),
(70, 35, 'SPKBESOUNDBALANCE', 3, 4290000, 4699000, 11, 471900, 14097000, '2023-09-18'),
(71, 36, 'SPKAURAS4BK', 2, 289000, 339000, 10, 28900, 678000, '2023-09-18'),
(72, 36, 'SPKBESOUNDA9', 3, 4790000, 5399000, 12, 574800, 16197000, '2023-09-18'),
(73, 37, 'SPKACTON3', 2, 479000, 589000, 15, 71850, 1178000, '2023-09-19'),
(74, 37, 'SPKSTICKS4BK', 3, 399000, 459000, 12, 47880, 1377000, '2023-09-19'),
(75, 38, 'HADRADIANCE2400BK', 2, 5700000, 6290000, 12, 684000, 12580000, '2023-09-19'),
(76, 38, 'SPKWOBURN3', 3, 989000, 1115000, 15, 148350, 3345000, '2023-09-19'),
(77, 39, 'SPKSTANMORE3', 2, 679000, 759000, 13, 88270, 1518000, '2023-09-20'),
(78, 39, 'HDSQCULTRA', 3, 459000, 499000, 9, 41310, 1497000, '2023-09-20'),
(79, 40, 'HDSBEPLAYEX', 2, 459000, 509000, 10, 45900, 1018000, '2023-09-20'),
(80, 40, 'SPKBESOUNDBALANCE', 3, 4290000, 4699000, 11, 471900, 14097000, '2023-09-20'),
(81, 41, 'SPKAURAS4BK', 2, 289000, 339000, 10, 28900, 678000, '2023-09-21'),
(82, 41, 'SPKBESOUNDA9', 3, 4790000, 5399000, 12, 574800, 16197000, '2023-09-21'),
(83, 42, 'SPKACTON3', 2, 479000, 589000, 15, 71850, 1178000, '2023-09-21'),
(84, 42, 'SPKSTICKS4BK', 3, 399000, 459000, 12, 47880, 1377000, '2023-09-21'),
(85, 43, 'HADRADIANCE2400BK', 2, 5700000, 6290000, 12, 684000, 12580000, '2023-09-22'),
(86, 43, 'SPKWOBURN3', 3, 989000, 1115000, 15, 148350, 3345000, '2023-09-22'),
(87, 44, 'SPKSTANMORE3', 2, 679000, 759000, 13, 88270, 1518000, '2023-09-22'),
(88, 44, 'HDSQCULTRA', 3, 459000, 499000, 9, 41310, 1497000, '2023-09-22'),
(89, 45, 'HDSBEPLAYEX', 2, 459000, 509000, 10, 45900, 1018000, '2023-09-23'),
(90, 45, 'SPKBESOUNDBALANCE', 3, 4290000, 4699000, 11, 471900, 14097000, '2023-09-23'),
(91, 46, 'SPKAURAS4BK', 2, 289000, 339000, 10, 28900, 678000, '2023-09-23'),
(92, 46, 'SPKBESOUNDA9', 3, 4790000, 5399000, 12, 574800, 16197000, '2023-09-23'),
(93, 47, 'SPKACTON3', 2, 479000, 589000, 15, 71850, 1178000, '2023-09-24'),
(94, 47, 'SPKSTICKS4BK', 3, 399000, 459000, 12, 47880, 1377000, '2023-09-24'),
(95, 48, 'HADRADIANCE2400BK', 2, 5700000, 6290000, 12, 684000, 12580000, '2023-09-24'),
(96, 48, 'SPKWOBURN3', 3, 989000, 1115000, 15, 148350, 3345000, '2023-09-24'),
(97, 49, 'SPKSTANMORE3', 2, 679000, 759000, 13, 88270, 1518000, '2023-09-25'),
(98, 49, 'HDSQCULTRA', 3, 459000, 499000, 9, 41310, 1497000, '2023-09-25'),
(99, 50, 'HDSBEPLAYEX', 2, 459000, 509000, 10, 45900, 1018000, '2023-09-25'),
(100, 50, 'SPKBESOUNDBALANCE', 3, 4290000, 4699000, 11, 471900, 14097000, '2023-09-25'),
(101, 51, 'SPKAURAS4BK', 2, 289000, 339000, 10, 28900, 678000, '2023-09-26'),
(102, 51, 'SPKBESOUNDA9', 3, 4790000, 5399000, 12, 574800, 16197000, '2023-09-26'),
(103, 52, 'SPKACTON3', 2, 479000, 589000, 15, 71850, 1178000, '2023-09-26'),
(104, 52, 'SPKSTICKS4BK', 3, 399000, 459000, 12, 47880, 1377000, '2023-09-26'),
(105, 53, 'HADRADIANCE2400BK', 2, 5700000, 6290000, 12, 684000, 12580000, '2023-09-27'),
(106, 53, 'SPKWOBURN3', 3, 989000, 1115000, 15, 148350, 3345000, '2023-09-27'),
(107, 54, 'SPKSTANMORE3', 2, 679000, 759000, 13, 88270, 1518000, '2023-09-27'),
(108, 54, 'HDSQCULTRA', 3, 459000, 499000, 9, 41310, 1497000, '2023-09-27'),
(109, 55, 'HDSBEPLAYEX', 2, 459000, 509000, 10, 45900, 1018000, '2023-09-28'),
(110, 55, 'SPKBESOUNDBALANCE', 3, 4290000, 4699000, 11, 471900, 14097000, '2023-09-28'),
(111, 56, 'SPKAURAS4BK', 2, 289000, 339000, 10, 28900, 678000, '2023-09-28'),
(112, 56, 'SPKBESOUNDA9', 3, 4790000, 5399000, 12, 574800, 16197000, '2023-09-28'),
(113, 57, 'SPKACTON3', 2, 479000, 589000, 15, 71850, 1178000, '2023-09-29'),
(114, 57, 'SPKSTICKS4BK', 3, 399000, 459000, 12, 47880, 1377000, '2023-09-29'),
(115, 58, 'HADRADIANCE2400BK', 2, 5700000, 6290000, 12, 684000, 12580000, '2023-09-29'),
(116, 58, 'SPKWOBURN3', 3, 989000, 1115000, 15, 148350, 3345000, '2023-09-29'),
(117, 59, 'SPKSTANMORE3', 2, 679000, 759000, 13, 88270, 1518000, '2023-09-30'),
(118, 59, 'HDSQCULTRA', 3, 459000, 499000, 9, 41310, 1497000, '2023-09-30'),
(119, 60, 'HDSBEPLAYEX', 2, 459000, 509000, 10, 45900, 1018000, '2023-09-30'),
(120, 60, 'SPKBESOUNDBALANCE', 3, 4290000, 4699000, 11, 471900, 14097000, '2023-09-30'),
(121, 61, 'SPKAURAS4BK', 2, 289000, 339000, 10, 28900, 678000, '2023-10-01'),
(122, 61, 'SPKBESOUNDA9', 3, 4790000, 5399000, 12, 574800, 16197000, '2023-10-01'),
(123, 62, 'SPKACTON3', 2, 479000, 589000, 15, 71850, 1178000, '2023-10-01'),
(124, 62, 'SPKSTICKS4BK', 3, 399000, 459000, 12, 47880, 1377000, '2023-10-01'),
(125, 63, 'HADRADIANCE2400BK', 2, 5700000, 6290000, 12, 684000, 12580000, '2023-10-02'),
(126, 63, 'SPKWOBURN3', 3, 989000, 1115000, 15, 148350, 3345000, '2023-10-02'),
(127, 64, 'SPKSTANMORE3', 2, 679000, 759000, 13, 88270, 1518000, '2023-10-02'),
(128, 64, 'HDSQCULTRA', 3, 459000, 499000, 9, 41310, 1497000, '2023-10-02'),
(129, 65, 'HDSBEPLAYEX', 2, 459000, 509000, 10, 45900, 1018000, '2023-10-03'),
(130, 65, 'SPKBESOUNDBALANCE', 3, 4290000, 4699000, 11, 471900, 14097000, '2023-10-03'),
(131, 66, 'SPKAURAS4BK', 2, 289000, 339000, 10, 28900, 678000, '2023-10-03'),
(132, 66, 'SPKBESOUNDA9', 3, 4790000, 5399000, 12, 574800, 16197000, '2023-10-03'),
(133, 67, 'SPKACTON3', 2, 479000, 589000, 15, 71850, 1178000, '2023-10-04'),
(134, 67, 'SPKSTICKS4BK', 3, 399000, 459000, 12, 47880, 1377000, '2023-10-04'),
(135, 68, 'HADRADIANCE2400BK', 2, 5700000, 6290000, 12, 684000, 12580000, '2023-10-04'),
(136, 68, 'SPKWOBURN3', 3, 989000, 1115000, 15, 148350, 3345000, '2023-10-04'),
(137, 69, 'SPKSTANMORE3', 2, 679000, 759000, 13, 88270, 1518000, '2023-10-05'),
(138, 69, 'HDSQCULTRA', 3, 459000, 499000, 9, 41310, 1497000, '2023-10-05'),
(139, 70, 'HDSBEPLAYEX', 2, 459000, 509000, 10, 45900, 1018000, '2023-10-05'),
(140, 70, 'SPKBESOUNDBALANCE', 3, 4290000, 4699000, 11, 471900, 14097000, '2023-10-05'),
(141, 71, 'SPKAURAS4BK', 2, 289000, 339000, 10, 28900, 678000, '2023-10-06'),
(142, 71, 'SPKBESOUNDA9', 3, 4790000, 5399000, 12, 574800, 16197000, '2023-10-06'),
(143, 72, 'SPKACTON3', 2, 479000, 589000, 15, 71850, 1178000, '2023-10-06'),
(144, 72, 'SPKSTICKS4BK', 3, 399000, 459000, 12, 47880, 1377000, '2023-10-06'),
(145, 73, 'HADRADIANCE2400BK', 2, 5700000, 6290000, 12, 684000, 12580000, '2023-10-07'),
(146, 73, 'SPKWOBURN3', 3, 989000, 1115000, 15, 148350, 3345000, '2023-10-07'),
(147, 74, 'SPKSTANMORE3', 2, 679000, 759000, 13, 88270, 1518000, '2023-10-07'),
(148, 74, 'HDSQCULTRA', 3, 459000, 499000, 9, 41310, 1497000, '2023-10-07'),
(149, 75, 'HDSBEPLAYEX', 2, 459000, 509000, 10, 45900, 1018000, '2023-10-08'),
(150, 75, 'SPKBESOUNDBALANCE', 3, 4290000, 4699000, 11, 471900, 14097000, '2023-10-08'),
(151, 76, 'SPKAURAS4BK', 2, 289000, 339000, 10, 28900, 678000, '2023-10-08'),
(152, 76, 'SPKBESOUNDA9', 3, 4790000, 5399000, 12, 574800, 16197000, '2023-10-08'),
(153, 77, 'SPKACTON3', 2, 479000, 589000, 15, 71850, 1178000, '2023-10-09'),
(154, 77, 'SPKSTICKS4BK', 3, 399000, 459000, 12, 47880, 1377000, '2023-10-09'),
(155, 78, 'HADRADIANCE2400BK', 2, 5700000, 6290000, 12, 684000, 12580000, '2023-10-09'),
(156, 78, 'SPKWOBURN3', 3, 989000, 1115000, 15, 148350, 3345000, '2023-10-09'),
(157, 79, 'SPKSTANMORE3', 2, 679000, 759000, 13, 88270, 1518000, '2023-10-10'),
(158, 79, 'HDSQCULTRA', 3, 459000, 499000, 9, 41310, 1497000, '2023-10-10'),
(159, 80, 'HDSBEPLAYEX', 2, 459000, 509000, 10, 45900, 1018000, '2023-10-10'),
(160, 80, 'SPKBESOUNDBALANCE', 3, 4290000, 4699000, 11, 471900, 14097000, '2023-10-10'),
(161, 81, 'SPKAURAS4BK', 2, 289000, 339000, 10, 28900, 678000, '2023-10-11'),
(162, 81, 'SPKBESOUNDA9', 3, 4790000, 5399000, 12, 574800, 16197000, '2023-10-11'),
(163, 82, 'SPKACTON3', 2, 479000, 589000, 15, 71850, 1178000, '2023-10-11'),
(164, 82, 'SPKSTICKS4BK', 3, 399000, 459000, 12, 47880, 1377000, '2023-10-11'),
(165, 83, 'HADRADIANCE2400BK', 2, 5700000, 6290000, 12, 684000, 12580000, '2023-10-12'),
(166, 83, 'SPKWOBURN3', 3, 989000, 1115000, 15, 148350, 3345000, '2023-10-12'),
(167, 84, 'SPKSTANMORE3', 2, 679000, 759000, 13, 88270, 1518000, '2023-10-12'),
(168, 84, 'HDSQCULTRA', 3, 459000, 499000, 9, 41310, 1497000, '2023-10-12'),
(169, 85, 'HDSBEPLAYEX', 2, 459000, 509000, 10, 45900, 1018000, '2023-10-13'),
(170, 85, 'SPKBESOUNDBALANCE', 3, 4290000, 4699000, 11, 471900, 14097000, '2023-10-13'),
(171, 86, 'SPKAURAS4BK', 2, 289000, 339000, 10, 28900, 678000, '2023-10-13'),
(172, 86, 'SPKBESOUNDA9', 3, 4790000, 5399000, 12, 574800, 16197000, '2023-10-13'),
(173, 87, 'SPKACTON3', 2, 479000, 589000, 15, 71850, 1178000, '2023-10-14'),
(174, 87, 'SPKSTICKS4BK', 3, 399000, 459000, 12, 47880, 1377000, '2023-10-14'),
(175, 88, 'HADRADIANCE2400BK', 2, 5700000, 6290000, 12, 684000, 12580000, '2023-10-14'),
(176, 88, 'SPKWOBURN3', 3, 989000, 1115000, 15, 148350, 3345000, '2023-10-14'),
(177, 89, 'SPKSTANMORE3', 2, 679000, 759000, 13, 88270, 1518000, '2023-10-15'),
(178, 89, 'HDSQCULTRA', 3, 459000, 499000, 9, 41310, 1497000, '2023-10-15'),
(179, 90, 'HDSBEPLAYEX', 2, 459000, 509000, 10, 45900, 1018000, '2023-10-15'),
(180, 90, 'SPKBESOUNDBALANCE', 3, 4290000, 4699000, 11, 471900, 14097000, '2023-10-15'),
(181, 91, 'SPKAURAS4BK', 2, 289000, 339000, 10, 28900, 678000, '2023-10-16'),
(182, 91, 'SPKBESOUNDA9', 3, 4790000, 5399000, 12, 574800, 16197000, '2023-10-16'),
(183, 92, 'SPKACTON3', 2, 479000, 589000, 15, 71850, 1178000, '2023-10-16'),
(184, 92, 'SPKSTICKS4BK', 3, 399000, 459000, 12, 47880, 1377000, '2023-10-16'),
(185, 93, 'HADRADIANCE2400BK', 2, 5700000, 6290000, 12, 684000, 12580000, '2023-10-17'),
(186, 93, 'SPKWOBURN3', 3, 989000, 1115000, 15, 148350, 3345000, '2023-10-17'),
(187, 94, 'SPKSTANMORE3', 2, 679000, 759000, 13, 88270, 1518000, '2023-10-17'),
(188, 94, 'HDSQCULTRA', 3, 459000, 499000, 9, 41310, 1497000, '2023-10-17'),
(189, 95, 'HDSBEPLAYEX', 2, 459000, 509000, 10, 45900, 1018000, '2023-10-18'),
(190, 95, 'SPKBESOUNDBALANCE', 3, 4290000, 4699000, 11, 471900, 14097000, '2023-10-18'),
(191, 96, 'SPKAURAS4BK', 2, 289000, 339000, 10, 28900, 678000, '2023-10-18'),
(192, 96, 'SPKBESOUNDA9', 3, 4790000, 5399000, 12, 574800, 16197000, '2023-10-18'),
(193, 97, 'SPKACTON3', 2, 479000, 589000, 15, 71850, 1178000, '2023-10-19'),
(194, 97, 'SPKSTICKS4BK', 3, 399000, 459000, 12, 47880, 1377000, '2023-10-19'),
(195, 98, 'HADRADIANCE2400BK', 2, 5700000, 6290000, 12, 684000, 12580000, '2023-10-19'),
(196, 98, 'SPKWOBURN3', 3, 989000, 1115000, 15, 148350, 3345000, '2023-10-19'),
(197, 99, 'SPKSTANMORE3', 2, 679000, 759000, 13, 88270, 1518000, '2023-10-20'),
(198, 99, 'HDSQCULTRA', 3, 459000, 499000, 9, 41310, 1497000, '2023-10-20'),
(199, 100, 'HDSBEPLAYEX', 2, 459000, 509000, 10, 45900, 1018000, '2023-10-20'),
(200, 100, 'SPKBESOUNDBALANCE', 3, 4290000, 4699000, 11, 471900, 14097000, '2023-10-20'),
(201, 101, 'SPKAURAS4BK', 2, 289000, 339000, 10, 28900, 678000, '2023-10-21'),
(202, 101, 'SPKBESOUNDA9', 3, 4790000, 5399000, 12, 574800, 16197000, '2023-10-21'),
(203, 102, 'SPKACTON3', 2, 479000, 589000, 15, 71850, 1178000, '2023-10-21'),
(204, 102, 'SPKSTICKS4BK', 3, 399000, 459000, 12, 47880, 1377000, '2023-10-21'),
(205, 103, 'HADRADIANCE2400BK', 2, 5700000, 6290000, 12, 684000, 12580000, '2023-10-22'),
(206, 103, 'SPKWOBURN3', 3, 989000, 1115000, 15, 148350, 3345000, '2023-10-22'),
(207, 104, 'SPKSTANMORE3', 2, 679000, 759000, 13, 88270, 1518000, '2023-10-22'),
(208, 104, 'HDSQCULTRA', 3, 459000, 499000, 9, 41310, 1497000, '2023-10-22'),
(209, 105, 'HDSBEPLAYEX', 2, 459000, 509000, 10, 45900, 1018000, '2023-10-23'),
(210, 105, 'SPKBESOUNDBALANCE', 3, 4290000, 4699000, 11, 471900, 14097000, '2023-10-23'),
(211, 106, 'SPKAURAS4BK', 2, 289000, 339000, 10, 28900, 678000, '2023-10-23'),
(212, 106, 'SPKBESOUNDA9', 3, 4790000, 5399000, 12, 574800, 16197000, '2023-10-23'),
(213, 107, 'SPKACTON3', 2, 479000, 589000, 15, 71850, 1178000, '2023-10-24'),
(214, 107, 'SPKSTICKS4BK', 3, 399000, 459000, 12, 47880, 1377000, '2023-10-24'),
(215, 108, 'HADRADIANCE2400BK', 2, 5700000, 6290000, 12, 684000, 12580000, '2023-10-24'),
(216, 108, 'SPKWOBURN3', 3, 989000, 1115000, 15, 148350, 3345000, '2023-10-24'),
(217, 109, 'SPKSTANMORE3', 2, 679000, 759000, 13, 88270, 1518000, '2023-10-25'),
(218, 109, 'HDSQCULTRA', 3, 459000, 499000, 9, 41310, 1497000, '2023-10-25'),
(219, 110, 'HDSBEPLAYEX', 2, 459000, 509000, 10, 45900, 1018000, '2023-10-25'),
(220, 110, 'SPKBESOUNDBALANCE', 3, 4290000, 4699000, 11, 471900, 14097000, '2023-10-25'),
(221, 111, 'SPKAURAS4BK', 2, 289000, 339000, 10, 28900, 678000, '2023-10-26'),
(222, 111, 'SPKBESOUNDA9', 3, 4790000, 5399000, 12, 574800, 16197000, '2023-10-26'),
(223, 112, 'SPKACTON3', 2, 479000, 589000, 15, 71850, 1178000, '2023-10-26'),
(224, 112, 'SPKSTICKS4BK', 3, 399000, 459000, 12, 47880, 1377000, '2023-10-26'),
(225, 113, 'HADRADIANCE2400BK', 2, 5700000, 6290000, 12, 684000, 12580000, '2023-10-27'),
(226, 113, 'SPKWOBURN3', 3, 989000, 1115000, 15, 148350, 3345000, '2023-10-27'),
(227, 114, 'SPKSTANMORE3', 2, 679000, 759000, 13, 88270, 1518000, '2023-10-27'),
(228, 114, 'HDSQCULTRA', 3, 459000, 499000, 9, 41310, 1497000, '2023-10-27'),
(229, 115, 'HDSBEPLAYEX', 2, 459000, 509000, 10, 45900, 1018000, '2023-10-28'),
(230, 115, 'SPKBESOUNDBALANCE', 3, 4290000, 4699000, 11, 471900, 14097000, '2023-10-28'),
(231, 116, 'SPKAURAS4BK', 2, 289000, 339000, 10, 28900, 678000, '2023-10-28'),
(232, 116, 'SPKBESOUNDA9', 3, 4790000, 5399000, 12, 574800, 16197000, '2023-10-28'),
(233, 117, 'SPKACTON3', 2, 479000, 589000, 15, 71850, 1178000, '2023-10-29'),
(234, 117, 'SPKSTICKS4BK', 3, 399000, 459000, 12, 47880, 1377000, '2023-10-29'),
(235, 118, 'HADRADIANCE2400BK', 2, 5700000, 6290000, 12, 684000, 12580000, '2023-10-29'),
(236, 118, 'SPKWOBURN3', 3, 989000, 1115000, 15, 148350, 3345000, '2023-10-29'),
(237, 119, 'SPKSTANMORE3', 2, 679000, 759000, 13, 88270, 1518000, '2023-10-30'),
(238, 119, 'HDSQCULTRA', 3, 459000, 499000, 9, 41310, 1497000, '2023-10-30'),
(239, 120, 'HDSBEPLAYEX', 2, 459000, 509000, 10, 45900, 1018000, '2023-10-30'),
(240, 120, 'SPKBESOUNDBALANCE', 3, 4290000, 4699000, 11, 471900, 14097000, '2023-10-30'),
(241, 121, 'SPKAURAS4BK', 2, 289000, 339000, 10, 28900, 678000, '2023-10-31'),
(242, 121, 'SPKBESOUNDA9', 3, 4790000, 5399000, 12, 574800, 16197000, '2023-10-31'),
(243, 122, 'SPKACTON3', 2, 479000, 589000, 15, 71850, 1178000, '2023-10-31'),
(244, 122, 'SPKSTICKS4BK', 3, 399000, 459000, 12, 47880, 1377000, '2023-10-31'),
(245, 123, 'HADRADIANCE2400BK', 2, 5700000, 6290000, 12, 684000, 12580000, '2023-11-01'),
(246, 123, 'SPKWOBURN3', 3, 989000, 1115000, 15, 148350, 3345000, '2023-11-01'),
(247, 124, 'SPKSTANMORE3', 2, 679000, 759000, 13, 88270, 1518000, '2023-11-01'),
(248, 124, 'HDSQCULTRA', 3, 459000, 499000, 9, 41310, 1497000, '2023-11-01'),
(249, 125, 'HDSBEPLAYEX', 2, 459000, 509000, 10, 45900, 1018000, '2023-11-02'),
(250, 125, 'SPKBESOUNDBALANCE', 3, 4290000, 4699000, 11, 471900, 14097000, '2023-11-02'),
(251, 126, 'SPKAURAS4BK', 2, 289000, 339000, 10, 28900, 678000, '2023-11-02'),
(252, 126, 'SPKBESOUNDA9', 3, 4790000, 5399000, 12, 574800, 16197000, '2023-11-02'),
(253, 127, 'SPKACTON3', 2, 479000, 589000, 15, 71850, 1178000, '2023-11-03'),
(254, 127, 'SPKSTICKS4BK', 3, 399000, 459000, 12, 47880, 1377000, '2023-11-03'),
(255, 128, 'HADRADIANCE2400BK', 2, 5700000, 6290000, 12, 684000, 12580000, '2023-11-03'),
(256, 128, 'SPKWOBURN3', 3, 989000, 1115000, 15, 148350, 3345000, '2023-11-03'),
(257, 129, 'SPKSTANMORE3', 2, 679000, 759000, 13, 88270, 1518000, '2023-11-04'),
(258, 129, 'HDSQCULTRA', 3, 459000, 499000, 9, 41310, 1497000, '2023-11-04'),
(259, 130, 'HDSBEPLAYEX', 2, 459000, 509000, 10, 45900, 1018000, '2023-11-04'),
(260, 130, 'SPKBESOUNDBALANCE', 3, 4290000, 4699000, 11, 471900, 14097000, '2023-11-04'),
(261, 131, 'SPKAURAS4BK', 2, 289000, 339000, 10, 28900, 678000, '2023-11-05'),
(262, 131, 'SPKBESOUNDA9', 3, 4790000, 5399000, 12, 574800, 16197000, '2023-11-05'),
(263, 132, 'SPKACTON3', 2, 479000, 589000, 15, 71850, 1178000, '2023-11-05'),
(264, 132, 'SPKSTICKS4BK', 3, 399000, 459000, 12, 47880, 1377000, '2023-11-05'),
(265, 133, 'HADRADIANCE2400BK', 2, 5700000, 6290000, 12, 684000, 12580000, '2023-11-06'),
(266, 133, 'SPKWOBURN3', 3, 989000, 1115000, 15, 148350, 3345000, '2023-11-06'),
(267, 134, 'SPKSTANMORE3', 2, 679000, 759000, 13, 88270, 1518000, '2023-11-06'),
(268, 134, 'HDSQCULTRA', 3, 459000, 499000, 9, 41310, 1497000, '2023-11-06'),
(269, 135, 'HDSBEPLAYEX', 2, 459000, 509000, 10, 45900, 1018000, '2023-11-07'),
(270, 135, 'SPKBESOUNDBALANCE', 3, 4290000, 4699000, 11, 471900, 14097000, '2023-11-07'),
(271, 136, 'SPKAURAS4BK', 2, 289000, 339000, 10, 28900, 678000, '2023-11-07'),
(272, 136, 'SPKBESOUNDA9', 3, 4790000, 5399000, 12, 574800, 16197000, '2023-11-07'),
(273, 137, 'SPKACTON3', 2, 479000, 589000, 15, 71850, 1178000, '2023-11-08'),
(274, 137, 'SPKSTICKS4BK', 3, 399000, 459000, 12, 47880, 1377000, '2023-11-08'),
(275, 138, 'HADRADIANCE2400BK', 2, 5700000, 6290000, 12, 684000, 12580000, '2023-11-08'),
(276, 138, 'SPKWOBURN3', 3, 989000, 1115000, 15, 148350, 3345000, '2023-11-08'),
(277, 139, 'SPKSTANMORE3', 2, 679000, 759000, 13, 88270, 1518000, '2023-11-09'),
(278, 139, 'HDSQCULTRA', 3, 459000, 499000, 9, 41310, 1497000, '2023-11-09'),
(279, 140, 'HDSBEPLAYEX', 2, 459000, 509000, 10, 45900, 1018000, '2023-11-09'),
(280, 140, 'SPKBESOUNDBALANCE', 3, 4290000, 4699000, 11, 471900, 14097000, '2023-11-09'),
(281, 141, 'SPKAURAS4BK', 2, 289000, 339000, 10, 28900, 678000, '2023-11-10'),
(282, 141, 'SPKBESOUNDA9', 3, 4790000, 5399000, 12, 574800, 16197000, '2023-11-10'),
(283, 142, 'SPKACTON3', 2, 479000, 589000, 15, 71850, 1178000, '2023-11-10'),
(284, 142, 'SPKSTICKS4BK', 3, 399000, 459000, 12, 47880, 1377000, '2023-11-10'),
(285, 143, 'HADRADIANCE2400BK', 2, 5700000, 6290000, 12, 684000, 12580000, '2023-11-11'),
(286, 143, 'SPKWOBURN3', 3, 989000, 1115000, 15, 148350, 3345000, '2023-11-11'),
(287, 144, 'SPKSTANMORE3', 2, 679000, 759000, 13, 88270, 1518000, '2023-11-11'),
(288, 144, 'HDSQCULTRA', 3, 459000, 499000, 9, 41310, 1497000, '2023-11-11'),
(289, 145, 'HDSBEPLAYEX', 2, 459000, 509000, 10, 45900, 1018000, '2023-11-12'),
(290, 145, 'SPKBESOUNDBALANCE', 3, 4290000, 4699000, 11, 471900, 14097000, '2023-11-12'),
(291, 146, 'SPKAURAS4BK', 2, 289000, 339000, 10, 28900, 678000, '2023-11-12'),
(292, 146, 'SPKBESOUNDA9', 3, 4790000, 5399000, 12, 574800, 16197000, '2023-11-12'),
(293, 147, 'SPKACTON3', 2, 479000, 589000, 15, 71850, 1178000, '2023-11-13'),
(294, 147, 'SPKSTICKS4BK', 3, 399000, 459000, 12, 47880, 1377000, '2023-11-13'),
(295, 148, 'HADRADIANCE2400BK', 2, 5700000, 6290000, 12, 684000, 12580000, '2023-11-13'),
(296, 148, 'SPKWOBURN3', 3, 989000, 1115000, 15, 148350, 3345000, '2023-11-13'),
(297, 149, 'SPKSTANMORE3', 2, 679000, 759000, 13, 88270, 1518000, '2023-11-14'),
(298, 149, 'HDSQCULTRA', 3, 459000, 499000, 9, 41310, 1497000, '2023-11-14'),
(299, 150, 'HDSBEPLAYEX', 2, 459000, 509000, 10, 45900, 1018000, '2023-11-14'),
(300, 150, 'SPKBESOUNDBALANCE', 3, 4290000, 4699000, 11, 471900, 14097000, '2023-11-14'),
(301, 151, 'SPKAURAS4BK', 2, 289000, 339000, 10, 28900, 678000, '2023-11-15'),
(302, 151, 'SPKBESOUNDA9', 3, 4790000, 5399000, 12, 574800, 16197000, '2023-11-15'),
(303, 152, 'SPKACTON3', 2, 479000, 589000, 15, 71850, 1178000, '2023-11-15'),
(304, 152, 'SPKSTICKS4BK', 3, 399000, 459000, 12, 47880, 1377000, '2023-11-15'),
(305, 153, 'HADRADIANCE2400BK', 2, 5700000, 6290000, 12, 684000, 12580000, '2023-11-16'),
(306, 153, 'SPKWOBURN3', 3, 989000, 1115000, 15, 148350, 3345000, '2023-11-16'),
(307, 154, 'SPKSTANMORE3', 2, 679000, 759000, 13, 88270, 1518000, '2023-11-16'),
(308, 154, 'HDSQCULTRA', 3, 459000, 499000, 9, 41310, 1497000, '2023-11-16'),
(309, 155, 'HDSBEPLAYEX', 2, 459000, 509000, 10, 45900, 1018000, '2023-11-17'),
(310, 155, 'SPKBESOUNDBALANCE', 3, 4290000, 4699000, 11, 471900, 14097000, '2023-11-17'),
(311, 156, 'SPKAURAS4BK', 2, 289000, 339000, 10, 28900, 678000, '2023-11-17'),
(312, 156, 'SPKBESOUNDA9', 3, 4790000, 5399000, 12, 574800, 16197000, '2023-11-17'),
(313, 157, 'SPKACTON3', 2, 479000, 589000, 15, 71850, 1178000, '2023-11-18'),
(314, 157, 'SPKSTICKS4BK', 3, 399000, 459000, 12, 47880, 1377000, '2023-11-18'),
(315, 158, 'HADRADIANCE2400BK', 2, 5700000, 6290000, 12, 684000, 12580000, '2023-11-18'),
(316, 158, 'SPKWOBURN3', 3, 989000, 1115000, 15, 148350, 3345000, '2023-11-18'),
(317, 159, 'SPKSTANMORE3', 2, 679000, 759000, 13, 88270, 1518000, '2023-11-19'),
(318, 159, 'HDSQCULTRA', 3, 459000, 499000, 9, 41310, 1497000, '2023-11-19'),
(319, 160, 'HDSBEPLAYEX', 2, 459000, 509000, 10, 45900, 1018000, '2023-11-19'),
(320, 160, 'SPKBESOUNDBALANCE', 3, 4290000, 4699000, 11, 471900, 14097000, '2023-11-19'),
(321, 161, 'SPKAURAS4BK', 2, 289000, 339000, 10, 28900, 678000, '2023-11-20'),
(322, 161, 'SPKBESOUNDA9', 3, 4790000, 5399000, 12, 574800, 16197000, '2023-11-20'),
(323, 162, 'SPKACTON3', 2, 479000, 589000, 15, 71850, 1178000, '2023-11-20'),
(324, 162, 'SPKSTICKS4BK', 3, 399000, 459000, 12, 47880, 1377000, '2023-11-20'),
(325, 163, 'HADRADIANCE2400BK', 2, 5700000, 6290000, 12, 684000, 12580000, '2023-11-21'),
(326, 163, 'SPKWOBURN3', 3, 989000, 1115000, 15, 148350, 3345000, '2023-11-21'),
(327, 164, 'SPKSTANMORE3', 2, 679000, 759000, 13, 88270, 1518000, '2023-11-21'),
(328, 164, 'HDSQCULTRA', 3, 459000, 499000, 9, 41310, 1497000, '2023-11-21'),
(329, 165, 'HDSBEPLAYEX', 2, 459000, 509000, 10, 45900, 1018000, '2023-11-22'),
(330, 165, 'SPKBESOUNDBALANCE', 3, 4290000, 4699000, 11, 471900, 14097000, '2023-11-22'),
(331, 166, 'SPKAURAS4BK', 2, 289000, 339000, 10, 28900, 678000, '2023-11-22'),
(332, 166, 'SPKBESOUNDA9', 3, 4790000, 5399000, 12, 574800, 16197000, '2023-11-22'),
(333, 167, 'SPKACTON3', 2, 479000, 589000, 15, 71850, 1178000, '2023-11-23'),
(334, 167, 'SPKSTICKS4BK', 3, 399000, 459000, 12, 47880, 1377000, '2023-11-23'),
(335, 168, 'HADRADIANCE2400BK', 2, 5700000, 6290000, 12, 684000, 12580000, '2023-11-23'),
(336, 168, 'SPKWOBURN3', 3, 989000, 1115000, 15, 148350, 3345000, '2023-11-23'),
(337, 169, 'SPKSTANMORE3', 2, 679000, 759000, 13, 88270, 1518000, '2023-11-24'),
(338, 169, 'HDSQCULTRA', 3, 459000, 499000, 9, 41310, 1497000, '2023-11-24'),
(339, 170, 'HDSBEPLAYEX', 2, 459000, 509000, 10, 45900, 1018000, '2023-11-24'),
(340, 170, 'SPKBESOUNDBALANCE', 3, 4290000, 4699000, 11, 471900, 14097000, '2023-11-24'),
(341, 171, 'SPKAURAS4BK', 2, 289000, 339000, 10, 28900, 678000, '2023-11-25'),
(342, 171, 'SPKBESOUNDA9', 3, 4790000, 5399000, 12, 574800, 16197000, '2023-11-25'),
(343, 172, 'SPKACTON3', 2, 479000, 589000, 15, 71850, 1178000, '2023-11-25'),
(344, 172, 'SPKSTICKS4BK', 3, 399000, 459000, 12, 47880, 1377000, '2023-11-25'),
(345, 173, 'HADRADIANCE2400BK', 2, 5700000, 6290000, 12, 684000, 12580000, '2023-11-26'),
(346, 173, 'SPKWOBURN3', 3, 989000, 1115000, 15, 148350, 3345000, '2023-11-26'),
(347, 174, 'SPKSTANMORE3', 2, 679000, 759000, 13, 88270, 1518000, '2023-11-26'),
(348, 174, 'HDSQCULTRA', 3, 459000, 499000, 9, 41310, 1497000, '2023-11-26'),
(349, 175, 'HDSBEPLAYEX', 2, 459000, 509000, 10, 45900, 1018000, '2023-11-27'),
(350, 175, 'SPKBESOUNDBALANCE', 3, 4290000, 4699000, 11, 471900, 14097000, '2023-11-27'),
(351, 176, 'SPKAURAS4BK', 2, 289000, 339000, 10, 28900, 678000, '2023-11-27'),
(352, 176, 'SPKBESOUNDA9', 3, 4790000, 5399000, 12, 574800, 16197000, '2023-11-27'),
(353, 177, 'SPKACTON3', 2, 479000, 589000, 15, 71850, 1178000, '2023-11-28'),
(354, 177, 'SPKSTICKS4BK', 3, 399000, 459000, 12, 47880, 1377000, '2023-11-28'),
(355, 178, 'HADRADIANCE2400BK', 2, 5700000, 6290000, 12, 684000, 12580000, '2023-11-28'),
(356, 178, 'SPKWOBURN3', 3, 989000, 1115000, 15, 148350, 3345000, '2023-11-28'),
(357, 179, 'SPKSTANMORE3', 2, 679000, 759000, 13, 88270, 1518000, '2023-11-29'),
(358, 179, 'HDSQCULTRA', 3, 459000, 499000, 9, 41310, 1497000, '2023-11-29'),
(359, 180, 'HDSBEPLAYEX', 2, 459000, 509000, 10, 45900, 1018000, '2023-11-29'),
(360, 180, 'SPKBESOUNDBALANCE', 3, 4290000, 4699000, 11, 471900, 14097000, '2023-11-29'),
(361, 181, 'SPKAURAS4BK', 2, 289000, 339000, 10, 28900, 678000, '2023-11-30'),
(362, 181, 'SPKBESOUNDA9', 3, 4790000, 5399000, 12, 574800, 16197000, '2023-11-30'),
(363, 182, 'SPKACTON3', 2, 479000, 589000, 15, 71850, 1178000, '2023-11-30'),
(364, 182, 'SPKSTICKS4BK', 3, 399000, 459000, 12, 47880, 1377000, '2023-11-30'),
(365, 183, 'HADRADIANCE2400BK', 2, 5700000, 6290000, 12, 684000, 12580000, '2023-12-01'),
(366, 183, 'SPKWOBURN3', 3, 989000, 1115000, 15, 148350, 3345000, '2023-12-01'),
(367, 184, 'SPKSTANMORE3', 2, 679000, 759000, 13, 88270, 1518000, '2023-12-01'),
(368, 184, 'HDSQCULTRA', 3, 459000, 499000, 9, 41310, 1497000, '2023-12-01');